question_id,mu,delta_se_variance,delta_se_mean_abs,delta_se_max_abs
bb_1013--62/62_852710.txt#0_0,0,0.00023769,0.017863555,0.035062071
bb_1013--62/62_852710.txt#0_0,0.5,0.00042305,0.021926614,0.045066853
bb_1013--62/62_852710.txt#0_0,1,0.000490024,0.029294025,0.053626232
bb_1013--62/62_852710.txt#0_0,2,0.000337697,0.018697824,0.03943533
bb_1080--112/112_854470.txt#0_0,0,0.000160534,0.01040933,0.025028673
bb_1080--112/112_854470.txt#0_0,0.5,0.000108671,0.007185938,0.013645827
bb_1080--112/112_854470.txt#0_0,1,6.91E-05,0.015672663,0.025246743
bb_1080--112/112_854470.txt#0_0,2,0.000414634,0.01431808,0.035793021
bb_1106--42/42_855085.txt#0_0,0,5.81E-34,1.74E-16,1.90E-16
bb_1106--42/42_855085.txt#0_0,0.5,6.81E-34,1.82E-16,2.09E-16
bb_1106--42/42_855085.txt#0_0,1,3.11E-34,1.69E-16,1.90E-16
bb_1106--42/42_855085.txt#0_0,2,2.15E-34,1.81E-16,1.97E-16
bb_1194--11/11_846390.txt#0_1,0,0.019030122,0.129900337,0.285582019
bb_1194--11/11_846390.txt#0_1,0.5,0.016772804,0.12163352,0.267469117
bb_1194--11/11_846390.txt#0_1,1,0.01695729,0.128045758,0.274668095
bb_1194--11/11_846390.txt#0_1,2,0.016936406,0.125761968,0.272153597
bb_1614--48/48_867787.txt#0_1,0,0.000441049,0.012488214,0.036270811
bb_1614--48/48_867787.txt#0_1,0.5,2.31E-05,0.004355962,0.008931095
bb_1614--48/48_867787.txt#0_1,1,3.77E-05,0.005767966,0.009411947
bb_1614--48/48_867787.txt#0_1,2,5.06E-05,0.016489835,0.021241143
bb_1626--74/74_774368.txt#0_0,0,0.007215979,0.08034146,0.17592057
bb_1626--74/74_774368.txt#0_0,0.5,0.007267001,0.079622567,0.175818191
bb_1626--74/74_774368.txt#0_0,1,0.007196485,0.072565292,0.169055355
bb_1626--74/74_774368.txt#0_0,2,0.007346137,0.077653641,0.174596909
bb_1960--194/194_648540.txt#0_1,0,2.91E-05,0.012222357,0.017910171
bb_1960--194/194_648540.txt#0_1,0.5,1.38E-05,0.007271672,0.010576116
bb_1960--194/194_648540.txt#0_1,1,0.000159498,0.015329078,0.02944285
bb_1960--194/194_648540.txt#0_1,2,1.03E-07,0.006466099,0.006811397
bb_1997--80/80_876537.txt#0_1,0,0.003656545,0.053109638,0.121391441
bb_1997--80/80_876537.txt#0_1,0.5,0.003770893,0.053880107,0.123442536
bb_1997--80/80_876537.txt#0_1,1,0.003419708,0.051993166,0.118129502
bb_1997--80/80_876537.txt#0_1,2,0.003732708,0.056159089,0.125153992
bb_200--50/50_834132.txt#0_2,0,0.003611398,0.05143314,0.119879374
bb_200--50/50_834132.txt#0_2,0.5,0.002851335,0.044333832,0.104779346
bb_200--50/50_834132.txt#0_2,1,0.001778994,0.030773902,0.079299196
bb_200--50/50_834132.txt#0_2,2,0.00157609,0.030936906,0.076331927
bb_2276--42/42_883302.txt#0_1,0,1.15E-34,1.63E-16,1.75E-16
bb_2276--42/42_883302.txt#0_1,0.5,4.22E-34,1.72E-16,1.93E-16
bb_2276--42/42_883302.txt#0_1,1,8.63E-36,1.87E-16,1.90E-16
bb_2276--42/42_883302.txt#0_1,2,2.77E-34,1.85E-16,2.03E-16
bb_320--142/142_2934494.txt#0_0,0,0.029137987,0.146647276,0.339925311
bb_320--142/142_2934494.txt#0_0,0.5,0.0276752,0.146282172,0.334503794
bb_320--142/142_2934494.txt#0_0,1,0.024104777,0.141060434,0.316873922
bb_320--142/142_2934494.txt#0_0,2,0.024919208,0.14307391,0.321733085
bb_3277--172/172_905779.txt#0_0,0,5.75E-05,0.011256201,0.019508359
bb_3277--172/172_905779.txt#0_0,0.5,0.000100568,0.0058959,0.017475602
bb_3277--172/172_905779.txt#0_0,1,6.64E-05,0.00668061,0.016035133
bb_3277--172/172_905779.txt#0_0,2,6.10E-06,0.00320848,0.005802018
bb_3301--62/62_294292.txt#0_1,0,0.000516868,0.017783083,0.043694359
bb_3301--62/62_294292.txt#0_1,0.5,0.000665209,0.024537304,0.053561381
bb_3301--62/62_294292.txt#0_1,1,0.000656218,0.023971928,0.052724806
bb_3301--62/62_294292.txt#0_1,2,0.000617312,0.023292728,0.051280029
bb_3732--157/157_915760.txt#0_0,0,0.000604932,0.024635081,0.052209065
bb_3732--157/157_915760.txt#0_0,0.5,0.000556655,0.025009342,0.051237692
bb_3732--157/157_915760.txt#0_0,1,0.000576445,0.024163775,0.051009772
bb_3732--157/157_915760.txt#0_0,2,0.000617222,0.024535542,0.052514317
bb_3805--121/121_2943039.txt#0_2,0,0.003053255,0.048106437,0.110868501
bb_3805--121/121_2943039.txt#0_2,0.5,0.002969583,0.042910373,0.104880033
bb_3805--121/121_2943039.txt#0_2,1,0.002619634,0.042026392,0.100345153
bb_3805--121/121_2943039.txt#0_2,2,0.003765621,0.053636694,0.123287889
bb_3892--168/168_918990.txt#0_0,0,0.022269499,0.125152528,0.294556441
bb_3892--168/168_918990.txt#0_0,0.5,0.022713602,0.129589778,0.300638241
bb_3892--168/168_918990.txt#0_0,1,0.021151259,0.140476794,0.304416494
bb_3892--168/168_918990.txt#0_0,2,0.025539603,0.147428959,0.327371598
bb_4368--85/85_456496.txt#0_2,0,2.79E-34,1.76E-16,1.95E-16
bb_4368--85/85_456496.txt#0_2,0.5,2.30E-34,1.79E-16,1.95E-16
bb_4368--85/85_456496.txt#0_2,1,8.18E-35,1.62E-16,1.69E-16
bb_4368--85/85_456496.txt#0_2,2,1.14E-33,1.68E-16,1.99E-16
bb_5116--124/124_2680471.txt#0_0,0,0.001119984,0.025799939,0.063917304
bb_5116--124/124_2680471.txt#0_0,0.5,0.000921936,0.02842761,0.063004686
bb_5116--124/124_2680471.txt#0_0,1,0.001410636,0.034727279,0.077331675
bb_5116--124/124_2680471.txt#0_0,2,0.00139562,0.0387206,0.080783491
bb_5507--150/150_954054.txt#0_1,0,5.10E-06,0.002079681,0.00443935
bb_5507--150/150_954054.txt#0_1,0.5,4.27E-05,0.014670872,0.020681337
bb_5507--150/150_954054.txt#0_1,1,0.000544272,0.020593331,0.047299755
bb_5507--150/150_954054.txt#0_1,2,4.42E-05,0.005499975,0.007487538
bb_618--61/61_2669551.txt#0_1,0,0.000455312,0.022747486,0.046098488
bb_618--61/61_2669551.txt#0_1,0.5,0.000444838,0.022640561,0.046058991
bb_618--61/61_2669551.txt#0_1,1,0.000207715,0.016785705,0.032211074
bb_618--61/61_2669551.txt#0_1,2,0.000373929,0.021215781,0.042456093
bb_6913--109/109_984790.txt#0_0,0,0.009626362,0.100350235,0.210589889
bb_6913--109/109_984790.txt#0_0,0.5,0.011142443,0.108513662,0.226321522
bb_6913--109/109_984790.txt#0_0,1,0.010450376,0.103632021,0.218205047
bb_6913--109/109_984790.txt#0_0,2,0.009425987,0.091782986,0.201402135
bb_6957--37/37_265768.txt#0_0,0,0.000361054,0.020799536,0.042546941
bb_6957--37/37_265768.txt#0_0,0.5,0.000561855,0.024470673,0.051223956
bb_6957--37/37_265768.txt#0_0,1,0.000165641,0.013132755,0.027805185
bb_6957--37/37_265768.txt#0_0,2,0.000172211,0.01009367,0.025135719
bb_7225--113/113_991549.txt#0_0,0,0.000128272,0.009332867,0.022376375
bb_7225--113/113_991549.txt#0_0,0.5,0.000185039,0.008367413,0.022019545
bb_7225--113/113_991549.txt#0_0,1,0.000187265,0.010914726,0.013361571
bb_7225--113/113_991549.txt#0_0,2,0.000290169,0.009865123,0.029413033
bb_7700--19/19_416201.txt#0_1,0,0.007176176,0.085374041,0.180128532
bb_7700--19/19_416201.txt#0_1,0.5,0.00945255,0.094734539,0.204042333
bb_7700--19/19_416201.txt#0_1,1,0.008793378,0.089151665,0.194690024
bb_7700--19/19_416201.txt#0_1,2,0.007741465,0.08688728,0.185386386
bb_7976--4/4_843121.txt#0_0,0,0.000865551,0.017442864,0.049465567
bb_7976--4/4_843121.txt#0_0,0.5,0.001125868,0.02860177,0.066989157
bb_7976--4/4_843121.txt#0_0,1,0.001573529,0.025661746,0.071457242
bb_7976--4/4_843121.txt#0_0,2,0.001353171,0.022444032,0.060013429
bb_8828--196/196_572064.txt#0_1,0,6.62E-34,6.25E-17,9.21E-17
bb_8828--196/196_572064.txt#0_1,0.5,9.00E-35,5.11E-17,6.00E-17
bb_8828--196/196_572064.txt#0_1,1,2.48E-34,5.66E-17,6.88E-17
bb_8828--196/196_572064.txt#0_1,2,1.80E-34,5.18E-17,6.22E-17
bb_8929--172/172_1033394.txt#0_0,0,0.005325466,0.059762329,0.142702791
bb_8929--172/172_1033394.txt#0_0,0.5,0.006535257,0.079263961,0.16999303
bb_8929--172/172_1033394.txt#0_0,1,0.003537933,0.053539793,0.120617065
bb_8929--172/172_1033394.txt#0_0,2,0.005359884,0.070228415,0.152732736
bb_9139--113/113_1038621.txt#0_1,0,0.026012291,0.169414944,0.349418831
bb_9139--113/113_1038621.txt#0_1,0.5,0.017716835,0.126610251,0.276385339
bb_9139--113/113_1038621.txt#0_1,1,0.023897432,0.152769598,0.326208311
bb_9139--113/113_1038621.txt#0_1,2,0.028394938,0.157851479,0.347523581
bb_9204--170/170_1040261.txt#0_2,0,3.58E-05,0.005604554,0.010871905
bb_9204--170/170_1040261.txt#0_2,0.5,0.000256654,0.009677665,0.026365243
bb_9204--170/170_1040261.txt#0_2,1,0.00029103,0.013496088,0.032954166
bb_9204--170/170_1040261.txt#0_2,2,0.000237239,0.01786482,0.035352882
bb_9463--32/32_2691228.txt#0_2,0,0.00360856,0.054120546,0.122232834
bb_9463--32/32_2691228.txt#0_2,0.5,0.003454784,0.052973097,0.11951476
bb_9463--32/32_2691228.txt#0_2,1,0.002750637,0.043422447,0.102868928
bb_9463--32/32_2691228.txt#0_2,2,0.003854314,0.056724163,0.126968836
bt_1031--61/61_537330.txt#0_0,0,0.020358212,0.125997082,0.287548398
bt_1031--61/61_537330.txt#0_0,0.5,0.025025757,0.138149658,0.317378768
bt_1031--61/61_537330.txt#0_0,1,0.020240687,0.122725197,0.284124709
bt_1031--61/61_537330.txt#0_0,2,0.021028478,0.127162205,0.29173081
bt_1265--Alan_Lake.txt#0_0,0,0.012239246,0.091168315,0.217061912
bt_1265--Alan_Lake.txt#0_0,0.5,0.01306741,0.101100473,0.230589095
bt_1265--Alan_Lake.txt#0_0,1,0.01042035,0.08631522,0.20238582
bt_1265--Alan_Lake.txt#0_0,2,0.013248482,0.102322298,0.232563502
bt_1509--135/135_2390355.txt#0_0,0,0.008610277,0.089627984,0.193966321
bt_1509--135/135_2390355.txt#0_0,0.5,0.011089889,0.099461703,0.21797043
bt_1509--135/135_2390355.txt#0_0,1,0.007663966,0.086133826,0.184083916
bt_1509--135/135_2390355.txt#0_0,2,0.009606695,0.089005381,0.19948955
bt_1538--42/42_1542499.txt#0_1,0,1.11E-07,0.000293394,0.000676861
bt_1538--42/42_1542499.txt#0_1,0.5,2.73E-06,0.001289604,0.00319623
bt_1538--42/42_1542499.txt#0_1,1,6.01E-06,0.003593814,0.006268004
bt_1538--42/42_1542499.txt#0_1,2,1.24E-08,0.00030855,0.000426774
bt_1811--193/193_2452704.txt#0_1,0,0.014820044,0.108556716,0.24648226
bt_1811--193/193_2452704.txt#0_1,0.5,0.015650328,0.102927006,0.245413487
bt_1811--193/193_2452704.txt#0_1,1,0.016990091,0.119994456,0.267436199
bt_1811--193/193_2452704.txt#0_1,2,0.019135774,0.104678607,0.262707626
bt_1811--193/193_2452704.txt#0_2,0,0.022915061,0.151376898,0.320724166
bt_1811--193/193_2452704.txt#0_2,0.5,0.022023121,0.141540999,0.308422847
bt_1811--193/193_2452704.txt#0_2,1,0.024278442,0.150004169,0.325157998
bt_1811--193/193_2452704.txt#0_2,2,0.021786251,0.133910672,0.299991362
bt_1833--26/26_2841025.txt#0_0,0,4.06E-06,0.00332088,0.005026505
bt_1833--26/26_2841025.txt#0_0,0.5,2.70E-05,0.005013634,0.010472014
bt_1833--26/26_2841025.txt#0_0,1,2.36E-05,0.013297473,0.018622718
bt_1833--26/26_2841025.txt#0_0,2,2.13E-05,0.003780451,0.009111635
bt_2066--111/111_2841537.txt#0_2,0,0.004262617,0.05574113,0.129762402
bt_2066--111/111_2841537.txt#0_2,0.5,0.003966269,0.049563105,0.120946254
bt_2066--111/111_2841537.txt#0_2,1,0.003390966,0.048300463,0.114585624
bt_2066--111/111_2841537.txt#0_2,2,0.004476514,0.057840034,0.13379758
bt_2178--180/180_535996.txt#0_2,0,0.021990646,0.136107944,0.30364557
bt_2178--180/180_535996.txt#0_2,0.5,0.019483658,0.120369526,0.278698841
bt_2178--180/180_535996.txt#0_2,1,0.018006466,0.127581928,0.278451198
bt_2178--180/180_535996.txt#0_2,2,0.017455978,0.123082528,0.272109835
bt_2235--118/118_319041.txt#0_0,0,2.65E-07,0.000769294,0.001275169
bt_2235--118/118_319041.txt#0_0,0.5,3.95E-05,0.006391045,0.013345991
bt_2235--118/118_319041.txt#0_0,1,3.94E-05,0.00487833,0.011484116
bt_2235--118/118_319041.txt#0_0,2,1.72E-05,0.003097109,0.007674594
bt_2646--138/138_2413763.txt#0_2,0,0.00124786,0.033591171,0.073226609
bt_2646--138/138_2413763.txt#0_2,0.5,0.001215423,0.034976778,0.073683789
bt_2646--138/138_2413763.txt#0_2,1,0.001348581,0.032248711,0.073615233
bt_2646--138/138_2413763.txt#0_2,2,0.001645291,0.037423764,0.083322198
bt_2892--150/150_2107251.txt#0_0,0,0.025369816,0.145234254,0.325471334
bt_2892--150/150_2107251.txt#0_0,0.5,0.023776713,0.143254571,0.317263767
bt_2892--150/150_2107251.txt#0_0,1,0.022802245,0.134411324,0.305446877
bt_2892--150/150_2107251.txt#0_0,2,0.022000989,0.133170263,0.301214194
bt_3044--15/15_470066.txt#0_1,0,0.007720971,0.078428463,0.17786778
bt_3044--15/15_470066.txt#0_1,0.5,0.006735167,0.072440213,0.16529218
bt_3044--15/15_470066.txt#0_1,1,0.008334838,0.075198554,0.178964638
bt_3044--15/15_470066.txt#0_1,2,0.009068785,0.082065575,0.190026459
bt_615--93/93_253274.txt#0_1,0,0.000222416,0.009085882,0.025717328
bt_615--93/93_253274.txt#0_1,0.5,0.001780345,0.032645173,0.080878825
bt_615--93/93_253274.txt#0_1,1,0.001284756,0.036890702,0.077469379
bt_615--93/93_253274.txt#0_1,2,0.001770491,0.031946506,0.080122171
dpql_1122--112/112_553537.txt#0_3,0,0.002335898,0.044761117,0.099545751
dpql_1122--112/112_553537.txt#0_3,0.5,0.002515377,0.042093386,0.098976268
dpql_1122--112/112_553537.txt#0_3,1,0.001993018,0.041081433,0.091323743
dpql_1122--112/112_553537.txt#0_3,2,0.00290151,0.053269414,0.113812426
dpql_1447--149/149_591689.txt#0_0,0,0.00028577,0.012178552,0.031534674
dpql_1447--149/149_591689.txt#0_0,0.5,0.000222621,0.013005979,0.029864761
dpql_1447--149/149_591689.txt#0_0,1,0.000269545,0.014985251,0.033517331
dpql_1447--149/149_591689.txt#0_0,2,9.50E-05,0.007248314,0.017818774
dpql_151--178/178_231745.txt#0_2,0,0.001097455,0.029176066,0.066540484
dpql_151--178/178_231745.txt#0_2,0.5,0.001120452,0.034515506,0.072194741
dpql_151--178/178_231745.txt#0_2,1,0.000488145,0.016014656,0.040022839
dpql_151--178/178_231745.txt#0_2,2,0.001292383,0.032543451,0.073533478
dpql_1783--160/160_2646247.txt#0_0,0,2.62E-34,1.73E-16,1.90E-16
dpql_1783--160/160_2646247.txt#0_0,0.5,3.48E-34,1.66E-16,1.82E-16
dpql_1783--160/160_2646247.txt#0_0,1,3.09E-34,1.91E-16,2.07E-16
dpql_1783--160/160_2646247.txt#0_0,2,3.34E-34,1.89E-16,2.00E-16
dpql_2064--32/32_2647072.txt#0_0,0,0.01510314,0.110721182,0.250299557
dpql_2064--32/32_2647072.txt#0_0,0.5,0.014227237,0.107014415,0.242063886
dpql_2064--32/32_2647072.txt#0_0,1,0.013509452,0.097821325,0.230318501
dpql_2064--32/32_2647072.txt#0_0,2,0.010699617,0.092140756,0.209374279
dpql_2287--128/128_614230.txt#0_0,0,0.00264245,0.030981911,0.085818294
dpql_2287--128/128_614230.txt#0_0,0.5,0.000889583,0.0189248,0.046544982
dpql_2287--128/128_614230.txt#0_0,1,0.001177534,0.02177625,0.053541076
dpql_2287--128/128_614230.txt#0_0,2,0.002025089,0.036628292,0.087818952
dpql_2287--128/128_614230.txt#0_1,0,0.002991308,0.035224167,0.097019037
dpql_2287--128/128_614230.txt#0_1,0.5,0.0028199,0.036589122,0.09759938
dpql_2287--128/128_614230.txt#0_1,1,0.003019499,0.049814741,0.112631307
dpql_2287--128/128_614230.txt#0_1,2,0.001609866,0.028337667,0.073964535
dpql_2291--49/49_614335.txt#0_0,0,0.004319799,0.046876612,0.122383393
dpql_2291--49/49_614335.txt#0_0,0.5,0.00752063,0.07580022,0.174555657
dpql_2291--49/49_614335.txt#0_0,1,0.007301306,0.071804553,0.169173491
dpql_2291--49/49_614335.txt#0_0,2,0.003908701,0.058369893,0.12938217
dpql_2455--24/24_81962.txt#0_0,0,0.021162218,0.138982813,0.302742804
dpql_2455--24/24_81962.txt#0_0,0.5,0.016777519,0.118944577,0.26507323
dpql_2455--24/24_81962.txt#0_0,1,0.014299025,0.104866614,0.240441956
dpql_2455--24/24_81962.txt#0_0,2,0.018170273,0.123969397,0.276375162
dpql_3121--176/176_546993.txt#0_1,0,1.14E-33,2.63E-16,2.85E-16
dpql_3121--176/176_546993.txt#0_1,0.5,6.08E-35,2.71E-16,2.79E-16
dpql_3121--176/176_546993.txt#0_1,1,3.74E-35,2.63E-16,2.70E-16
dpql_3121--176/176_546993.txt#0_1,2,1.19E-34,2.63E-16,2.70E-16
dpql_3467--85/85_645957.txt#0_1,0,0.021610881,0.130793108,0.297213626
dpql_3467--85/85_645957.txt#0_1,0.5,0.017284256,0.115752039,0.265154964
dpql_3467--85/85_645957.txt#0_1,1,0.016095441,0.116368171,0.259672361
dpql_3467--85/85_645957.txt#0_1,2,0.015683903,0.10925141,0.251394772
dpql_3579--194/194_311741.txt#0_1,0,0.01744224,0.114721853,0.263602019
dpql_3579--194/194_311741.txt#0_1,0.5,0.021189688,0.131098323,0.295614725
dpql_3579--194/194_311741.txt#0_1,1,0.024538519,0.155839359,0.331210277
dpql_3579--194/194_311741.txt#0_1,2,0.020348612,0.134315584,0.294962585
dpql_3600--123/123_649287.txt#0_1,0,0.009470957,0.086011016,0.196554043
dpql_3600--123/123_649287.txt#0_1,0.5,0.008811858,0.079445652,0.185975228
dpql_3600--123/123_649287.txt#0_1,1,0.010208255,0.086762375,0.201522798
dpql_3600--123/123_649287.txt#0_1,2,0.010079493,0.087222788,0.200930989
dpql_376--165/165_2911834.txt#0_2,0,0.001755154,0.035087608,0.082732693
dpql_376--165/165_2911834.txt#0_2,0.5,0.002613211,0.042081362,0.100263027
dpql_376--165/165_2911834.txt#0_2,1,0.003343577,0.049115445,0.114794514
dpql_376--165/165_2911834.txt#0_2,2,0.002483762,0.045618775,0.102443641
dpql_3949--142/142_1672963.txt#0_1,0,0.0117848,0.099698294,0.222252783
dpql_3949--142/142_1672963.txt#0_1,0.5,0.013421026,0.105946196,0.23686379
dpql_3949--142/142_1672963.txt#0_1,1,0.011228454,0.097260263,0.216975521
dpql_3949--142/142_1672963.txt#0_1,2,0.008857849,0.085590636,0.191809587
dpql_4205--53/53_60605.txt#0_0,0,0.008414663,0.08300442,0.186132133
dpql_4205--53/53_60605.txt#0_0,0.5,0.0141196,0.123041616,0.256617909
dpql_4205--53/53_60605.txt#0_0,1,0.019803511,0.127995537,0.287808443
dpql_4205--53/53_60605.txt#0_0,2,0.007831678,0.071651294,0.171441734
dpql_455--142/142_545804.txt#0_0,0,0.012658159,0.103604057,0.230619703
dpql_455--142/142_545804.txt#0_0,0.5,0.012919198,0.103358724,0.232153504
dpql_455--142/142_545804.txt#0_0,1,0.011316622,0.101592085,0.221484569
dpql_455--142/142_545804.txt#0_0,2,0.011040068,0.099083379,0.217268286
dpql_4709--117/117_679477.txt#0_0,0,0.01073373,0.094770332,0.211808624
dpql_4709--117/117_679477.txt#0_0,0.5,0.010143677,0.095612401,0.208928772
dpql_4709--117/117_679477.txt#0_0,1,0.012063199,0.099632767,0.223851228
dpql_4709--117/117_679477.txt#0_0,2,0.012473668,0.105519185,0.231480327
dpql_4975--25/25_686725.txt#0_0,0,4.13E-05,0.007030704,0.014092304
dpql_4975--25/25_686725.txt#0_0,0.5,2.10E-05,0.004196356,0.008812703
dpql_4975--25/25_686725.txt#0_0,1,2.81E-05,0.006359114,0.012148236
dpql_4975--25/25_686725.txt#0_0,2,3.75E-05,0.009117962,0.015261763
dpql_5156--28/28_691416.txt#0_2,0,4.50E-07,0.001712994,0.002318964
dpql_5156--28/28_691416.txt#0_2,0.5,7.30E-06,0.003879596,0.006402894
dpql_5156--28/28_691416.txt#0_2,1,1.18E-05,0.00437846,0.008194451
dpql_5156--28/28_691416.txt#0_2,2,1.79E-05,0.004642656,0.009429989
dpql_5351--130/130_201583.txt#0_0,0,0.017973275,0.119622628,0.271040721
dpql_5351--130/130_201583.txt#0_0,0.5,0.020950765,0.130318995,0.293799942
dpql_5351--130/130_201583.txt#0_0,1,0.015370193,0.111590342,0.251621632
dpql_5351--130/130_201583.txt#0_0,2,0.020086254,0.12832515,0.28822274
dpql_5497--118/118_700447.txt#0_0,0,0.002383228,0.040529557,0.096098401
dpql_5497--118/118_700447.txt#0_0,0.5,0.003134891,0.046951863,0.110629041
dpql_5497--118/118_700447.txt#0_0,1,0.00306614,0.04448843,0.107680704
dpql_5497--118/118_700447.txt#0_0,2,0.002538239,0.041161724,0.098715468
dpql_5542--101/101_701718.txt#0_2,0,0.029369342,0.1579362,0.351510832
dpql_5542--101/101_701718.txt#0_2,0.5,0.036315846,0.180664928,0.394961026
dpql_5542--101/101_701718.txt#0_2,1,0.033641297,0.152529916,0.360865397
dpql_5542--101/101_701718.txt#0_2,2,0.032896926,0.162486867,0.36697127
dpql_5912--30/30_711491.txt#0_0,0,0.006582106,0.083968861,0.174706791
dpql_5912--30/30_711491.txt#0_0,0.5,0.008254615,0.079687852,0.182491137
dpql_5912--30/30_711491.txt#0_0,1,0.010785413,0.09240161,0.209665301
dpql_5912--30/30_711491.txt#0_0,2,0.007791112,0.070794021,0.171113079
dpql_971--13/13_577956.txt#0_0,0,0.001781581,0.037531276,0.085280952
dpql_971--13/13_577956.txt#0_0,0.5,0.002124906,0.041239455,0.093627386
dpql_971--13/13_577956.txt#0_0,1,0.001297941,0.027001184,0.068341815
dpql_971--13/13_577956.txt#0_0,2,0.000911133,0.021422715,0.0395647
jp_1058--65/65_66511.txt#0_2,0,3.22E-33,2.49E-16,2.90E-16
jp_1058--65/65_66511.txt#0_2,0.5,3.73E-34,2.44E-16,2.65E-16
jp_1058--65/65_66511.txt#0_2,1,8.10E-34,2.54E-16,2.84E-16
jp_1058--65/65_66511.txt#0_2,2,1.14E-33,2.50E-16,2.86E-16
jp_1299--110/110_771432.txt#0_1,0,1.71E-05,0.009258734,0.013207169
jp_1299--110/110_771432.txt#0_1,0.5,0.000147923,0.016106327,0.029277346
jp_1299--110/110_771432.txt#0_1,1,1.07E-05,0.002300779,0.004523827
jp_1299--110/110_771432.txt#0_1,2,7.20E-05,0.011591742,0.020444909
jp_1391--61/61_1385217.txt#0_1,0,0.000299484,0.021070033,0.040767329
jp_1391--61/61_1385217.txt#0_1,0.5,0.000133993,0.009021495,0.011879906
jp_1391--61/61_1385217.txt#0_1,1,0.000334717,0.018629327,0.039092315
jp_1391--61/61_1385217.txt#0_1,2,0.000405774,0.018270103,0.040914243
jp_1414--178/178_269111.txt#0_1,0,4.71E-34,1.53E-16,1.71E-16
jp_1414--178/178_269111.txt#0_1,0.5,5.43E-34,1.58E-16,1.84E-16
jp_1414--178/178_269111.txt#0_1,1,8.04E-34,1.54E-16,1.83E-16
jp_1414--178/178_269111.txt#0_1,2,1.34E-34,1.47E-16,1.57E-16
jp_1511--132/132_1375093.txt#0_0,0,7.29E-08,0.009379919,0.009548426
jp_1511--132/132_1375093.txt#0_0,0.5,5.14E-05,0.011253816,0.01767678
jp_1511--132/132_1375093.txt#0_0,1,0.000140195,0.021007954,0.029533677
jp_1511--132/132_1375093.txt#0_0,2,0.000441837,0.036645966,0.055847744
jp_1630--10/10_1391268.txt#0_1,0,0.004658629,0.061350196,0.138711274
jp_1630--10/10_1391268.txt#0_1,0.5,0.004462732,0.059780505,0.135536457
jp_1630--10/10_1391268.txt#0_1,1,0.003938346,0.0542681,0.12554744
jp_1630--10/10_1391268.txt#0_1,2,0.004131627,0.055859409,0.12903194
jp_1634--21/21_1391342.txt#0_0,0,0.004010691,0.042866911,0.115662909
jp_1634--21/21_1391342.txt#0_0,0.5,0.003588334,0.040215592,0.109085899
jp_1634--21/21_1391342.txt#0_0,1,0.003849692,0.037676571,0.105419696
jp_1634--21/21_1391342.txt#0_0,2,0.00326509,0.044905249,0.11010365
jp_1819--183/183_300683.txt#0_0,0,0.000361496,0.019770621,0.041168933
jp_1819--183/183_300683.txt#0_0,0.5,0.000125214,0.011880027,0.024597055
jp_1819--183/183_300683.txt#0_0,1,0.000137883,0.014013446,0.027300599
jp_1819--183/183_300683.txt#0_0,2,0.000306394,0.017802088,0.037557015
jp_2085--58/58_325202.txt#0_1,0,0.007994073,0.081655015,0.18268139
jp_2085--58/58_325202.txt#0_1,0.5,0.007460517,0.071570148,0.1695419
jp_2085--58/58_325202.txt#0_1,1,0.010894335,0.094765505,0.213027662
jp_2085--58/58_325202.txt#0_1,2,0.010899093,0.089799983,0.208074215
jp_2368--22/22_1179904.txt#0_1,0,6.90E-05,0.009146527,0.01864327
jp_2368--22/22_1179904.txt#0_1,0.5,0.000181855,0.010161917,0.025464721
jp_2368--22/22_1179904.txt#0_1,1,0.000205029,0.014120661,0.030198631
jp_2368--22/22_1179904.txt#0_1,2,0.000201471,0.013195114,0.029164802
jp_2490--7/7_1413067.txt#0_0,0,0.001153966,0.028307126,0.066641157
jp_2490--7/7_1413067.txt#0_0,0.5,0.002176284,0.046203844,0.098993223
jp_2490--7/7_1413067.txt#0_0,1,0.001447439,0.029402884,0.07284062
jp_2490--7/7_1413067.txt#0_0,2,0.002020398,0.041643747,0.092557438
jp_2683--186/186_1418025.txt#0_2,0,7.36E-06,0.004627932,0.007731236
jp_2683--186/186_1418025.txt#0_2,0.5,0.000185416,0.023714611,0.037667284
jp_2683--186/186_1418025.txt#0_2,1,0.000438293,0.026181966,0.048717891
jp_2683--186/186_1418025.txt#0_2,2,0.000227214,0.01690872,0.033483865
jp_2940--195/195_1424532.txt#0_1,0,0.001195721,0.022112584,0.062007586
jp_2940--195/195_1424532.txt#0_1,0.5,0.001798183,0.043401767,0.091616327
jp_2940--195/195_1424532.txt#0_1,1,0.000801146,0.022016239,0.054495029
jp_2940--195/195_1424532.txt#0_1,2,0.001050651,0.02459271,0.061661831
jp_3026--138/138_366909.txt#0_2,0,0.001802874,0.050153194,0.097119841
jp_3026--138/138_366909.txt#0_2,0.5,0.001807933,0.046819991,0.093844786
jp_3026--138/138_366909.txt#0_2,1,0.001440588,0.035802879,0.078386123
jp_3026--138/138_366909.txt#0_2,2,0.001897949,0.04622729,0.094665543
jp_3059--26/26_1399947.txt#0_1,0,5.61E-05,0.00453805,0.012318411
jp_3059--26/26_1399947.txt#0_1,0.5,5.13E-06,0.001445899,0.00339214
jp_3059--26/26_1399947.txt#0_1,1,6.00E-06,0.001855791,0.002713513
jp_3059--26/26_1399947.txt#0_1,2,6.24E-06,0.001772134,0.003278744
jp_3234--33/33_1767595.txt#0_0,0,0.022510229,0.128158715,0.298265454
jp_3234--33/33_1767595.txt#0_0,0.5,0.019733701,0.147451335,0.304511601
jp_3234--33/33_1767595.txt#0_0,1,0.021517637,0.140936452,0.306382014
jp_3234--33/33_1767595.txt#0_0,2,0.021764741,0.129812558,0.297114587
jp_3304--119/119_1433184.txt#0_0,0,0.004293403,0.049480254,0.124872938
jp_3304--119/119_1433184.txt#0_0,0.5,0.00285125,0.039010348,0.099125493
jp_3304--119/119_1433184.txt#0_0,1,0.003794355,0.044902145,0.115216137
jp_3304--119/119_1433184.txt#0_0,2,0.003537534,0.044147008,0.112160234
jp_3307--148/148_1403703.txt#0_0,0,0.001640051,0.03858996,0.084603702
jp_3307--148/148_1403703.txt#0_0,0.5,0.002923199,0.051949919,0.11305249
jp_3307--148/148_1403703.txt#0_0,1,0.003019233,0.057221856,0.117558063
jp_3307--148/148_1403703.txt#0_0,2,0.003504645,0.049857231,0.117044158
jp_3645--146/146_1169963.txt#0_0,0,2.92E-33,2.70E-16,3.32E-16
jp_3645--146/146_1169963.txt#0_0,0.5,1.16E-33,2.76E-16,2.96E-16
jp_3645--146/146_1169963.txt#0_0,1,3.99E-35,2.76E-16,2.83E-16
jp_3645--146/146_1169963.txt#0_0,2,6.25E-34,2.74E-16,3.00E-16
jp_3697--38/38_1394540.txt#0_1,0,2.59E-05,0.003398466,0.00759664
jp_3697--38/38_1394540.txt#0_1,0.5,0.000284145,0.03093648,0.047025629
jp_3697--38/38_1394540.txt#0_1,1,0.000792539,0.039292058,0.068773697
jp_3697--38/38_1394540.txt#0_1,2,0.000893544,0.039368453,0.070539326
jp_4251--97/97_1456617.txt#0_1,0,7.97E-06,0.001757433,0.004504199
jp_4251--97/97_1456617.txt#0_1,0.5,8.94E-05,0.008888232,0.019556925
jp_4251--97/97_1456617.txt#0_1,1,4.43E-05,0.00614531,0.013742344
jp_4251--97/97_1456617.txt#0_1,2,4.09E-05,0.004093377,0.011276334
jp_4375--83/83_2736108.txt#0_0,0,1.38E-05,0.00420216,0.008375155
jp_4375--83/83_2736108.txt#0_0,0.5,2.80E-05,0.013530902,0.017313068
jp_4375--83/83_2736108.txt#0_0,1,3.45E-05,0.00727933,0.012885722
jp_4375--83/83_2736108.txt#0_0,2,8.62E-05,0.00590543,0.014382097
jp_553--17/17_1364047.txt#0_2,0,0.000166631,0.013016729,0.027268681
jp_553--17/17_1364047.txt#0_2,0.5,0.000177322,0.012834282,0.027429125
jp_553--17/17_1364047.txt#0_2,1,0.000409641,0.01879654,0.041436431
jp_553--17/17_1364047.txt#0_2,2,0.00028651,0.016292919,0.035461855
jp_661--146/146_192394.txt#0_0,0,0.021103363,0.138631477,0.302077265
jp_661--146/146_192394.txt#0_0,0.5,0.01819238,0.121288734,0.273854254
jp_661--146/146_192394.txt#0_0,1,0.016593436,0.132005896,0.276713552
jp_661--146/146_192394.txt#0_0,2,0.016898634,0.128500516,0.274465265
jp_742--32/32_1368333.txt#0_2,0,0.009089704,0.078121566,0.186781661
jp_742--32/32_1368333.txt#0_2,0.5,0.009573879,0.08467815,0.195863817
jp_742--32/32_1368333.txt#0_2,1,0.00964135,0.084596288,0.196118383
jp_742--32/32_1368333.txt#0_2,2,0.008017075,0.077696341,0.178995579
jp_923--21/21_934119.txt#0_0,0,3.16E-34,5.37E-17,7.11E-17
jp_923--21/21_934119.txt#0_0,0.5,4.21E-34,5.48E-17,6.66E-17
jp_923--21/21_934119.txt#0_0,1,1.71E-34,5.77E-17,6.88E-17
jp_923--21/21_934119.txt#0_0,2,9.00E-35,5.77E-17,6.77E-17
odql_1018--140/140_2097132.txt#0_0,0,0.022741405,0.141829148,0.311965217
odql_1018--140/140_2097132.txt#0_0,0.5,0.016008383,0.124611024,0.26687444
odql_1018--140/140_2097132.txt#0_0,1,0.020269944,0.13020899,0.2909438
odql_1018--140/140_2097132.txt#0_0,2,0.016793791,0.12578047,0.271507571
odql_10315--156/156_2071274.txt#0_0,0,0.000908598,0.026702778,0.06081636
odql_10315--156/156_2071274.txt#0_0,0.5,0.00042046,0.018792687,0.041966536
odql_10315--156/156_2071274.txt#0_0,1,0.000634104,0.01509767,0.041745255
odql_10315--156/156_2071274.txt#0_0,2,0.000929676,0.024057807,0.058872247
odql_10409--184/184_5652.txt#0,0,0.022804708,0.141625177,0.311580119
odql_10409--184/184_5652.txt#0,0.5,0.018260319,0.122380465,0.275166363
odql_10409--184/184_5652.txt#0,1,0.024532372,0.152293156,0.328468056
odql_10409--184/184_5652.txt#0,2,0.024966787,0.151831346,0.329722218
odql_1097--173/173_3062526.txt#0_0,0,0.015864619,0.115078444,0.257660452
odql_1097--173/173_3062526.txt#0_0,0.5,0.011156527,0.088250825,0.208447569
odql_1097--173/173_3062526.txt#0_0,1,0.015287986,0.120755907,0.260437699
odql_1097--173/173_3062526.txt#0_0,2,0.016639615,0.113402923,0.259770834
odql_11051--136/136_235136.txt#0_2,0,0.000327694,0.012102304,0.026396724
odql_11051--136/136_235136.txt#0_2,0.5,0.000840278,0.017875632,0.051343303
odql_11051--136/136_235136.txt#0_2,1,0.000679763,0.016558634,0.040445857
odql_11051--136/136_235136.txt#0_2,2,0.00091395,0.022828993,0.057610579
odql_11066--48/48_1410700.txt#0_2,0,4.27E-34,2.78E-16,2.98E-16
odql_11066--48/48_1410700.txt#0_2,0.5,7.80E-34,2.89E-16,3.06E-16
odql_11066--48/48_1410700.txt#0_2,1,5.77E-34,2.90E-16,3.10E-16
odql_11066--48/48_1410700.txt#0_2,2,7.77E-35,2.59E-16,2.65E-16
odql_11893--64/64_768.txt#0_0,0,0.000572469,0.017900501,0.045311177
odql_11893--64/64_768.txt#0_0,0.5,0.000640297,0.019337127,0.048224538
odql_11893--64/64_768.txt#0_0,1,0.000677462,0.02278643,0.05243137
odql_11893--64/64_768.txt#0_0,2,0.001325699,0.033146075,0.074277665
odql_12262--143/143_282014.txt#0_1,0,0.005604517,0.069321223,0.153824511
odql_12262--143/143_282014.txt#0_1,0.5,0.006026896,0.069164023,0.157152942
odql_12262--143/143_282014.txt#0_1,1,0.005298735,0.06404222,0.146471097
odql_12262--143/143_282014.txt#0_1,2,0.005767077,0.070751688,0.156392678
odql_12312--173/173_2307375.txt#0_0,0,1.56E-34,4.18E-17,5.55E-17
odql_12312--173/173_2307375.txt#0_0,0.5,1.29E-34,5.37E-17,6.66E-17
odql_12312--173/173_2307375.txt#0_0,1,3.01E-34,4.40E-17,6.00E-17
odql_12312--173/173_2307375.txt#0_0,2,2.96E-34,3.96E-17,5.22E-17
odql_12354--Lord_Snooty.txt#0_1,0,0.006379465,0.073654847,0.163634395
odql_12354--Lord_Snooty.txt#0_1,0.5,0.00711179,0.069255559,0.165238525
odql_12354--Lord_Snooty.txt#0_1,1,0.006041297,0.074425438,0.16201678
odql_12354--Lord_Snooty.txt#0_1,2,0.007724443,0.072605853,0.172232315
odql_12368--150/150_2308380.txt#0_0,0,0.030941007,0.172243713,0.369341464
odql_12368--150/150_2308380.txt#0_0,0.5,0.033313774,0.17066403,0.37591894
odql_12368--150/150_2308380.txt#0_0,1,0.027884439,0.159242248,0.346145828
odql_12368--150/150_2308380.txt#0_0,2,0.02456196,0.146369803,0.322972911
odql_12424--70/70_2829432.txt#0_0,0,0.000687368,0.022439874,0.051925549
odql_12424--70/70_2829432.txt#0_0,0.5,0.001007986,0.035096932,0.070197218
odql_12424--70/70_2829432.txt#0_0,1,0.001003428,0.031756608,0.067052011
odql_12424--70/70_2829432.txt#0_0,2,0.001326629,0.033465055,0.074656603
odql_12482--151/151_684649.txt#0_2,0,1.27E-33,6.18E-17,9.55E-17
odql_12482--151/151_684649.txt#0_2,0.5,5.06E-34,6.37E-17,8.88E-17
odql_12482--151/151_684649.txt#0_2,1,3.42E-34,7.29E-17,8.77E-17
odql_12482--151/151_684649.txt#0_2,2,6.07E-34,7.25E-17,9.88E-17
odql_12631--117/117_2313442.txt#0_0,0,0.002566095,0.053466515,0.109102142
odql_12631--117/117_2313442.txt#0_0,0.5,0.001294249,0.03730402,0.077434345
odql_12631--117/117_2313442.txt#0_0,1,0.003628474,0.066841438,0.133966741
odql_12631--117/117_2313442.txt#0_0,2,0.001290154,0.028544335,0.066441875
odql_12695--170/170_2314497.txt#0_0,0,0.000684714,0.0246395,0.054151718
odql_12695--170/170_2314497.txt#0_0,0.5,0.000439023,0.017146709,0.041035919
odql_12695--170/170_2314497.txt#0_0,1,0.000506778,0.018437535,0.044145818
odql_12695--170/170_2314497.txt#0_0,2,0.000722846,0.019240576,0.050149397
odql_13214--8/8_1517024.txt#0_1,0,2.40E-05,0.004629987,0.010096264
odql_13214--8/8_1517024.txt#0_1,0.5,6.06E-06,0.001869798,0.004624366
odql_13214--8/8_1517024.txt#0_1,1,2.73E-05,0.003521043,0.009244966
odql_13214--8/8_1517024.txt#0_1,2,0.000101297,0.008456865,0.019863906
odql_13282--196/196_2145719.txt#0_2,0,6.40E-05,0.007015981,0.01607243
odql_13282--196/196_2145719.txt#0_2,0.5,7.57E-05,0.007524978,0.017385922
odql_13282--196/196_2145719.txt#0_2,1,4.57E-05,0.005377172,0.013036196
odql_13282--196/196_2145719.txt#0_2,2,5.20E-05,0.006659342,0.014839316
odql_13565--85/85_2330758.txt#0_1,0,0.005523633,0.063831804,0.148282389
odql_13565--85/85_2330758.txt#0_1,0.5,0.005059242,0.065028981,0.145743368
odql_13565--85/85_2330758.txt#0_1,1,0.005845499,0.068183654,0.154959778
odql_13565--85/85_2330758.txt#0_1,2,0.00503483,0.063360115,0.143865032
odql_13628--178/178_857427.txt#0_1,0,0.000415581,0.023878952,0.046704632
odql_13628--178/178_857427.txt#0_1,0.5,0.000187524,0.015280351,0.030433346
odql_13628--178/178_857427.txt#0_1,1,0.000213699,0.01288721,0.029160628
odql_13628--178/178_857427.txt#0_1,2,0.000282713,0.016909812,0.035642645
odql_14838--54/54_107845.txt#0_2,0,0.000729063,0.017652745,0.044687711
odql_14838--54/54_107845.txt#0_2,0.5,0.000424341,0.022388614,0.045617462
odql_14838--54/54_107845.txt#0_2,1,0.00117378,0.026204027,0.06507894
odql_14838--54/54_107845.txt#0_2,2,0.002087047,0.056292048,0.106947337
odql_1809--193/193_609132.txt#0_0,0,1.64E-34,3.89E-17,4.88E-17
odql_1809--193/193_609132.txt#0_0,0.5,1.33E-33,3.55E-17,5.11E-17
odql_1809--193/193_609132.txt#0_0,1,8.18E-35,4.70E-17,5.33E-17
odql_1809--193/193_609132.txt#0_0,2,4.15E-34,3.22E-17,4.66E-17
odql_206--73/73_813141.txt#0_1,0,0.017732788,0.11180574,0.262856373
odql_206--73/73_813141.txt#0_1,0.5,0.019200698,0.12959684,0.285902766
odql_206--73/73_813141.txt#0_1,1,0.018499837,0.125609966,0.279062879
odql_206--73/73_813141.txt#0_1,2,0.016518857,0.116645414,0.261884017
odql_2231--49/49_1897281.txt#0_2,0,0.00442288,0.074779164,0.147462777
odql_2231--49/49_1897281.txt#0_2,0.5,0.009423674,0.110078635,0.217538024
odql_2231--49/49_1897281.txt#0_2,1,0.005326974,0.067690852,0.149907777
odql_2231--49/49_1897281.txt#0_2,2,0.005658886,0.078100136,0.161600537
odql_2328--190/190_3064771.txt#0_3,0,0.002697227,0.039591419,0.098898828
odql_2328--190/190_3064771.txt#0_3,0.5,0.00275119,0.043169745,0.102946408
odql_2328--190/190_3064771.txt#0_3,1,0.002715407,0.042438552,0.102086965
odql_2328--190/190_3064771.txt#0_3,2,0.003695649,0.049936986,0.119165716
odql_2399--38/38_2808267.txt#0_0,0,0.009373343,0.098645842,0.206470211
odql_2399--38/38_2808267.txt#0_0,0.5,0.010374539,0.104466975,0.217517182
odql_2399--38/38_2808267.txt#0_0,1,0.010258307,0.118342037,0.230507521
odql_2399--38/38_2808267.txt#0_0,2,0.010642897,0.095249569,0.211448133
odql_2399--38/38_2808267.txt#0_1,0,0.012277644,0.098311124,0.223398303
odql_2399--38/38_2808267.txt#0_1,0.5,0.014480553,0.110059334,0.245593502
odql_2399--38/38_2808267.txt#0_1,1,0.018752096,0.130309318,0.284281995
odql_2399--38/38_2808267.txt#0_1,2,0.012329034,0.095712368,0.221183288
odql_2420--173/173_2123595.txt#0_1,0,0.000627035,0.023219029,0.051894383
odql_2420--173/173_2123595.txt#0_1,0.5,0.000643479,0.017853796,0.046897891
odql_2420--173/173_2123595.txt#0_1,1,0.000450379,0.01644249,0.039823072
odql_2420--173/173_2123595.txt#0_1,2,0.00114955,0.028087576,0.066745028
odql_2538--189/189_425837.txt#0_1,0,4.55E-34,2.87E-16,3.06E-16
odql_2538--189/189_425837.txt#0_1,0.5,5.50E-34,2.82E-16,3.09E-16
odql_2538--189/189_425837.txt#0_1,1,1.44E-34,2.66E-16,2.80E-16
odql_2538--189/189_425837.txt#0_1,2,1.04E-33,2.79E-16,3.01E-16
odql_3698--78/78_264520.txt#0_1,0,0.000192878,0.01413358,0.030079777
odql_3698--78/78_264520.txt#0_1,0.5,7.91E-05,0.008378676,0.018626193
odql_3698--78/78_264520.txt#0_1,1,2.57E-05,0.005317099,0.011107555
odql_3698--78/78_264520.txt#0_1,2,0.000108892,0.009707778,0.021608212
odql_3814--123/123_2148942.txt#0_1,0,0.01410982,0.108572871,0.242685147
odql_3814--123/123_2148942.txt#0_1,0.5,0.011547912,0.093940653,0.215596565
odql_3814--123/123_2148942.txt#0_1,1,0.010098599,0.093034672,0.206698132
odql_3814--123/123_2148942.txt#0_1,2,0.011099308,0.092395356,0.211770412
odql_4122--97/97_2155160.txt#0_1,0,0.006095219,0.074723804,0.163108724
odql_4122--97/97_2155160.txt#0_1,0.5,0.00899163,0.093070467,0.199702442
odql_4122--97/97_2155160.txt#0_1,1,0.013081007,0.093165265,0.222783354
odql_4122--97/97_2155160.txt#0_1,2,0.009466547,0.090213829,0.200478325
odql_4457--196/196_990714.txt#0_1,0,0.008485849,0.093551109,0.19618376
odql_4457--196/196_990714.txt#0_1,0.5,0.009181285,0.083815532,0.19219512
odql_4457--196/196_990714.txt#0_1,1,0.009176106,0.097559448,0.204948644
odql_4457--196/196_990714.txt#0_1,2,0.007117399,0.084127301,0.178841602
odql_4497--97/97_2162315.txt#0_1,0,2.05E-34,1.69E-16,1.81E-16
odql_4497--97/97_2162315.txt#0_1,0.5,1.01E-34,1.72E-16,1.80E-16
odql_4497--97/97_2162315.txt#0_1,1,6.45E-35,1.74E-16,1.79E-16
odql_4497--97/97_2162315.txt#0_1,2,5.34E-36,1.75E-16,1.78E-16
odql_4611--0/0_1366344.txt#0_0,0,2.11E-05,0.007452787,0.011441833
odql_4611--0/0_1366344.txt#0_0,0.5,0.000792786,0.034607444,0.065920431
odql_4611--0/0_1366344.txt#0_0,1,0.000892174,0.031382846,0.0649213
odql_4611--0/0_1366344.txt#0_0,2,0.000350313,0.017810287,0.038347131
odql_4931--134/134_1613381.txt#0_1,0,0.008263139,0.078588571,0.181734842
odql_4931--134/134_1613381.txt#0_1,0.5,0.008564656,0.079326106,0.184445345
odql_4931--134/134_1613381.txt#0_1,1,0.008273042,0.078528002,0.181806571
odql_4931--134/134_1613381.txt#0_1,2,0.009120897,0.084193988,0.192467539
odql_4941--169/169_781368.txt#0_2,0,0.024203486,0.148834263,0.324426766
odql_4941--169/169_781368.txt#0_2,0.5,0.021093892,0.123757177,0.288586283
odql_4941--169/169_781368.txt#0_2,1,0.023361775,0.127389715,0.300576523
odql_4941--169/169_781368.txt#0_2,2,0.025469493,0.137133426,0.317637066
odql_548--127/127_413228.txt#0_1,0,6.53E-05,0.005279646,0.014583748
odql_548--127/127_413228.txt#0_1,0.5,0.000122542,0.006937431,0.018939932
odql_548--127/127_413228.txt#0_1,1,0.000432577,0.018775042,0.042548247
odql_548--127/127_413228.txt#0_1,2,0.000267269,0.012379248,0.031224882
odql_5527--13/13_90964.txt#0_1,0,0.001134152,0.030787158,0.068890887
odql_5527--13/13_90964.txt#0_1,0.5,0.00165212,0.040317516,0.085970576
odql_5527--13/13_90964.txt#0_1,1,0.000908084,0.029622023,0.063346606
odql_5527--13/13_90964.txt#0_1,2,0.001251628,0.033603784,0.073472541
odql_5547--132/132_2180988.txt#0_0,0,0.001515565,0.034743258,0.07882658
odql_5547--132/132_2180988.txt#0_0,0.5,0.00102383,0.027939675,0.064316704
odql_5547--132/132_2180988.txt#0_0,1,0.001107198,0.021414549,0.051014351
odql_5547--132/132_2180988.txt#0_0,2,0.001354352,0.029972386,0.072042585
odql_5984--118/118_142159.txt#0_0,0,0.016132655,0.120667199,0.264116393
odql_5984--118/118_142159.txt#0_0,0.5,0.012983261,0.108490126,0.237011198
odql_5984--118/118_142159.txt#0_0,1,0.014440466,0.120621373,0.256131908
odql_5984--118/118_142159.txt#0_0,2,0.014976197,0.105681811,0.244596613
odql_6502--195/195_349954.txt#0_0,0,0.000161125,0.020934995,0.031025418
odql_6502--195/195_349954.txt#0_0,0.5,0.00140062,0.056941353,0.096519649
odql_6502--195/195_349954.txt#0_0,1,0.001263218,0.04891554,0.087523748
odql_6502--195/195_349954.txt#0_0,2,0.000170956,0.02338524,0.036301257
odql_6620--156/156_349458.txt#0_0,0,0.001930914,0.032834204,0.082930782
odql_6620--156/156_349458.txt#0_0,0.5,0.002173379,0.03641694,0.089531961
odql_6620--156/156_349458.txt#0_0,1,0.002994988,0.049775571,0.111791516
odql_6620--156/156_349458.txt#0_0,2,0.001350176,0.029367943,0.071227312
odql_6714--124/124_3212527.txt#0_0,0,0.003323612,0.055591361,0.120011742
odql_6714--124/124_3212527.txt#0_0,0.5,0.003734523,0.055704586,0.124431653
odql_6714--124/124_3212527.txt#0_0,1,0.004701613,0.057256136,0.135237838
odql_6714--124/124_3212527.txt#0_0,2,0.005199347,0.071999259,0.152987016
odql_6798--164/164_2205690.txt#0_0,0,0.00088834,0.026861247,0.060122013
odql_6798--164/164_2205690.txt#0_0,0.5,0.000318485,0.021448139,0.041071749
odql_6798--164/164_2205690.txt#0_0,1,0.001037296,0.037136782,0.073396798
odql_6798--164/164_2205690.txt#0_0,2,0.000359975,0.014771418,0.035808141
odql_7016--55/55_1322268.txt#0_0,0,6.47E-06,0.003619631,0.00644657
odql_7016--55/55_1322268.txt#0_0,0.5,2.97E-05,0.005335493,0.011610452
odql_7016--55/55_1322268.txt#0_0,1,2.01E-06,0.0037129,0.0047681
odql_7016--55/55_1322268.txt#0_0,2,9.24E-05,0.006961911,0.017973846
odql_7656--38/38_144986.txt#0_0,0,0.006979447,0.079868246,0.174114805
odql_7656--38/38_144986.txt#0_0,0.5,0.00428361,0.059253977,0.132616652
odql_7656--38/38_144986.txt#0_0,1,0.006846399,0.075823183,0.169348836
odql_7656--38/38_144986.txt#0_0,2,0.006964663,0.075588927,0.170221177
odql_7759--63/63_1347430.txt#0_0,0,0.006399519,0.057193464,0.148606993
odql_7759--63/63_1347430.txt#0_0,0.5,0.006480844,0.06359657,0.155384416
odql_7759--63/63_1347430.txt#0_0,1,0.008725535,0.076556174,0.183009714
odql_7759--63/63_1347430.txt#0_0,2,0.006400548,0.065187389,0.155708852
odql_7977--27/27_2226595.txt#0_0,0,0.003779237,0.056068977,0.125832827
odql_7977--27/27_2226595.txt#0_0,0.5,0.004825911,0.057792566,0.136921293
odql_7977--27/27_2226595.txt#0_0,1,0.003519804,0.048169511,0.11544268
odql_7977--27/27_2226595.txt#0_0,2,0.003075212,0.048459348,0.110967757
odql_8017--6/6_2227411.txt#0_1,0,0.005020506,0.061315036,0.141876165
odql_8017--6/6_2227411.txt#0_1,0.5,0.006172322,0.067893333,0.156835616
odql_8017--6/6_2227411.txt#0_1,1,0.00702002,0.074830175,0.169742659
odql_8017--6/6_2227411.txt#0_1,2,0.008358585,0.072527209,0.176860467
odql_8059--174/174_3212822.txt#0_1,0,0.007309784,0.088288089,0.184708333
odql_8059--174/174_3212822.txt#0_1,0.5,0.007964638,0.077942657,0.179390672
odql_8059--174/174_3212822.txt#0_1,1,0.006977825,0.072941019,0.167252928
odql_8059--174/174_3212822.txt#0_1,2,0.00761146,0.080370426,0.179271589
odql_8247--176/176_1183968.txt#0_0,0,0.000337265,0.021310045,0.041000681
odql_8247--176/176_1183968.txt#0_0,0.5,0.000194169,0.01352658,0.028718713
odql_8247--176/176_1183968.txt#0_0,1,0.000391623,0.018064412,0.040257099
odql_8247--176/176_1183968.txt#0_0,2,0.000341298,0.017890988,0.038145895
odql_8256--23/23_225768.txt#0_0,0,8.22E-05,0.012100934,0.021720609
odql_8256--23/23_225768.txt#0_0,0.5,5.38E-05,0.005804528,0.014103567
odql_8256--23/23_225768.txt#0_0,1,2.78E-06,0.001617378,0.003467142
odql_8256--23/23_225768.txt#0_0,2,3.00E-05,0.003919143,0.009855043
odql_8725--117/117_1962716.txt#0_0,0,0.006936711,0.070301745,0.165161953
odql_8725--117/117_1962716.txt#0_0,0.5,0.006880976,0.071976687,0.166235712
odql_8725--117/117_1962716.txt#0_0,1,0.007521089,0.071522681,0.170307135
odql_8725--117/117_1962716.txt#0_0,2,0.007359713,0.069362032,0.167312952
odql_8850--100/100_3212993.txt#0_0,0,0.009689394,0.092857059,0.20426429
odql_8850--100/100_3212993.txt#0_0,0.5,0.014354576,0.105656275,0.241468959
odql_8850--100/100_3212993.txt#0_0,1,0.011787323,0.099122403,0.221984851
odql_8850--100/100_3212993.txt#0_0,2,0.00855318,0.080029142,0.185148614
odql_9086--54/54_264364.txt#0_0,0,0.000997753,0.021494038,0.057260909
odql_9086--54/54_264364.txt#0_0,0.5,0.000800304,0.018153324,0.050039562
odql_9086--54/54_264364.txt#0_0,1,0.000357904,0.011925852,0.029746693
odql_9086--54/54_264364.txt#0_0,2,0.000400178,0.012458749,0.034910526
odql_9298--52/52_868598.txt#0_0,0,0.001211622,0.037447636,0.076161536
odql_9298--52/52_868598.txt#0_0,0.5,0.001268721,0.028658182,0.069081531
odql_9298--52/52_868598.txt#0_0,1,0.001121865,0.034686085,0.072364672
odql_9298--52/52_868598.txt#0_0,2,0.00162565,0.03274406,0.078651187
odql_9310--183/183_763371.txt#0_0,0,5.82E-06,0.008693094,0.010166545
odql_9310--183/183_763371.txt#0_0,0.5,4.74E-05,0.011126688,0.019070503
odql_9310--183/183_763371.txt#0_0,1,0.000220632,0.009241637,0.024535261
odql_9310--183/183_763371.txt#0_0,2,5.29E-05,0.011654983,0.019159886
qb_1227--60/60_298938.txt#0_0,0,0.005670232,0.056068299,0.142051588
qb_1227--60/60_298938.txt#0_0,0.5,0.007002512,0.069157767,0.16436653
qb_1227--60/60_298938.txt#0_0,1,0.006183484,0.058397377,0.148087217
qb_1227--60/60_298938.txt#0_0,2,0.007446695,0.071971997,0.170289881
qb_1502--134/134_2618044.txt#0_0,0,0.019854165,0.125588241,0.284944251
qb_1502--134/134_2618044.txt#0_0,0.5,0.014922329,0.108717435,0.246709535
qb_1502--134/134_2618044.txt#0_0,1,0.016355957,0.101923383,0.246763011
qb_1502--134/134_2618044.txt#0_0,2,0.015362763,0.120745592,0.259650945
qb_2271--145/145_2891786.txt#0_1,0,0.005294571,0.06143351,0.144704202
qb_2271--145/145_2891786.txt#0_1,0.5,0.004530409,0.059230724,0.13458114
qb_2271--145/145_2891786.txt#0_1,1,0.009823837,0.090440671,0.202999942
qb_2271--145/145_2891786.txt#0_1,2,0.005947841,0.072028117,0.159822542
qb_250--Peter_Blake_(artist).txt#0_0,0,3.65E-05,0.006931502,0.013644328
qb_250--Peter_Blake_(artist).txt#0_0,0.5,1.57E-05,0.002895326,0.006987588
qb_250--Peter_Blake_(artist).txt#0_0,1,2.01E-05,0.004040737,0.009009432
qb_250--Peter_Blake_(artist).txt#0_0,2,3.07E-05,0.00600885,0.012044286
qb_2710--0/0_341544.txt#0_2,0,3.11E-34,2.19E-16,2.32E-16
qb_2710--0/0_341544.txt#0_2,0.5,2.57E-34,2.05E-16,2.23E-16
qb_2710--0/0_341544.txt#0_2,1,1.34E-33,2.06E-16,2.43E-16
qb_2710--0/0_341544.txt#0_2,2,1.11E-34,2.08E-16,2.19E-16
qb_2774--81/81_303935.txt#0_0,0,0.002584812,0.04746427,0.104963979
qb_2774--81/81_303935.txt#0_0,0.5,0.001776673,0.03258375,0.08059011
qb_2774--81/81_303935.txt#0_0,1,0.003296698,0.051356622,0.116563772
qb_2774--81/81_303935.txt#0_0,2,0.002402876,0.04032533,0.096180963
qb_2850--83/83_346130.txt#0_1,0,0.002822021,0.057215168,0.115714457
qb_2850--83/83_346130.txt#0_1,0.5,0.004006993,0.054593623,0.126213454
qb_2850--83/83_346130.txt#0_1,1,0.003965771,0.063416557,0.133932821
qb_2850--83/83_346130.txt#0_1,2,0.004434679,0.05948113,0.135044764
qb_2899--155/155_2893117.txt#0_2,0,0.000640613,0.017257232,0.045214969
qb_2899--155/155_2893117.txt#0_2,0.5,0.000836335,0.025973986,0.058506166
qb_2899--155/155_2893117.txt#0_2,1,0.000932648,0.027708559,0.062420829
qb_2899--155/155_2893117.txt#0_2,2,0.00101803,0.029131439,0.065295052
qb_3092--129/129_139741.txt#0_0,0,0.001087737,0.042722359,0.079514649
qb_3092--129/129_139741.txt#0_0,0.5,0.000215679,0.010799936,0.027125954
qb_3092--129/129_139741.txt#0_0,1,0.00029216,0.022995916,0.040646915
qb_3092--129/129_139741.txt#0_0,2,0.000408369,0.022428014,0.044925043
qb_3093--26/26_353347.txt#0_1,0,1.63E-34,2.61E-16,2.74E-16
qb_3093--26/26_353347.txt#0_1,0.5,1.43E-34,2.60E-16,2.69E-16
qb_3093--26/26_353347.txt#0_1,1,5.71E-34,2.55E-16,2.80E-16
qb_3093--26/26_353347.txt#0_1,2,2.88E-34,2.57E-16,2.75E-16
qb_3427--81/81_362513.txt#0_3,0,0.003947496,0.054728102,0.126050988
qb_3427--81/81_362513.txt#0_3,0.5,0.00394119,0.059071738,0.12994223
qb_3427--81/81_362513.txt#0_3,1,0.004054748,0.057966885,0.129962892
qb_3427--81/81_362513.txt#0_3,2,0.00325009,0.044579419,0.109597166
qb_3569--170/170_366697.txt#0_0,0,0.008891474,0.082597362,0.189493313
qb_3569--170/170_366697.txt#0_0,0.5,0.010897054,0.094188311,0.212306499
qb_3569--170/170_366697.txt#0_0,1,0.009019331,0.082643941,0.19044826
qb_3569--170/170_366697.txt#0_0,2,0.013261776,0.099008144,0.229843784
qb_388--149/149_18617.txt#0_2,0,0.000133423,0.008818069,0.022066946
qb_388--149/149_18617.txt#0_2,0.5,6.70E-05,0.007071768,0.016388334
qb_388--149/149_18617.txt#0_2,1,7.72E-05,0.013765801,0.022838647
qb_388--149/149_18617.txt#0_2,2,1.07E-05,0.002125016,0.004951379
qb_4017--123/123_379315.txt#0_2,0,0.008053876,0.074291058,0.176492643
qb_4017--123/123_379315.txt#0_2,0.5,0.006253817,0.068983009,0.158875298
qb_4017--123/123_379315.txt#0_2,1,0.007111903,0.073079634,0.168812611
qb_4017--123/123_379315.txt#0_2,2,0.006980416,0.068796956,0.164056917
qb_404--89/89_2634070.txt#0_2,0,0.004321379,0.064092632,0.138235423
qb_404--89/89_2634070.txt#0_2,0.5,0.005887039,0.07341496,0.160360022
qb_404--89/89_2634070.txt#0_2,1,0.004073483,0.050899895,0.123391503
qb_404--89/89_2634070.txt#0_2,2,0.004754409,0.065455108,0.143810675
qb_482--134/134_278266.txt#0_0,0,0.000176947,0.010099388,0.025293255
qb_482--134/134_278266.txt#0_0,0.5,0.000476581,0.014567625,0.031915807
qb_482--134/134_278266.txt#0_0,1,0.000260008,0.010271467,0.028755188
qb_482--134/134_278266.txt#0_0,2,0.000454686,0.013862675,0.035884606
qb_5053--95/95_407079.txt#0_0,0,2.26E-06,0.001773445,0.0034526
qb_5053--95/95_407079.txt#0_0,0.5,1.08E-06,0.000673875,0.001671735
qb_5053--95/95_407079.txt#0_0,1,6.49E-07,0.000501982,0.001370191
qb_5053--95/95_407079.txt#0_0,2,1.07E-06,0.00068538,0.001775957
qb_5499--156/156_419027.txt#0_0,0,0.006482106,0.075859867,0.166789864
qb_5499--156/156_419027.txt#0_0,0.5,0.007085982,0.075722627,0.170701783
qb_5499--156/156_419027.txt#0_0,1,0.010185286,0.091603566,0.20601679
qb_5499--156/156_419027.txt#0_0,2,0.007209257,0.083722406,0.178852212
qb_5539--18/18_3229.txt#0_0,0,0.010604874,0.09258306,0.208852653
qb_5539--18/18_3229.txt#0_0,0.5,0.010878634,0.087194266,0.206029717
qb_5539--18/18_3229.txt#0_0,1,0.011536356,0.093851037,0.215624957
qb_5539--18/18_3229.txt#0_0,2,0.012965576,0.098620414,0.227888636
qb_574--35/35_280986.txt#0_1,0,0.009556137,0.075821898,0.187547325
qb_574--35/35_280986.txt#0_1,0.5,0.006382109,0.072218007,0.162874968
qb_574--35/35_280986.txt#0_1,1,0.006119036,0.067233993,0.156167322
qb_574--35/35_280986.txt#0_1,2,0.008609925,0.086808574,0.191963808
qb_5952--33/33_419470.txt#0_1,0,1.73E-05,0.006630003,0.011056557
qb_5952--33/33_419470.txt#0_1,0.5,1.66E-05,0.007465261,0.010412286
qb_5952--33/33_419470.txt#0_1,1,0.000107249,0.015819619,0.027421651
qb_5952--33/33_419470.txt#0_1,2,1.99E-05,0.003727684,0.008099258
qb_6250--52/52_439893.txt#0_0,0,0.002028464,0.043110618,0.093451693
qb_6250--52/52_439893.txt#0_0,0.5,0.003219645,0.054702513,0.118513945
qb_6250--52/52_439893.txt#0_0,1,0.000802796,0.023176438,0.055487583
qb_6250--52/52_439893.txt#0_0,2,0.001809729,0.034204289,0.082522921
qb_637--10/10_282457.txt#0_0,0,0.031348026,0.16586814,0.365350751
qb_637--10/10_282457.txt#0_0,0.5,0.025150067,0.150017091,0.328583882
qb_637--10/10_282457.txt#0_0,1,0.029776062,0.161913561,0.356408577
qb_637--10/10_282457.txt#0_0,2,0.027792911,0.159507218,0.347323231
qb_6543--195/195_826037.txt#0_0,0,0.000557949,0.021855379,0.048828084
qb_6543--195/195_826037.txt#0_0,0.5,4.94E-05,0.004848503,0.012270062
qb_6543--195/195_826037.txt#0_0,1,0.000280831,0.017583019,0.036556934
qb_6543--195/195_826037.txt#0_0,2,0.000363545,0.012629981,0.033457739
qb_6583--36/36_449032.txt#0_2,0,0.004807501,0.067110679,0.145670052
qb_6583--36/36_449032.txt#0_2,0.5,0.002481739,0.044256957,0.101080994
qb_6583--36/36_449032.txt#0_2,1,0.003469717,0.049058476,0.116248389
qb_6583--36/36_449032.txt#0_2,2,0.00357803,0.05107184,0.118928342
qb_7146--4/4_464898.txt#0_0,0,0.000148128,0.007683686,0.018978717
qb_7146--4/4_464898.txt#0_0,0.5,7.46E-05,0.010973424,0.020101361
qb_7146--4/4_464898.txt#0_0,1,1.87E-05,0.010732128,0.013847363
qb_7146--4/4_464898.txt#0_0,2,1.16E-05,0.012900548,0.015340765
qb_7238--11/11_75755.txt#0_0,0,0.000175367,0.023065114,0.035326597
qb_7238--11/11_75755.txt#0_0,0.5,7.80E-05,0.017181947,0.024087085
qb_7238--11/11_75755.txt#0_0,1,2.53E-06,0.001102994,0.002672341
qb_7238--11/11_75755.txt#0_0,2,5.44E-06,0.002134762,0.003971642
qb_7241--59/59_280648.txt#0_2,0,0.000649652,0.021347887,0.023745196
qb_7241--59/59_280648.txt#0_2,0.5,0.001724592,0.042905231,0.090042851
qb_7241--59/59_280648.txt#0_2,1,0.001388611,0.022704408,0.060752506
qb_7241--59/59_280648.txt#0_2,2,0.000469269,0.013508621,0.034489307
qb_7632--22/22_167620.txt#0_1,0,0.00215341,0.033076838,0.086332587
qb_7632--22/22_167620.txt#0_1,0.5,0.002568411,0.03767218,0.095870398
qb_7632--22/22_167620.txt#0_1,1,0.001292496,0.023236387,0.06474873
qb_7632--22/22_167620.txt#0_1,2,0.00191479,0.031101483,0.080569876
qb_7817--34/34_114217.txt#0_0,0,0.047596094,0.260868011,0.499052259
qb_7817--34/34_114217.txt#0_0,0.5,0.035494244,0.177367399,0.38837284
qb_7817--34/34_114217.txt#0_0,1,0.028141255,0.191422203,0.377403579
qb_7817--34/34_114217.txt#0_0,2,0.032707787,0.196829805,0.397199001
qb_7858--119/119_484438.txt#0_2,0,0.014878126,0.11989791,0.257347549
qb_7858--119/119_484438.txt#0_2,0.5,0.014083385,0.108763782,0.241975885
qb_7858--119/119_484438.txt#0_2,1,0.012892244,0.114045663,0.241537197
qb_7858--119/119_484438.txt#0_2,2,0.012156697,0.110458459,0.233885607
qb_804--33/33_287054.txt#0_0,0,0.019794245,0.127444218,0.286469864
qb_804--33/33_287054.txt#0_0,0.5,0.023736118,0.152517873,0.3254837
qb_804--33/33_287054.txt#0_0,1,0.017646459,0.125348268,0.274719394
qb_804--33/33_287054.txt#0_0,2,0.023981654,0.146926129,0.321408372
qb_8140--128/128_491508.txt#0_1,0,0.004297339,0.050740233,0.125227798
qb_8140--128/128_491508.txt#0_1,0.5,0.004645962,0.047704983,0.126081822
qb_8140--128/128_491508.txt#0_1,1,0.004875842,0.049395808,0.129437115
qb_8140--128/128_491508.txt#0_1,2,0.003058484,0.041762472,0.105255192
qb_8177--179/179_12992.txt#0_1,0,0.004874907,0.062022928,0.141269215
qb_8177--179/179_12992.txt#0_1,0.5,0.004197764,0.061392908,0.13444231
qb_8177--179/179_12992.txt#0_1,1,0.004187411,0.056732401,0.129838402
qb_8177--179/179_12992.txt#0_1,2,0.004419952,0.056960844,0.132520939
qb_8182--60/60_558286.txt#0_0,0,2.89E-34,4.19E-16,4.39E-16
qb_8182--60/60_558286.txt#0_0,0.5,9.35E-34,4.05E-16,4.36E-16
qb_8182--60/60_558286.txt#0_0,1,2.75E-35,4.20E-16,4.24E-16
qb_8182--60/60_558286.txt#0_0,2,1.84E-34,4.01E-16,4.13E-16
qb_84--151/151_266387.txt#0_0,0,0.000455636,0.015692979,0.040298004
qb_84--151/151_266387.txt#0_0,0.5,0.000356175,0.019509779,0.040753363
qb_84--151/151_266387.txt#0_0,1,0.000362898,0.013004414,0.026899403
qb_84--151/151_266387.txt#0_0,2,0.000253232,0.013659388,0.031947694
qb_8836--4/4_176289.txt#0_1,0,0.00026834,0.018786922,0.037286517
qb_8836--4/4_176289.txt#0_1,0.5,8.44E-05,0.005693019,0.014470464
qb_8836--4/4_176289.txt#0_1,1,0.000210798,0.011141734,0.027651901
qb_8836--4/4_176289.txt#0_1,2,0.000663142,0.02256089,0.051827013
qb_8861--190/190_510847.txt#0_1,0,3.65E-34,3.69E-16,3.83E-16
qb_8861--190/190_510847.txt#0_1,0.5,3.38E-34,3.83E-16,4.01E-16
qb_8861--190/190_510847.txt#0_1,1,4.39E-34,3.92E-16,4.15E-16
qb_8861--190/190_510847.txt#0_1,2,3.99E-35,4.00E-16,4.05E-16
qb_8937--45/45_513006.txt#0_0,0,0.000203132,0.009228831,0.021604507
qb_8937--45/45_513006.txt#0_0,0.5,0.000291596,0.014439925,0.033971462
qb_8937--45/45_513006.txt#0_0,1,0.000759961,0.026740895,0.05815826
qb_8937--45/45_513006.txt#0_0,2,0.000393268,0.014588989,0.03728621
qb_8955--114/114_513485.txt#0_0,0,0.018807281,0.118677287,0.273911667
qb_8955--114/114_513485.txt#0_0,0.5,0.013958889,0.101079199,0.235235476
qb_8955--114/114_513485.txt#0_0,1,0.013968963,0.103991366,0.238014559
qb_8955--114/114_513485.txt#0_0,2,0.013795912,0.099199386,0.232493045
qb_9094--181/181_517254.txt#0_2,0,0.000518266,0.022428728,0.048023473
qb_9094--181/181_517254.txt#0_2,0.5,0.000668428,0.024724062,0.053945622
qb_9094--181/181_517254.txt#0_2,1,0.000445425,0.019029541,0.043112572
qb_9094--181/181_517254.txt#0_2,2,0.000452815,0.019002145,0.042967598
qb_9469--195/195_527460.txt#0_2,0,0.011352808,0.100897972,0.221037744
qb_9469--195/195_527460.txt#0_2,0.5,0.011668904,0.10314867,0.225226201
qb_9469--195/195_527460.txt#0_2,1,0.010913264,0.103223503,0.221144667
qb_9469--195/195_527460.txt#0_2,2,0.008339074,0.084436316,0.187501018
qb_9568--153/153_530377.txt#0_1,0,0.012843879,0.109323046,0.237349772
qb_9568--153/153_530377.txt#0_1,0.5,0.017016464,0.114435179,0.26225004
qb_9568--153/153_530377.txt#0_1,1,0.019001073,0.136230774,0.291663727
qb_9568--153/153_530377.txt#0_1,2,0.015319539,0.101156707,0.241847062
qb_9573--143/143_499089.txt#0_0,0,0.000262165,0.011449029,0.021717423
qb_9573--143/143_499089.txt#0_0,0.5,0.000239648,0.01090033,0.028644731
qb_9573--143/143_499089.txt#0_0,1,0.000356915,0.013558687,0.035175637
qb_9573--143/143_499089.txt#0_0,2,0.000240974,0.009489887,0.027405227
qb_9604--71/71_4119.txt#0_2,0,7.60E-07,0.004396613,0.005135156
qb_9604--71/71_4119.txt#0_2,0.5,4.34E-06,0.004311617,0.006563121
qb_9604--71/71_4119.txt#0_2,1,2.58E-05,0.006837583,0.012090068
qb_9604--71/71_4119.txt#0_2,2,2.15E-06,0.004074931,0.005762275
qb_9685--66/66_533419.txt#0_1,0,0.009568878,0.086304921,0.196769594
qb_9685--66/66_533419.txt#0_1,0.5,0.007051799,0.084762516,0.180197566
qb_9685--66/66_533419.txt#0_1,1,0.010057412,0.071439665,0.181490395
qb_9685--66/66_533419.txt#0_1,2,0.009121944,0.092150371,0.200827944
qf_1103--13/13_2468995.txt#0_2,0,0.002219436,0.027996519,0.08239501
qf_1103--13/13_2468995.txt#0_2,0.5,0.002365254,0.032858204,0.089003399
qf_1103--13/13_2468995.txt#0_2,1,0.001787128,0.028490686,0.077032772
qf_1103--13/13_2468995.txt#0_2,2,0.003677201,0.051610059,0.120975714
qf_1386--60/60_3214498.txt#0_0,0,0.008241935,0.081665869,0.184384237
qf_1386--60/60_3214498.txt#0_0,0.5,0.009596242,0.092816672,0.203422603
qf_1386--60/60_3214498.txt#0_0,1,0.009986719,0.093166504,0.205963257
qf_1386--60/60_3214498.txt#0_0,2,0.009499504,0.091397934,0.201281925
qf_1492--14/14_2475412.txt#0_0,0,0.001099122,0.028014252,0.066083764
qf_1492--14/14_2475412.txt#0_0,0.5,0.000380101,0.01299131,0.034474292
qf_1492--14/14_2475412.txt#0_0,1,0.001061058,0.030003908,0.067151358
qf_1492--14/14_2475412.txt#0_0,2,0.001265886,0.021106354,0.05982187
qf_1723--128/128_76305.txt#0_1,0,0.000397456,0.01278431,0.035572873
qf_1723--128/128_76305.txt#0_1,0.5,3.00E-05,0.007254398,0.012490778
qf_1723--128/128_76305.txt#0_1,1,0.000305919,0.018762727,0.038738947
qf_1723--128/128_76305.txt#0_1,2,0.000805262,0.031250213,0.0630969
qf_1776--73/73_1938527.txt#0_2,0,0.008647641,0.086835893,0.192011877
qf_1776--73/73_1938527.txt#0_2,0.5,0.012179173,0.092448554,0.217851619
qf_1776--73/73_1938527.txt#0_2,1,0.009893252,0.086669231,0.199237216
qf_1776--73/73_1938527.txt#0_2,2,0.009617375,0.091198467,0.201716164
qf_2195--13/13_325145.txt#0_2,0,0.023692173,0.139033412,0.312939084
qf_2195--13/13_325145.txt#0_2,0.5,0.021768378,0.139429209,0.305699593
qf_2195--13/13_325145.txt#0_2,1,0.028650252,0.152952587,0.344809563
qf_2195--13/13_325145.txt#0_2,2,0.022964384,0.141231112,0.312258083
qf_220--100/100_733704.txt#0_0,0,0.014587176,0.110256089,0.24695879
qf_220--100/100_733704.txt#0_0,0.5,0.015055289,0.109415969,0.248552572
qf_220--100/100_733704.txt#0_0,1,0.013812975,0.109621559,0.242544225
qf_220--100/100_733704.txt#0_0,2,0.014393876,0.102385772,0.238711176
qf_2575--20/20_3214656.txt#0_0,0,0.001804611,0.032352025,0.080749961
qf_2575--20/20_3214656.txt#0_0,0.5,0.00224508,0.036762576,0.091001546
qf_2575--20/20_3214656.txt#0_0,1,0.001382317,0.035418977,0.07746684
qf_2575--20/20_3214656.txt#0_0,2,0.00132627,0.02344521,0.063274958
qf_3026--170/170_1354094.txt#0_0,0,0.000127972,0.012956711,0.025398651
qf_3026--170/170_1354094.txt#0_0,0.5,9.02E-05,0.01192919,0.020828714
qf_3026--170/170_1354094.txt#0_0,1,0.000274378,0.026090422,0.043428953
qf_3026--170/170_1354094.txt#0_0,2,8.33E-06,0.002092431,0.003850113
qf_3128--50/50_3337.txt#0_0,0,0.00076123,0.021141568,0.052614465
qf_3128--50/50_3337.txt#0_0,0.5,0.000305264,0.016648505,0.036144425
qf_3128--50/50_3337.txt#0_0,1,0.000398612,0.016059266,0.03859992
qf_3128--50/50_3337.txt#0_0,2,0.000649464,0.026848966,0.055469682
qf_3129--69/69_2501904.txt#0_0,0,0.003255853,0.0554398,0.119743808
qf_3129--69/69_2501904.txt#0_0,0.5,0.00313024,0.053896013,0.117087518
qf_3129--69/69_2501904.txt#0_0,1,0.002210256,0.040895848,0.094218466
qf_3129--69/69_2501904.txt#0_0,2,0.003069508,0.054040347,0.116369508
qf_3202--166/166_863009.txt#0_0,0,0.001355847,0.026597824,0.068939388
qf_3202--166/166_863009.txt#0_0,0.5,0.001684616,0.048376246,0.094322829
qf_3202--166/166_863009.txt#0_0,1,0.000778758,0.021083914,0.052447929
qf_3202--166/166_863009.txt#0_0,2,0.001050329,0.032710935,0.06949322
qf_3656--12/12_934124.txt#0_1,0,0.003341346,0.046920372,0.112595835
qf_3656--12/12_934124.txt#0_1,0.5,0.00712396,0.081565472,0.176444556
qf_3656--12/12_934124.txt#0_1,1,0.004052616,0.051492755,0.123679975
qf_3656--12/12_934124.txt#0_1,2,0.00580935,0.077991908,0.16380914
qf_3745--59/59_2512300.txt#0_2,0,0.008498892,0.07430057,0.179042612
qf_3745--59/59_2512300.txt#0_2,0.5,0.010084833,0.090829221,0.204441631
qf_3745--59/59_2512300.txt#0_2,1,0.006801765,0.079645712,0.172645418
qf_3745--59/59_2512300.txt#0_2,2,0.007250459,0.07503104,0.171960302
qf_478--194/194_393733.txt#0_1,0,5.30E-35,2.02E-16,2.10E-16
qf_478--194/194_393733.txt#0_1,0.5,4.40E-34,1.81E-16,2.04E-16
qf_478--194/194_393733.txt#0_1,1,6.86E-34,1.75E-16,2.02E-16
qf_478--194/194_393733.txt#0_1,2,1.89E-33,1.81E-16,2.30E-16
qf_530--164/164_2459775.txt#0_0,0,1.28E-33,2.25E-16,2.64E-16
qf_530--164/164_2459775.txt#0_0,0.5,9.08E-34,2.02E-16,2.36E-16
qf_530--164/164_2459775.txt#0_0,1,2.59E-35,2.08E-16,2.13E-16
qf_530--164/164_2459775.txt#0_0,2,6.82E-34,2.35E-16,2.61E-16
qg_1091--8/8_3215147.txt#0_2,0,0.001557836,0.032868704,0.078053157
qg_1091--8/8_3215147.txt#0_2,0.5,0.000523667,0.018536459,0.044830351
qg_1091--8/8_3215147.txt#0_2,1,0.000415192,0.012473234,0.03309381
qg_1091--8/8_3215147.txt#0_2,2,0.000591991,0.016822735,0.04489884
qg_1094--4/4_3215155.txt#0_0,0,0.002091575,0.040903104,0.092622538
qg_1094--4/4_3215155.txt#0_0,0.5,0.001935085,0.031883306,0.08204447
qg_1094--4/4_3215155.txt#0_0,1,0.000797459,0.019392701,0.051245459
qg_1094--4/4_3215155.txt#0_0,2,0.00223124,0.045445085,0.098916927
qg_1429--123/123_375481.txt#0_2,0,7.97E-34,1.69E-16,2.00E-16
qg_1429--123/123_375481.txt#0_2,0.5,8.63E-36,1.63E-16,1.65E-16
qg_1429--123/123_375481.txt#0_2,1,7.81E-36,1.60E-16,1.62E-16
qg_1429--123/123_375481.txt#0_2,2,5.34E-34,1.60E-16,1.79E-16
qg_1795--111/111_375646.txt#0_1,0,2.49E-33,4.45E-16,4.79E-16
qg_1795--111/111_375646.txt#0_1,0.5,1.09E-33,4.43E-16,4.81E-16
qg_1795--111/111_375646.txt#0_1,1,1.75E-33,4.51E-16,4.96E-16
qg_1795--111/111_375646.txt#0_1,2,1.38E-33,4.51E-16,4.93E-16
qg_2063--191/191_3215408.txt#0_0,0,9.49E-05,0.005936144,0.017001981
qg_2063--191/191_3215408.txt#0_0,0.5,0.000147627,0.007857862,0.021884573
qg_2063--191/191_3215408.txt#0_0,1,0.000146158,0.010623541,0.024470823
qg_2063--191/191_3215408.txt#0_0,2,8.09E-05,0.005884702,0.013332248
qg_2077--57/57_1351839.txt#0_1,0,4.22E-34,8.25E-17,9.55E-17
qg_2077--57/57_1351839.txt#0_1,0.5,1.75E-34,6.59E-17,8.10E-17
qg_2077--57/57_1351839.txt#0_1,1,5.30E-34,6.37E-17,8.44E-17
qg_2077--57/57_1351839.txt#0_1,2,3.58E-34,5.48E-17,7.66E-17
qg_2116--1/1_3114498.txt#0_0,0,0.021951159,0.13791763,0.305775061
qg_2116--1/1_3114498.txt#0_0,0.5,0.019225129,0.129228262,0.285870093
qg_2116--1/1_3114498.txt#0_0,1,0.024139566,0.146665589,0.321891671
qg_2116--1/1_3114498.txt#0_0,2,0.023208064,0.136725454,0.308777463
qg_2413--135/135_2861641.txt#0_1,0,7.97E-05,0.007623715,0.011753502
qg_2413--135/135_2861641.txt#0_1,0.5,6.94E-05,0.007469734,0.012819207
qg_2413--135/135_2861641.txt#0_1,1,9.79E-05,0.008819305,0.013557079
qg_2413--135/135_2861641.txt#0_1,2,9.31E-05,0.008274552,0.012664462
qg_248--100/100_282206.txt#0_1,0,1.78E-34,2.52E-17,3.89E-17
qg_248--100/100_282206.txt#0_1,0.5,7.69E-34,4.77E-17,7.88E-17
qg_248--100/100_282206.txt#0_1,1,9.58E-34,3.07E-17,4.22E-17
qg_248--100/100_282206.txt#0_1,2,1.07E-33,5.77E-17,7.77E-17
qg_2653--98/98_2558281.txt#0_2,0,5.55E-05,0.00874542,0.016863296
qg_2653--98/98_2558281.txt#0_2,0.5,3.92E-05,0.004915962,0.011863673
qg_2653--98/98_2558281.txt#0_2,1,1.10E-05,0.003788612,0.007482208
qg_2653--98/98_2558281.txt#0_2,2,5.54E-05,0.007921445,0.016240516
qg_2790--167/167_3215631.txt#0_0,0,5.78E-34,1.97E-16,2.22E-16
qg_2790--167/167_3215631.txt#0_0,0.5,6.45E-35,1.82E-16,1.88E-16
qg_2790--167/167_3215631.txt#0_0,1,2.28E-34,2.04E-16,2.21E-16
qg_2790--167/167_3215631.txt#0_0,2,1.88E-34,1.90E-16,2.05E-16
qg_2887--Lacrosse.txt#0_0,0,0.000193467,0.014185709,0.029485542
qg_2887--Lacrosse.txt#0_0,0.5,0.000360584,0.018885226,0.040272804
qg_2887--Lacrosse.txt#0_0,1,0.00044252,0.019547187,0.043516529
qg_2887--Lacrosse.txt#0_0,2,0.000431009,0.015450392,0.038831134
qg_2992--93/93_3215677.txt#0_1,0,5.82E-06,0.004479672,0.006604072
qg_2992--93/93_3215677.txt#0_1,0.5,0.00045833,0.016377298,0.040663677
qg_2992--93/93_3215677.txt#0_1,1,0.000253455,0.010891866,0.022465166
qg_2992--93/93_3215677.txt#0_1,2,6.14E-05,0.00507256,0.011825091
qg_3086--66/66_999434.txt#0_1,0,0.001722121,0.039934268,0.086658708
qg_3086--66/66_999434.txt#0_1,0.5,0.000728405,0.022086337,0.052867335
qg_3086--66/66_999434.txt#0_1,1,0.001039463,0.030505356,0.066990745
qg_3086--66/66_999434.txt#0_1,2,0.001414803,0.033158465,0.075615215
qg_3088--142/142_2565750.txt#0_1,0,0.002247208,0.049907967,0.103694709
qg_3088--142/142_2565750.txt#0_1,0.5,0.001502411,0.03664456,0.080749653
qg_3088--142/142_2565750.txt#0_1,1,0.00030248,0.010547848,0.028430847
qg_3088--142/142_2565750.txt#0_1,2,0.000231194,0.011022823,0.018883939
qg_3182--3/3_2567423.txt#0_0,0,0.018096323,0.128655776,0.280720875
qg_3182--3/3_2567423.txt#0_0,0.5,0.021760163,0.141387295,0.3075807
qg_3182--3/3_2567423.txt#0_0,1,0.020740911,0.144332995,0.305496033
qg_3182--3/3_2567423.txt#0_0,2,0.019714737,0.143653949,0.300940041
qg_3271--66/66_2533261.txt#0_0,0,0.000708614,0.022242421,0.052406354
qg_3271--66/66_2533261.txt#0_0,0.5,0.000283425,0.016204129,0.034729648
qg_3271--66/66_2533261.txt#0_0,1,0.000383171,0.01245929,0.035042632
qg_3271--66/66_2533261.txt#0_0,2,0.000163968,0.009773955,0.022795513
qg_4076--107/107_3215880.txt#0_2,0,3.55E-05,0.003860236,0.010480792
qg_4076--107/107_3215880.txt#0_2,0.5,0.000107934,0.010508624,0.022338162
qg_4076--107/107_3215880.txt#0_2,1,9.80E-05,0.007310253,0.01859619
qg_4076--107/107_3215880.txt#0_2,2,0.000117143,0.011465174,0.023552189
qw_10270--138/138_49533.txt#0_0,0,0.000458357,0.015055673,0.039028322
qw_10270--138/138_49533.txt#0_0,0.5,0.000817834,0.029099366,0.061555997
qw_10270--138/138_49533.txt#0_0,1,0.000911479,0.026027349,0.060648293
qw_10270--138/138_49533.txt#0_0,2,0.000373663,0.012200177,0.030360351
qw_11125--81/81_1257240.txt#0_1,0,0.000589783,0.042235812,0.066218087
qw_11125--81/81_1257240.txt#0_1,0.5,0.001964899,0.056826152,0.104128647
qw_11125--81/81_1257240.txt#0_1,1,0.00015131,0.017176297,0.029785144
qw_11125--81/81_1257240.txt#0_1,2,0.001096503,0.04882161,0.084232539
qw_11437--137/137_654439.txt#0_0,0,0.007881274,0.077334181,0.177707473
qw_11437--137/137_654439.txt#0_0,0.5,0.008684723,0.079612484,0.185229703
qw_11437--137/137_654439.txt#0_0,1,0.00724329,0.083127678,0.178599552
qw_11437--137/137_654439.txt#0_0,2,0.010685637,0.108632494,0.224011161
qw_11443--84/84_2975478.txt#0_0,0,1.97E-06,0.00136063,0.002714676
qw_11443--84/84_2975478.txt#0_0,0.5,2.14E-05,0.004091635,0.009259451
qw_11443--84/84_2975478.txt#0_0,1,4.03E-06,0.0022407,0.00413918
qw_11443--84/84_2975478.txt#0_0,2,1.89E-05,0.005927792,0.010266762
qw_1155--186/186_1072791.txt#0_0,0,6.69E-05,0.006544049,0.015898654
qw_1155--186/186_1072791.txt#0_0,0.5,6.10E-05,0.006152247,0.015076369
qw_1155--186/186_1072791.txt#0_0,1,8.65E-05,0.007609155,0.018228368
qw_1155--186/186_1072791.txt#0_0,2,5.88E-05,0.006656466,0.015374878
qw_11850--49/49_1269426.txt#0_0,0,0.000313727,0.011148488,0.031144547
qw_11850--49/49_1269426.txt#0_0,0.5,7.71E-05,0.006101026,0.011689171
qw_11850--49/49_1269426.txt#0_0,1,0.000436155,0.018355888,0.042052246
qw_11850--49/49_1269426.txt#0_0,2,0.000186522,0.014087231,0.029677541
qw_11886--United_Nations_peacekeeping.txt#0_0,0,1.79E-05,0.003600591,0.008101081
qw_11886--United_Nations_peacekeeping.txt#0_0,0.5,5.90E-05,0.00701527,0.01573442
qw_11886--United_Nations_peacekeeping.txt#0_0,1,7.84E-05,0.008290245,0.018484205
qw_11886--United_Nations_peacekeeping.txt#0_0,2,7.63E-05,0.009706383,0.019423799
qw_12027--75/75_2714729.txt#0_0,0,7.48E-05,0.006947269,0.009122027
qw_12027--75/75_2714729.txt#0_0,0.5,0.000232066,0.009783025,0.024177517
qw_12027--75/75_2714729.txt#0_0,1,0.001191274,0.027093692,0.066554906
qw_12027--75/75_2714729.txt#0_0,2,0.000392148,0.012915125,0.035178959
qw_1239--16/16_1074565.txt#0_2,0,0.000259385,0.016284711,0.034356883
qw_1239--16/16_1074565.txt#0_2,0.5,0.000117962,0.010219115,0.022399492
qw_1239--16/16_1074565.txt#0_2,1,0.000156746,0.013313387,0.027262005
qw_1239--16/16_1074565.txt#0_2,2,0.000114037,0.010779583,0.022692483
qw_1265--47/47_2693885.txt#0_1,0,0.005998526,0.074720308,0.162334925
qw_1265--47/47_2693885.txt#0_1,0.5,0.003797465,0.050732802,0.121045532
qw_1265--47/47_2693885.txt#0_1,1,0.002554603,0.041355944,0.098886241
qw_1265--47/47_2693885.txt#0_1,2,0.003192362,0.043321641,0.107590984
qw_12653--136/136_1283549.txt#0_1,0,0.000532751,0.01933014,0.045668592
qw_12653--136/136_1283549.txt#0_1,0.5,0.000485718,0.019483113,0.044573051
qw_12653--136/136_1283549.txt#0_1,1,0.00161958,0.03916692,0.084835195
qw_12653--136/136_1283549.txt#0_1,2,0.000988927,0.027293944,0.062985922
qw_13284--106/106_96340.txt#0_1,0,0.000494012,0.014746104,0.038938318
qw_13284--106/106_96340.txt#0_1,0.5,0.000151101,0.009611669,0.01363165
qw_13284--106/106_96340.txt#0_1,1,0.000386223,0.018327592,0.041013559
qw_13284--106/106_96340.txt#0_1,2,0.00137126,0.034948944,0.076766774
qw_15440--126/126_2983047.txt#0_0,0,0.010453785,0.091402156,0.207416458
qw_15440--126/126_2983047.txt#0_0,0.5,0.010487392,0.092609606,0.2087574
qw_15440--126/126_2983047.txt#0_0,1,0.010423713,0.0887977,0.205472309
qw_15440--126/126_2983047.txt#0_0,2,0.017930269,0.112249374,0.264490715
qw_15940--120/120_2983777.txt#0_0,0,0.024909219,0.138761318,0.317508511
qw_15940--120/120_2983777.txt#0_0,0.5,0.034200722,0.15819398,0.367810549
qw_15940--120/120_2983777.txt#0_0,1,0.029819045,0.162047457,0.357215422
qw_15940--120/120_2983777.txt#0_0,2,0.024465902,0.138600365,0.315379298
qw_15997--140/140_2983879.txt#0_1,0,0.011665298,0.091073403,0.213618663
qw_15997--140/140_2983879.txt#0_1,0.5,0.012313283,0.093216903,0.219568491
qw_15997--140/140_2983879.txt#0_1,1,0.010349471,0.086681582,0.20205891
qw_15997--140/140_2983879.txt#0_1,2,0.013158888,0.098222785,0.22855044
qw_16611--39/39_1072174.txt#0_0,0,0.002939609,0.042898851,0.104855515
qw_16611--39/39_1072174.txt#0_0,0.5,0.003219328,0.045826539,0.110666971
qw_16611--39/39_1072174.txt#0_0,1,0.003055613,0.040373177,0.103742234
qw_16611--39/39_1072174.txt#0_0,2,0.003516437,0.050879349,0.118449938
qw_16785--192/192_1349169.txt#0_1,0,0.008047146,0.076825577,0.178786142
qw_16785--192/192_1349169.txt#0_1,0.5,0.008084848,0.063332813,0.166421124
qw_16785--192/192_1349169.txt#0_1,1,0.006849728,0.072162992,0.165917962
qw_16785--192/192_1349169.txt#0_1,2,0.006272808,0.070851637,0.160581799
qw_1719--97/97_1084406.txt#0_1,0,0.001203761,0.024917191,0.064451973
qw_1719--97/97_1084406.txt#0_1,0.5,0.002189153,0.040263864,0.093481546
qw_1719--97/97_1084406.txt#0_1,1,0.001779822,0.04046374,0.088058708
qw_1719--97/97_1084406.txt#0_1,2,0.001985572,0.036159693,0.087038654
qw_1849--186/186_2958618.txt#0_0,0,6.89E-34,2.09E-16,2.33E-16
qw_1849--186/186_2958618.txt#0_0,0.5,6.67E-34,2.12E-16,2.40E-16
qw_1849--186/186_2958618.txt#0_0,1,1.64E-34,2.22E-16,2.30E-16
qw_1849--186/186_2958618.txt#0_0,2,1.06E-33,2.16E-16,2.45E-16
qw_2021--84/84_31075.txt#0_1,0,4.25E-07,0.000519623,0.000809194
qw_2021--84/84_31075.txt#0_1,0.5,9.97E-07,0.000698065,0.001836451
qw_2021--84/84_31075.txt#0_1,1,1.83E-07,0.000955756,0.001436656
qw_2021--84/84_31075.txt#0_1,2,5.08E-07,0.001027572,0.001716881
qw_2616--7/7_311565.txt#0_0,0,0.000863248,0.030449397,0.063651103
qw_2616--7/7_311565.txt#0_0,0.5,0.000423212,0.015209317,0.038380369
qw_2616--7/7_311565.txt#0_0,1,0.000620859,0.02239095,0.05074522
qw_2616--7/7_311565.txt#0_0,2,0.000209544,0.01024632,0.025740653
qw_2956--145/145_1107670.txt#0_1,0,5.47E-34,2.84E-16,3.06E-16
qw_2956--145/145_1107670.txt#0_1,0.5,3.34E-34,2.56E-16,2.68E-16
qw_2956--145/145_1107670.txt#0_1,1,1.52E-35,2.81E-16,2.84E-16
qw_2956--145/145_1107670.txt#0_1,2,8.05E-35,2.68E-16,2.73E-16
qw_3080--104/104_1110125.txt#0_1,0,0.000444276,0.013513396,0.032431818
qw_3080--104/104_1110125.txt#0_1,0.5,0.000722838,0.029163027,0.059827866
qw_3080--104/104_1110125.txt#0_1,1,0.001072253,0.02767969,0.065187145
qw_3080--104/104_1110125.txt#0_1,2,0.001074009,0.01947534,0.055039696
qw_3199--48/48_2960705.txt#0_2,0,3.38E-06,0.001378375,0.003480537
qw_3199--48/48_2960705.txt#0_2,0.5,4.89E-06,0.001623173,0.004154787
qw_3199--48/48_2960705.txt#0_2,1,4.85E-06,0.001700004,0.004221629
qw_3199--48/48_2960705.txt#0_2,2,1.02E-05,0.002490444,0.006138767
qw_4037--91/91_437346.txt#0_0,0,3.11E-34,1.61E-16,1.81E-16
qw_4037--91/91_437346.txt#0_0,0.5,8.92E-35,1.59E-16,1.70E-16
qw_4037--91/91_437346.txt#0_0,1,1.51E-33,1.77E-16,2.08E-16
qw_4037--91/91_437346.txt#0_0,2,2.19E-34,1.65E-16,1.81E-16
qw_4069--38/38_172852.txt#0_0,0,0.001532952,0.034956189,0.079448719
qw_4069--38/38_172852.txt#0_0,0.5,0.001409976,0.032381208,0.074827428
qw_4069--38/38_172852.txt#0_0,1,0.00148776,0.032883347,0.076671897
qw_4069--38/38_172852.txt#0_0,2,0.00092719,0.024755877,0.05936028
qw_4081--32/32_1128800.txt#0_0,0,1.34E-06,0.001366216,0.002644543
qw_4081--32/32_1128800.txt#0_0,0.5,7.01E-06,0.001642624,0.004401903
qw_4081--32/32_1128800.txt#0_0,1,9.21E-07,0.00285166,0.003958315
qw_4081--32/32_1128800.txt#0_0,2,4.76E-05,0.00647693,0.014244007
qw_4782--187/187_1142011.txt#0_1,0,4.81E-34,3.40E-17,5.77E-17
qw_4782--187/187_1142011.txt#0_1,0.5,2.48E-34,4.88E-17,6.11E-17
qw_4782--187/187_1142011.txt#0_1,1,5.00E-34,3.48E-17,5.55E-17
qw_4782--187/187_1142011.txt#0_1,2,4.60E-35,5.14E-17,5.88E-17
qw_5145--123/123_1138870.txt#0_1,0,0.04998066,0.205426943,0.457735628
qw_5145--123/123_1138870.txt#0_1,0.5,0.036831446,0.184931994,0.40087023
qw_5145--123/123_1138870.txt#0_1,1,0.046317391,0.199740375,0.442311661
qw_5145--123/123_1138870.txt#0_1,2,0.051045944,0.240326329,0.490209134
qw_5549--67/67_1155062.txt#0_1,0,0.000213831,0.010432738,0.018473953
qw_5549--67/67_1155062.txt#0_1,0.5,9.55E-05,0.009310094,0.018435763
qw_5549--67/67_1155062.txt#0_1,1,0.000414125,0.013484451,0.029946065
qw_5549--67/67_1155062.txt#0_1,2,6.37E-05,0.017476925,0.026683956
qw_5900--159/159_1161564.txt#0_0,0,2.62E-34,1.83E-16,2.01E-16
qw_5900--159/159_1161564.txt#0_0,0.5,1.53E-34,1.80E-16,1.93E-16
qw_5900--159/159_1161564.txt#0_0,1,3.12E-35,1.76E-16,1.82E-16
qw_5900--159/159_1161564.txt#0_0,2,3.42E-34,1.93E-16,2.08E-16
qw_597--13/13_1061577.txt#0_1,0,0.000242022,0.014202714,0.031627126
qw_597--13/13_1061577.txt#0_1,0.5,0.000298931,0.016063014,0.035395206
qw_597--13/13_1061577.txt#0_1,1,0.000222211,0.016167262,0.032836671
qw_597--13/13_1061577.txt#0_1,2,0.000473404,0.02358312,0.04789289
qw_597--13/13_1061577.txt#0_2,0,6.25E-34,6.44E-17,8.99E-17
qw_597--13/13_1061577.txt#0_2,0.5,6.77E-34,6.22E-17,9.21E-17
qw_597--13/13_1061577.txt#0_2,1,1.75E-34,6.92E-17,8.44E-17
qw_597--13/13_1061577.txt#0_2,2,3.27E-34,5.29E-17,6.55E-17
qw_6502--97/97_1172999.txt#0_0,0,0.001629537,0.029776552,0.075979557
qw_6502--97/97_1172999.txt#0_0,0.5,0.000368547,0.012757258,0.033570749
qw_6502--97/97_1172999.txt#0_0,1,0.000553318,0.020493917,0.047305219
qw_6502--97/97_1172999.txt#0_0,2,0.00083423,0.017079818,0.048724144
qw_6881--133/133_2704872.txt#0_2,0,0.011285472,0.094583788,0.215167891
qw_6881--133/133_2704872.txt#0_2,0.5,0.011389317,0.095517817,0.216712373
qw_6881--133/133_2704872.txt#0_2,1,0.01054804,0.097145419,0.213519421
qw_6881--133/133_2704872.txt#0_2,2,0.009184443,0.079927552,0.189123758
qw_7276--142/142_1187158.txt#0_1,0,0.004070825,0.074772824,0.144866682
qw_7276--142/142_1187158.txt#0_1,0.5,0.004156832,0.069247545,0.140449403
qw_7276--142/142_1187158.txt#0_1,1,0.004995998,0.072989884,0.151931983
qw_7276--142/142_1187158.txt#0_1,2,0.005903203,0.081607045,0.166855332
qw_8714--28/28_287982.txt#0_0,0,0.010012543,0.094212163,0.206963826
qw_8714--28/28_287982.txt#0_0,0.5,0.013707217,0.107662587,0.239949293
qw_8714--28/28_287982.txt#0_0,1,0.00973522,0.088483684,0.200063859
qw_8714--28/28_287982.txt#0_0,2,0.0123512,0.099216908,0.224991375
qw_8760--191/191_551701.txt#0_1,0,0.019712662,0.133171062,0.291441183
qw_8760--191/191_551701.txt#0_1,0.5,0.019207663,0.132895556,0.288824509
qw_8760--191/191_551701.txt#0_1,1,0.016167972,0.118299835,0.261537484
qw_8760--191/191_551701.txt#0_1,2,0.01996777,0.128553464,0.288005941
qw_9299--131/131_1223632.txt#0_1,0,0.001281332,0.041577468,0.081414337
qw_9299--131/131_1223632.txt#0_1,0.5,0.001042039,0.030885434,0.067154256
qw_9299--131/131_1223632.txt#0_1,1,0.001129652,0.028711444,0.066848372
qw_9299--131/131_1223632.txt#0_1,2,0.001048213,0.024621136,0.061258261
qz_127--19/19_99793.txt#0_2,0,0.019501735,0.129187253,0.287326151
qz_127--19/19_99793.txt#0_2,0.5,0.014930374,0.104004315,0.243026837
qz_127--19/19_99793.txt#0_2,1,0.018695034,0.112424302,0.267758002
qz_127--19/19_99793.txt#0_2,2,0.017247581,0.117481344,0.26641717
qz_1958--123/123_146775.txt#0_1,0,0.002991541,0.043342383,0.105302451
qz_1958--123/123_146775.txt#0_1,0.5,0.002175392,0.040226034,0.093293024
qz_1958--123/123_146775.txt#0_1,1,0.002398476,0.046005054,0.101576216
qz_1958--123/123_146775.txt#0_1,2,0.002921053,0.04437309,0.105942948
qz_2001--6/6_147605.txt#0_1,0,0.00826937,0.089442357,0.191729661
qz_2001--6/6_147605.txt#0_1,0.5,0.007626999,0.077120878,0.175781444
qz_2001--6/6_147605.txt#0_1,1,0.009703936,0.098490021,0.209233617
qz_2001--6/6_147605.txt#0_1,2,0.007084409,0.078680361,0.173299658
qz_2223--157/157_12133.txt#0_0,0,0.001822883,0.037633946,0.085811606
qz_2223--157/157_12133.txt#0_0,0.5,0.002803039,0.053058964,0.112870975
qz_2223--157/157_12133.txt#0_0,1,0.002174403,0.045663154,0.098255545
qz_2223--157/157_12133.txt#0_0,2,0.001438635,0.036912941,0.07932617
qz_2423--179/179_157731.txt#0_0,0,0.00533356,0.064389689,0.14683599
qz_2423--179/179_157731.txt#0_0,0.5,0.004404794,0.04752059,0.121393967
qz_2423--179/179_157731.txt#0_0,1,0.005848612,0.065827093,0.152857375
qz_2423--179/179_157731.txt#0_0,2,0.003938881,0.044965911,0.115669643
qz_2758--66/66_166611.txt#0_1,0,0.009748586,0.083591484,0.196266011
qz_2758--66/66_166611.txt#0_1,0.5,0.005220886,0.063550365,0.145203786
qz_2758--66/66_166611.txt#0_1,1,0.006306492,0.070462043,0.160621148
qz_2758--66/66_166611.txt#0_1,2,0.0075122,0.079732637,0.177533441
qz_2787--60/60_167773.txt#0_2,0,0.009697323,0.069627302,0.182776863
qz_2787--60/60_167773.txt#0_2,0.5,0.00733639,0.060638106,0.159082388
qz_2787--60/60_167773.txt#0_2,1,0.006506089,0.050504592,0.142694986
qz_2787--60/60_167773.txt#0_2,2,0.008998807,0.069469,0.178471013
qz_3456--13/13_2880285.txt#0_1,0,0.005069905,0.053460962,0.134835613
qz_3456--13/13_2880285.txt#0_1,0.5,0.004905333,0.05939665,0.139365427
qz_3456--13/13_2880285.txt#0_1,1,0.005806127,0.068528182,0.155110741
qz_3456--13/13_2880285.txt#0_1,2,0.00580915,0.066048586,0.152698549
qz_3752--50/50_191237.txt#0_0,0,0.027809804,0.158006802,0.345881314
qz_3752--50/50_191237.txt#0_0,0.5,0.028883764,0.154828811,0.347117408
qz_3752--50/50_191237.txt#0_0,1,0.024344417,0.138480678,0.315459191
qz_3752--50/50_191237.txt#0_0,2,0.025256409,0.140950159,0.320806489
qz_4056--61/61_3205981.txt#0_0,0,0.000510717,0.015828585,0.039978335
qz_4056--61/61_3205981.txt#0_0,0.5,0.00047759,0.014094004,0.033167156
qz_4056--61/61_3205981.txt#0_0,1,0.000186438,0.008476423,0.021628197
qz_4056--61/61_3205981.txt#0_0,2,0.000732056,0.024064566,0.05469585
qz_4241--129/129_203139.txt#0_0,0,0.027315805,0.151845581,0.338426479
qz_4241--129/129_203139.txt#0_0,0.5,0.029034254,0.155937353,0.349078324
qz_4241--129/129_203139.txt#0_0,1,0.032962217,0.154408223,0.360381813
qz_4241--129/129_203139.txt#0_0,2,0.02315885,0.130964611,0.303678016
qz_5143--23/23_1663094.txt#0_1,0,1.60E-06,0.001099094,0.002519587
qz_5143--23/23_1663094.txt#0_1,0.5,5.86E-05,0.01776191,0.024451274
qz_5143--23/23_1663094.txt#0_1,1,5.78E-06,0.003204911,0.005922137
qz_5143--23/23_1663094.txt#0_1,2,1.38E-05,0.002935136,0.004136802
qz_5520--85/85_231844.txt#0_1,0,5.22E-35,2.46E-16,2.53E-16
qz_5520--85/85_231844.txt#0_1,0.5,2.88E-36,2.54E-16,2.55E-16
qz_5520--85/85_231844.txt#0_1,1,7.19E-35,2.53E-16,2.62E-16
qz_5520--85/85_231844.txt#0_1,2,1.34E-34,2.33E-16,2.41E-16
qz_5580--182/182_233604.txt#0_1,0,0.001772795,0.048476198,0.095439438
qz_5580--182/182_233604.txt#0_1,0.5,0.002252185,0.047807136,0.100593224
qz_5580--182/182_233604.txt#0_1,1,0.002279409,0.042751708,0.096058447
qz_5580--182/182_233604.txt#0_1,2,0.002951105,0.045491838,0.107103184
qz_5877--148/148_240409.txt#0_1,0,0.000192664,0.014185175,0.029648141
qz_5877--148/148_240409.txt#0_1,0.5,0.000181857,0.011630311,0.026904695
qz_5877--148/148_240409.txt#0_1,1,0.00018302,0.01115904,0.026506592
qz_5877--148/148_240409.txt#0_1,2,0.000179814,0.013428634,0.02848266
qz_5877--148/148_240409.txt#0_2,0,6.86E-34,2.56E-16,2.83E-16
qz_5877--148/148_240409.txt#0_2,0.5,1.65E-33,2.49E-16,2.91E-16
qz_5877--148/148_240409.txt#0_2,1,6.07E-34,2.41E-16,2.63E-16
qz_5877--148/148_240409.txt#0_2,2,4.81E-34,2.39E-16,2.59E-16
qz_6268--46/46_250126.txt#0_1,0,0.000424179,0.02250616,0.045359263
qz_6268--46/46_250126.txt#0_1,0.5,4.25E-05,0.00669384,0.014173383
qz_6268--46/46_250126.txt#0_1,1,0.000197005,0.01680547,0.030788842
qz_6268--46/46_250126.txt#0_1,2,0.00013085,0.021174218,0.03211429
sfq_10250--131/131_472528.txt#0_0,0,0.000336966,0.011267106,0.03000624
sfq_10250--131/131_472528.txt#0_0,0.5,0.000296208,0.010729404,0.027349826
sfq_10250--131/131_472528.txt#0_0,1,0.000453405,0.012577114,0.036860586
sfq_10250--131/131_472528.txt#0_0,2,0.001352615,0.028365656,0.070500077
sfq_10516--89/89_1704034.txt#0_0,0,0.010043433,0.086716659,0.200411054
sfq_10516--89/89_1704034.txt#0_0,0.5,0.010363969,0.082787477,0.198679962
sfq_10516--89/89_1704034.txt#0_0,1,0.011278641,0.092579392,0.213102864
sfq_10516--89/89_1704034.txt#0_0,2,0.010745073,0.086168404,0.204098341
sfq_11145--8/8_2764204.txt#0_0,0,0.016354375,0.106975056,0.252312958
sfq_11145--8/8_2764204.txt#0_0,0.5,0.015185742,0.108632094,0.248521599
sfq_11145--8/8_2764204.txt#0_0,1,0.01353356,0.100389334,0.232587068
sfq_11145--8/8_2764204.txt#0_0,2,0.014801835,0.101917205,0.240123769
sfq_11236--88/88_1721040.txt#0_0,0,0.001182994,0.023532945,0.047885923
sfq_11236--88/88_1721040.txt#0_0,0.5,0.000223438,0.020506301,0.03512234
sfq_11236--88/88_1721040.txt#0_0,1,0.000333782,0.01720666,0.02644932
sfq_11236--88/88_1721040.txt#0_0,2,0.002201994,0.027596507,0.080078714
sfq_11605--183/183_1728962.txt#0_2,0,0.000112876,0.00928954,0.021286827
sfq_11605--183/183_1728962.txt#0_2,0.5,8.27E-05,0.006697266,0.017099459
sfq_11605--183/183_1728962.txt#0_2,1,2.62E-05,0.004962454,0.01066921
sfq_11605--183/183_1728962.txt#0_2,2,5.23E-05,0.008548824,0.016383519
sfq_11783--191/191_1732943.txt#0_1,0,0.008457615,0.091001646,0.193675863
sfq_11783--191/191_1732943.txt#0_1,0.5,0.009981956,0.102926842,0.214792517
sfq_11783--191/191_1732943.txt#0_1,1,0.010967016,0.105402432,0.222728035
sfq_11783--191/191_1732943.txt#0_1,2,0.012990055,0.097120019,0.226209564
sfq_1192--97/97_1493497.txt#0_2,0,0.012199621,0.093551687,0.21890563
sfq_1192--97/97_1493497.txt#0_2,0.5,0.011458158,0.093471507,0.214772638
sfq_1192--97/97_1493497.txt#0_2,1,0.012673939,0.102441609,0.229634525
sfq_1192--97/97_1493497.txt#0_2,2,0.013356713,0.104274465,0.235019191
sfq_11961--3/3_2765982.txt#0_1,0,0.003312721,0.045245685,0.110929216
sfq_11961--3/3_2765982.txt#0_1,0.5,0.003343206,0.052685583,0.118038123
sfq_11961--3/3_2765982.txt#0_1,1,0.00457778,0.057490401,0.134459192
sfq_11961--3/3_2765982.txt#0_1,2,0.004288078,0.057791421,0.132073309
sfq_12025--58/58_1700414.txt#0_2,0,0.006281443,0.070709613,0.160595831
sfq_12025--58/58_1700414.txt#0_2,0.5,0.003826726,0.046227743,0.11685212
sfq_12025--58/58_1700414.txt#0_2,1,0.00414484,0.056600791,0.129670389
sfq_12025--58/58_1700414.txt#0_2,2,0.007686582,0.074488105,0.17420411
sfq_1224--17/17_461209.txt#0_1,0,0.006918989,0.075842171,0.169525818
sfq_1224--17/17_461209.txt#0_1,0.5,0.006861527,0.075506942,0.169283082
sfq_1224--17/17_461209.txt#0_1,1,0.007812744,0.085225235,0.184669383
sfq_1224--17/17_461209.txt#0_1,2,0.007335208,0.077410689,0.17419806
sfq_12851--98/98_131425.txt#0_0,0,2.39E-05,0.004237475,0.009647732
sfq_12851--98/98_131425.txt#0_0,0.5,0.000259024,0.013991181,0.032179446
sfq_12851--98/98_131425.txt#0_0,1,3.61E-05,0.007960887,0.014351874
sfq_12851--98/98_131425.txt#0_0,2,0.000231961,0.01467939,0.031626476
sfq_12855--189/189_1756387.txt#0_1,0,0.003499143,0.051647358,0.118930866
sfq_12855--189/189_1756387.txt#0_1,0.5,0.002748839,0.03807975,0.097696004
sfq_12855--189/189_1756387.txt#0_1,1,0.002175109,0.040690085,0.09375311
sfq_12855--189/189_1756387.txt#0_1,2,0.002354096,0.037861933,0.093156729
sfq_13030--New_York_Stadium.txt#0_0,0,0.008595358,0.081268805,0.186535259
sfq_13030--New_York_Stadium.txt#0_0,0.5,0.008968773,0.082007947,0.189624244
sfq_13030--New_York_Stadium.txt#0_0,1,0.008351369,0.078654327,0.182581346
sfq_13030--New_York_Stadium.txt#0_0,2,0.007662558,0.070815933,0.170652981
sfq_13406--148/148_983957.txt#0_0,0,0.003955867,0.05366468,0.125323399
sfq_13406--148/148_983957.txt#0_0,0.5,0.003690897,0.050059197,0.119377783
sfq_13406--148/148_983957.txt#0_0,1,0.002782821,0.050293099,0.109805401
sfq_13406--148/148_983957.txt#0_0,2,0.005028062,0.070268102,0.149848666
sfq_13707--150/150_14358.txt#0_0,0,2.28E-05,0.006984556,0.011695608
sfq_13707--150/150_14358.txt#0_0,0.5,6.03E-06,0.005062578,0.007721177
sfq_13707--150/150_14358.txt#0_0,1,9.33E-06,0.00588671,0.009142391
sfq_13707--150/150_14358.txt#0_0,2,0.000149089,0.010628563,0.024592784
sfq_1377--91/91_1497797.txt#0_1,0,0.012576437,0.104057258,0.230934202
sfq_1377--91/91_1497797.txt#0_1,0.5,0.012527662,0.101718632,0.228279315
sfq_1377--91/91_1497797.txt#0_1,1,0.015964318,0.107208531,0.250832888
sfq_1377--91/91_1497797.txt#0_1,2,0.010965864,0.087968867,0.20695108
sfq_13847--137/137_1778867.txt#0_1,0,0.02599541,0.139959633,0.322892147
sfq_13847--137/137_1778867.txt#0_1,0.5,0.023065191,0.135471404,0.307535613
sfq_13847--137/137_1778867.txt#0_1,1,0.029567631,0.154487429,0.349252671
sfq_13847--137/137_1778867.txt#0_1,2,0.02472848,0.13668897,0.314915896
sfq_14271--117/117_152714.txt#0_1,0,0.0045986,0.054942406,0.132035559
sfq_14271--117/117_152714.txt#0_1,0.5,0.004915127,0.065062636,0.144365216
sfq_14271--117/117_152714.txt#0_1,1,0.005546952,0.068433397,0.152793043
sfq_14271--117/117_152714.txt#0_1,2,0.004705891,0.064643599,0.142097687
sfq_14642--115/115_2771986.txt#0_1,0,0.009436747,0.082551102,0.193198165
sfq_14642--115/115_2771986.txt#0_1,0.5,0.0085027,0.076066791,0.180835186
sfq_14642--115/115_2771986.txt#0_1,1,0.009592579,0.083689665,0.195013245
sfq_14642--115/115_2771986.txt#0_1,2,0.009229074,0.087635542,0.196500047
sfq_14796--60/60_1860775.txt#0_1,0,1.84E-05,0.005642364,0.010230163
sfq_14796--60/60_1860775.txt#0_1,0.5,0.000137992,0.010902194,0.024096233
sfq_14796--60/60_1860775.txt#0_1,1,3.31E-05,0.008517647,0.014291813
sfq_14796--60/60_1860775.txt#0_1,2,6.28E-05,0.00901284,0.017838318
sfq_14830--197/197_1800498.txt#0_1,0,0.00253208,0.041011696,0.098429182
sfq_14830--197/197_1800498.txt#0_1,0.5,0.001936809,0.034797612,0.085050833
sfq_14830--197/197_1800498.txt#0_1,1,0.00415384,0.056796435,0.130176304
sfq_14830--197/197_1800498.txt#0_1,2,0.00343772,0.045121618,0.112221006
sfq_15401--88/88_1813633.txt#0_1,0,0.019753471,0.121525534,0.281371128
sfq_15401--88/88_1813633.txt#0_1,0.5,0.015434063,0.111955157,0.25254505
sfq_15401--88/88_1813633.txt#0_1,1,0.016987437,0.115707921,0.263528906
sfq_15401--88/88_1813633.txt#0_1,2,0.022446172,0.143238277,0.312405327
sfq_1626--73/73_1503331.txt#0_1,0,0.016342012,0.114954838,0.259542962
sfq_1626--73/73_1503331.txt#0_1,0.5,0.014631158,0.107607875,0.244901216
sfq_1626--73/73_1503331.txt#0_1,1,0.014242256,0.107574889,0.242292887
sfq_1626--73/73_1503331.txt#0_1,2,0.017632475,0.123913324,0.273639499
sfq_16267--E._L._James.txt#0_2,0,0.000456396,0.026144597,0.049326345
sfq_16267--E._L._James.txt#0_2,0.5,0.000543553,0.020300306,0.046767689
sfq_16267--E._L._James.txt#0_2,1,0.000186801,0.011226638,0.026377804
sfq_16267--E._L._James.txt#0_2,2,0.000331133,0.021253305,0.041496652
sfq_16328--35/35_1834766.txt#0_0,0,0.020301254,0.126288066,0.287519402
sfq_16328--35/35_1834766.txt#0_0,0.5,0.01661178,0.114386175,0.260449075
sfq_16328--35/35_1834766.txt#0_0,1,0.020298131,0.125725025,0.28712019
sfq_16328--35/35_1834766.txt#0_0,2,0.017683586,0.120602609,0.271038245
sfq_16378--17/17_461209.txt#0_0,0,0.000444945,0.016735984,0.040879073
sfq_16378--17/17_461209.txt#0_0,0.5,0.00045224,0.014557764,0.038376189
sfq_16378--17/17_461209.txt#0_0,1,0.000569641,0.01976968,0.047000835
sfq_16378--17/17_461209.txt#0_0,2,0.000455011,0.01771677,0.041906672
sfq_16447--2/2_201163.txt#0_1,0,0.001914245,0.042600304,0.091507752
sfq_16447--2/2_201163.txt#0_1,0.5,0.001920576,0.03788151,0.087448489
sfq_16447--2/2_201163.txt#0_1,1,0.003286423,0.058871897,0.122424564
sfq_16447--2/2_201163.txt#0_1,2,0.002698446,0.046261947,0.105087048
sfq_16522--56/56_1003309.txt#0_0,0,0.012388441,0.105857392,0.230763826
sfq_16522--56/56_1003309.txt#0_0,0.5,0.010564221,0.102376432,0.217684636
sfq_16522--56/56_1003309.txt#0_0,1,0.017421789,0.128882176,0.277302419
sfq_16522--56/56_1003309.txt#0_0,2,0.016416089,0.116882196,0.261618046
sfq_17367--193/193_1858126.txt#0_0,0,0.001605334,0.032758055,0.07826235
sfq_17367--193/193_1858126.txt#0_0,0.5,0.001386813,0.030796475,0.073170283
sfq_17367--193/193_1858126.txt#0_0,1,0.001628105,0.039719889,0.085321297
sfq_17367--193/193_1858126.txt#0_0,2,0.001494476,0.035106577,0.079107043
sfq_1807--198/198_1507629.txt#0_1,0,0.01196346,0.10479379,0.227755376
sfq_1807--198/198_1507629.txt#0_1,0.5,0.010278908,0.094904246,0.209196208
sfq_1807--198/198_1507629.txt#0_1,1,0.011368567,0.104322664,0.224363932
sfq_1807--198/198_1507629.txt#0_1,2,0.012347012,0.1059059,0.230803105
sfq_18204--53/53_1875473.txt#0_1,0,0.000160992,0.0096469,0.023617832
sfq_18204--53/53_1875473.txt#0_1,0.5,0.000455588,0.01965182,0.043908257
sfq_18204--53/53_1875473.txt#0_1,1,0.00014369,0.007986438,0.020980531
sfq_18204--53/53_1875473.txt#0_1,2,0.000275284,0.015061433,0.034032021
sfq_18399--42/42_156375.txt#0_0,0,0.00711877,0.071752272,0.167741998
sfq_18399--42/42_156375.txt#0_0,0.5,0.005045047,0.062429147,0.142980227
sfq_18399--42/42_156375.txt#0_0,1,0.007248921,0.071549232,0.168668591
sfq_18399--42/42_156375.txt#0_0,2,0.00700438,0.072666517,0.167743945
sfq_18732--23/23_1886509.txt#0_0,0,2.78E-34,2.65E-16,2.82E-16
sfq_18732--23/23_1886509.txt#0_0,0.5,3.58E-34,2.48E-16,2.68E-16
sfq_18732--23/23_1886509.txt#0_0,1,1.04E-33,2.53E-16,2.90E-16
sfq_18732--23/23_1886509.txt#0_0,2,6.59E-34,2.74E-16,3.01E-16
sfq_18907--144/144_1890291.txt#0_2,0,0.000582393,0.015578183,0.043268727
sfq_18907--144/144_1890291.txt#0_2,0.5,3.19E-05,0.00768671,0.011341858
sfq_18907--144/144_1890291.txt#0_2,1,0.000805596,0.028252608,0.060301252
sfq_18907--144/144_1890291.txt#0_2,2,0.000460726,0.01434944,0.038440766
sfq_19313--55/55_1898648.txt#0_1,0,0.020526042,0.140350529,0.30098472
sfq_19313--55/55_1898648.txt#0_1,0.5,0.022755797,0.157573018,0.325948368
sfq_19313--55/55_1898648.txt#0_1,1,0.021103291,0.137520649,0.300078469
sfq_19313--55/55_1898648.txt#0_1,2,0.019922266,0.134884874,0.293691382
sfq_19473--126/126_273221.txt#0_0,0,0.000565044,0.025483297,0.051408466
sfq_19473--126/126_273221.txt#0_0,0.5,0.000914343,0.032466924,0.066021762
sfq_19473--126/126_273221.txt#0_0,1,0.000308649,0.023045738,0.042005525
sfq_19473--126/126_273221.txt#0_0,2,0.000620886,0.026660587,0.054565486
sfq_20006--59/59_2784672.txt#0_0,0,0.033841227,0.165741762,0.374040427
sfq_20006--59/59_2784672.txt#0_0,0.5,0.028089923,0.143899684,0.333863953
sfq_20006--59/59_2784672.txt#0_0,1,0.030008928,0.159052861,0.354982136
sfq_20006--59/59_2784672.txt#0_0,2,0.024948393,0.140186716,0.318970606
sfq_20082--77/77_957747.txt#0_1,0,0.000839472,0.027002601,0.059979502
sfq_20082--77/77_957747.txt#0_1,0.5,0.000134603,0.008561069,0.014503224
sfq_20082--77/77_957747.txt#0_1,1,0.000699644,0.024915874,0.055008376
sfq_20082--77/77_957747.txt#0_1,2,3.79E-05,0.005250444,0.007014374
sfq_21320--53/53_2087897.txt#0_0,0,0.005783595,0.069418901,0.154414399
sfq_21320--53/53_2087897.txt#0_0,0.5,0.007486425,0.080468547,0.177969639
sfq_21320--53/53_2087897.txt#0_0,1,0.006288414,0.077499622,0.166457547
sfq_21320--53/53_2087897.txt#0_0,2,0.005015993,0.067973825,0.14731659
sfq_21423--144/144_2788272.txt#0_0,0,0.000495871,0.020800505,0.045935186
sfq_21423--144/144_2788272.txt#0_0,0.5,0.00026267,0.018828866,0.036825405
sfq_21423--144/144_2788272.txt#0_0,1,0.000424337,0.014990953,0.037353376
sfq_21423--144/144_2788272.txt#0_0,2,0.000228129,0.010926521,0.027832003
sfq_21930--191/191_1362130.txt#0_0,0,0.006084116,0.061807819,0.150732983
sfq_21930--191/191_1362130.txt#0_0,0.5,0.005553759,0.067730175,0.152248774
sfq_21930--191/191_1362130.txt#0_0,1,0.005689342,0.064034174,0.14982937
sfq_21930--191/191_1362130.txt#0_0,2,0.00611822,0.067507551,0.156450832
sfq_22883--94/94_491081.txt#0_2,0,0.024684954,0.144899559,0.321121147
sfq_22883--94/94_491081.txt#0_2,0.5,0.024141145,0.156148907,0.329900213
sfq_22883--94/94_491081.txt#0_2,1,0.021132847,0.122750189,0.28760677
sfq_22883--94/94_491081.txt#0_2,2,0.026774208,0.159422731,0.34257798
sfq_22936--27/27_1976951.txt#0_0,0,0.003340633,0.04702647,0.112600766
sfq_22936--27/27_1976951.txt#0_0,0.5,0.006071376,0.07601484,0.163831909
sfq_22936--27/27_1976951.txt#0_0,1,0.004767311,0.051473952,0.130327924
sfq_22936--27/27_1976951.txt#0_0,2,0.004706138,0.061137231,0.139288247
sfq_22949--160/160_1977438.txt#0_1,0,0.011764841,0.100924802,0.223340616
sfq_22949--160/160_1977438.txt#0_1,0.5,0.012945489,0.104809439,0.233180613
sfq_22949--160/160_1977438.txt#0_1,1,0.013466212,0.107009299,0.238179833
sfq_22949--160/160_1977438.txt#0_1,2,0.010532454,0.0924614,0.208683471
sfq_22957--6/6_1623582.txt#0_1,0,0.000433126,0.015262648,0.039074855
sfq_22957--6/6_1623582.txt#0_1,0.5,0.000207128,0.009115485,0.024698736
sfq_22957--6/6_1623582.txt#0_1,1,0.000177433,0.009929509,0.025132621
sfq_22957--6/6_1623582.txt#0_1,2,0.000282182,0.014986684,0.033930772
sfq_2300--133/133_1682374.txt#0_0,0,8.30E-05,0.00851128,0.018749409
sfq_2300--133/133_1682374.txt#0_0,0.5,0.00013534,0.010883067,0.024094426
sfq_2300--133/133_1682374.txt#0_0,1,6.98E-05,0.0072596,0.016757614
sfq_2300--133/133_1682374.txt#0_0,2,0.000168609,0.012426107,0.027026545
sfq_2345--98/98_1465999.txt#0_0,0,0.000266152,0.016657367,0.035136364
sfq_2345--98/98_1465999.txt#0_0,0.5,0.000106134,0.010681524,0.021596101
sfq_2345--98/98_1465999.txt#0_0,1,0.000348946,0.020760359,0.041527914
sfq_2345--98/98_1465999.txt#0_0,2,0.000267834,0.013712688,0.032428786
sfq_2358--33/33_1520459.txt#0_0,0,0.02263863,0.140722428,0.309142246
sfq_2358--33/33_1520459.txt#0_0,0.5,0.025809553,0.180037318,0.358403081
sfq_2358--33/33_1520459.txt#0_0,1,0.028513113,0.174400688,0.363118268
sfq_2358--33/33_1520459.txt#0_0,2,0.027641612,0.15941533,0.346078437
sfq_23994--31/31_726041.txt#0_0,0,0.00488993,0.06724691,0.145856488
sfq_23994--31/31_726041.txt#0_0,0.5,0.004520142,0.053490045,0.130046757
sfq_23994--31/31_726041.txt#0_0,1,0.004767185,0.059629706,0.137836344
sfq_23994--31/31_726041.txt#0_0,2,0.00647586,0.073133411,0.164140093
sfq_24363--72/72_2007380.txt#0_0,0,0.00216807,0.045106606,0.097668413
sfq_24363--72/72_2007380.txt#0_0,0.5,0.003667598,0.062257149,0.129728534
sfq_24363--72/72_2007380.txt#0_0,1,0.002012783,0.0444737,0.094355302
sfq_24363--72/72_2007380.txt#0_0,2,0.001583653,0.041502472,0.085588782
sfq_24400--153/153_1526690.txt#0_0,0,0.012891993,0.102236334,0.231103697
sfq_24400--153/153_1526690.txt#0_0,0.5,0.012270693,0.090208535,0.215965008
sfq_24400--153/153_1526690.txt#0_0,1,0.013571549,0.096325692,0.229023853
sfq_24400--153/153_1526690.txt#0_0,2,0.012986748,0.094372351,0.223730482
sfq_2452--77/77_2081353.txt#0_2,0,9.41E-35,2.06E-16,2.16E-16
sfq_2452--77/77_2081353.txt#0_2,0.5,1.19E-33,2.00E-16,2.38E-16
sfq_2452--77/77_2081353.txt#0_2,1,4.95E-34,1.85E-16,2.07E-16
sfq_2452--77/77_2081353.txt#0_2,2,3.09E-34,2.08E-16,2.28E-16
sfq_24528--186/186_2010986.txt#0_0,0,0.002860497,0.049032245,0.109880493
sfq_24528--186/186_2010986.txt#0_0,0.5,0.00201449,0.038361255,0.089123531
sfq_24528--186/186_2010986.txt#0_0,1,0.002085219,0.034140889,0.086222896
sfq_24528--186/186_2010986.txt#0_0,2,0.001941592,0.032483174,0.082825422
sfq_24600--154/154_2012736.txt#0_1,0,4.61E-05,0.006109499,0.013809132
sfq_24600--154/154_2012736.txt#0_1,0.5,5.04E-05,0.005794574,0.013939364
sfq_24600--154/154_2012736.txt#0_1,1,4.92E-06,0.002391197,0.004305131
sfq_24600--154/154_2012736.txt#0_1,2,5.36E-05,0.006264287,0.014554799
sfq_25007--68/68_2021815.txt#0_1,0,0.00041055,0.029054976,0.050022866
sfq_25007--68/68_2021815.txt#0_1,0.5,0.000110601,0.021818443,0.030369632
sfq_25007--68/68_2021815.txt#0_1,1,4.25E-05,0.012592968,0.020079595
sfq_25007--68/68_2021815.txt#0_1,2,9.42E-05,0.014390371,0.021767197
sfq_25263--68/68_2027371.txt#0_0,0,3.91E-05,0.008802965,0.016012227
sfq_25263--68/68_2027371.txt#0_0,0.5,2.69E-05,0.010906474,0.016480378
sfq_25263--68/68_2027371.txt#0_0,1,0.000220191,0.013833041,0.030928247
sfq_25263--68/68_2027371.txt#0_0,2,6.12E-05,0.006541278,0.015344208
sfq_2528--156/156_1523996.txt#0_1,0,2.63E-06,0.001254553,0.001664065
sfq_2528--156/156_1523996.txt#0_1,0.5,8.65E-05,0.01123458,0.021551198
sfq_2528--156/156_1523996.txt#0_1,1,0.000128759,0.010156631,0.023074571
sfq_2528--156/156_1523996.txt#0_1,2,3.37E-05,0.009225264,0.014800005
sfq_25425--97/97_2030678.txt#0_2,0,0.001954471,0.035947028,0.086407283
sfq_25425--97/97_2030678.txt#0_2,0.5,0.002693332,0.036923155,0.096424626
sfq_25425--97/97_2030678.txt#0_2,1,0.00310365,0.044211681,0.107654462
sfq_25425--97/97_2030678.txt#0_2,2,0.002397525,0.036577549,0.092208002
sfq_25624--186/186_3210436.txt#0_1,0,0.005708806,0.059524317,0.145584239
sfq_25624--186/186_3210436.txt#0_1,0.5,0.003524058,0.051127612,0.11876648
sfq_25624--186/186_3210436.txt#0_1,1,0.00499541,0.065283786,0.145541424
sfq_25624--186/186_3210436.txt#0_1,2,0.005656383,0.069808107,0.15527463
sfq_2608--160/160_622140.txt#0_0,0,0.006452905,0.081189906,0.171540644
sfq_2608--160/160_622140.txt#0_0,0.5,0.010125661,0.079735251,0.194094511
sfq_2608--160/160_622140.txt#0_0,1,0.004914184,0.058637199,0.13776046
sfq_2608--160/160_622140.txt#0_0,2,0.007878754,0.088541434,0.188750445
sfq_26163--17/17_422703.txt#0_0,0,0.000664553,0.017666903,0.047353249
sfq_26163--17/17_422703.txt#0_0,0.5,0.00069726,0.020906329,0.051067836
sfq_26163--17/17_422703.txt#0_0,1,0.000720987,0.025980853,0.056542709
sfq_26163--17/17_422703.txt#0_0,2,0.000776598,0.018541083,0.050719649
sfq_2820--42/42_1531177.txt#0_1,0,0.004782953,0.058281951,0.137282826
sfq_2820--42/42_1531177.txt#0_1,0.5,0.004905681,0.051918258,0.132074372
sfq_2820--42/42_1531177.txt#0_1,1,0.004379004,0.0526382,0.128221129
sfq_2820--42/42_1531177.txt#0_1,2,0.004270238,0.058386488,0.132598896
sfq_3072--53/53_1526395.txt#0_2,0,0.000870836,0.026716283,0.059978703
sfq_3072--53/53_1526395.txt#0_2,0.5,0.001088266,0.03028417,0.067607472
sfq_3072--53/53_1526395.txt#0_2,1,0.000952996,0.030157177,0.06455021
sfq_3072--53/53_1526395.txt#0_2,2,0.000635978,0.019612768,0.048285231
sfq_3826--197/197_1325980.txt#0_0,0,0.005386258,0.06157508,0.144799648
sfq_3826--197/197_1325980.txt#0_0,0.5,0.005919706,0.069061606,0.156120569
sfq_3826--197/197_1325980.txt#0_0,1,0.007569106,0.069185303,0.168327771
sfq_3826--197/197_1325980.txt#0_0,2,0.010047288,0.094272343,0.207583032
sfq_3917--169/169_1555303.txt#0_0,0,3.01E-05,0.005524997,0.011661346
sfq_3917--169/169_1555303.txt#0_0,0.5,3.52E-05,0.005596852,0.012280935
sfq_3917--169/169_1555303.txt#0_0,1,1.24E-05,0.003622769,0.007546505
sfq_3917--169/169_1555303.txt#0_0,2,0.000157931,0.010557413,0.024889404
sfq_4557--72/72_1569959.txt#0_0,0,0.032656759,0.168268502,0.371867395
sfq_4557--72/72_1569959.txt#0_0,0.5,0.033922565,0.176689316,0.383353735
sfq_4557--72/72_1569959.txt#0_0,1,0.030105422,0.183692478,0.377027221
sfq_4557--72/72_1569959.txt#0_0,2,0.026068472,0.156343234,0.33790377
sfq_4811--62/62_346208.txt#0_1,0,0.020860381,0.126796212,0.29014916
sfq_4811--62/62_346208.txt#0_1,0.5,0.016413188,0.116537942,0.261316113
sfq_4811--62/62_346208.txt#0_1,1,0.019543812,0.121636595,0.280076172
sfq_4811--62/62_346208.txt#0_1,2,0.021354589,0.142041718,0.306418421
sfq_5173--26/26_1584174.txt#0_2,0,2.82E-05,0.004182331,0.010224842
sfq_5173--26/26_1584174.txt#0_2,0.5,0.000135265,0.012555288,0.025480212
sfq_5173--26/26_1584174.txt#0_2,1,7.86E-05,0.009587205,0.019436304
sfq_5173--26/26_1584174.txt#0_2,2,8.62E-05,0.010964301,0.021257323
sfq_5388--155/155_1723803.txt#0_0,0,0.00572125,0.066970874,0.151994613
sfq_5388--155/155_1723803.txt#0_0,0.5,0.007367663,0.079031098,0.175988415
sfq_5388--155/155_1723803.txt#0_0,1,0.004745265,0.05537936,0.133948573
sfq_5388--155/155_1723803.txt#0_0,2,0.007894466,0.070003897,0.171028741
sfq_5662--54/54_415167.txt#0_2,0,0.000765672,0.035550777,0.065526526
sfq_5662--54/54_415167.txt#0_2,0.5,0.00035494,0.034814867,0.053129353
sfq_5662--54/54_415167.txt#0_2,1,0.000292666,0.020968137,0.038743218
sfq_5662--54/54_415167.txt#0_2,2,0.000874263,0.041320603,0.07224357
sfq_5913--103/103_1600716.txt#0_1,0,0.000150169,0.010688061,0.024666908
sfq_5913--103/103_1600716.txt#0_1,0.5,0.000109505,0.013344438,0.024638429
sfq_5913--103/103_1600716.txt#0_1,1,2.08E-07,0.003197657,0.003698235
sfq_5913--103/103_1600716.txt#0_1,2,4.40E-05,0.006471499,0.013996717
sfq_6074--119/119_1604319.txt#0_0,0,0.001217175,0.033989691,0.072773753
sfq_6074--119/119_1604319.txt#0_0,0.5,0.001062184,0.026115858,0.063418876
sfq_6074--119/119_1604319.txt#0_0,1,0.001620544,0.040330035,0.085530009
sfq_6074--119/119_1604319.txt#0_0,2,0.001218823,0.025114961,0.063797726
sfq_668--20/20_1363097.txt#0_1,0,0.006861976,0.065897482,0.16036455
sfq_668--20/20_1363097.txt#0_1,0.5,0.009049275,0.079962799,0.188372292
sfq_668--20/20_1363097.txt#0_1,1,0.008957638,0.081119658,0.188544399
sfq_668--20/20_1363097.txt#0_1,2,0.007597027,0.071610651,0.171033428
sfq_7117--62/62_1628292.txt#0_0,0,0.018843197,0.130027805,0.284918859
sfq_7117--62/62_1628292.txt#0_0,0.5,0.020111683,0.122242163,0.282942405
sfq_7117--62/62_1628292.txt#0_0,1,0.014866003,0.118353267,0.255597243
sfq_7117--62/62_1628292.txt#0_0,2,0.021097217,0.121374384,0.285756467
sfq_7345--158/158_612044.txt#0_2,0,8.27E-05,0.006477896,0.011825511
sfq_7345--158/158_612044.txt#0_2,0.5,6.51E-05,0.005775729,0.010266601
sfq_7345--158/158_612044.txt#0_2,1,9.18E-05,0.005923829,0.016200282
sfq_7345--158/158_612044.txt#0_2,2,8.33E-05,0.006359281,0.012506182
sfq_80--166/166_2439219.txt#0_0,0,0.010134624,0.090955177,0.204833843
sfq_80--166/166_2439219.txt#0_0,0.5,0.015633784,0.107222815,0.249299664
sfq_80--166/166_2439219.txt#0_0,1,0.012889199,0.104507029,0.232781213
sfq_80--166/166_2439219.txt#0_0,2,0.012223438,0.107238939,0.231543391
sfq_8322--184/184_1656059.txt#0_0,0,0.014726338,0.107944728,0.245633175
sfq_8322--184/184_1656059.txt#0_0,0.5,0.012012695,0.091374673,0.215945855
sfq_8322--184/184_1656059.txt#0_0,1,0.013766514,0.107757861,0.240541906
sfq_8322--184/184_1656059.txt#0_0,2,0.012196667,0.098825104,0.223752342
sfq_8812--24/24_1020332.txt#0_0,0,0.000247235,0.01511268,0.032710291
sfq_8812--24/24_1020332.txt#0_0,0.5,9.69E-05,0.006535409,0.017884513
sfq_8812--24/24_1020332.txt#0_0,1,0.000106308,0.009022809,0.020634209
sfq_8812--24/24_1020332.txt#0_0,2,0.000243975,0.013117801,0.030716788
sfq_893--144/144_1486574.txt#0_1,0,0.001104547,0.02893759,0.066603242
sfq_893--144/144_1486574.txt#0_1,0.5,0.000542055,0.013876704,0.038903293
sfq_893--144/144_1486574.txt#0_1,1,0.000521141,0.017435016,0.043193006
sfq_893--144/144_1486574.txt#0_1,2,0.001026439,0.022106308,0.057663258
sfq_901--24/24_504588.txt#0_0,0,1.20E-05,0.003116371,0.007022197
sfq_901--24/24_504588.txt#0_0,0.5,9.96E-06,0.002853953,0.006404525
sfq_901--24/24_504588.txt#0_0,1,9.56E-06,0.00278216,0.006255886
sfq_901--24/24_504588.txt#0_0,2,9.54E-06,0.003126842,0.006571742
sfq_901--24/24_504588.txt#0_1,0,0.000449693,0.016570842,0.040697201
sfq_901--24/24_504588.txt#0_1,0.5,0.000622014,0.023070661,0.051184573
sfq_901--24/24_504588.txt#0_1,1,0.000549318,0.020765605,0.047408175
sfq_901--24/24_504588.txt#0_1,2,0.000457063,0.017726526,0.042051276
sfq_9525--59/59_129915.txt#0_1,0,0.01416986,0.1101423,0.244778918
sfq_9525--59/59_129915.txt#0_1,0.5,0.01657685,0.108845054,0.255026403
sfq_9525--59/59_129915.txt#0_1,1,0.014410619,0.107051816,0.243162682
sfq_9525--59/59_129915.txt#0_1,2,0.013351693,0.102634473,0.233315248
sfq_9644--123/123_186355.txt#0_2,0,1.63E-34,1.69E-16,1.82E-16
sfq_9644--123/123_186355.txt#0_2,0.5,9.52E-34,1.79E-16,2.03E-16
sfq_9644--123/123_186355.txt#0_2,1,1.14E-34,1.92E-16,2.02E-16
sfq_9644--123/123_186355.txt#0_2,2,6.03E-34,1.64E-16,1.87E-16
sfq_9677--35/35_1731921.txt#0_0,0,3.65E-06,0.002872061,0.004795304
sfq_9677--35/35_1731921.txt#0_0,0.5,1.11E-05,0.003650709,0.007297422
sfq_9677--35/35_1731921.txt#0_0,1,3.74E-05,0.006068965,0.012926082
sfq_9677--35/35_1731921.txt#0_0,2,2.47E-05,0.003866243,0.009514243
sfq_9896--145/145_1575967.txt#0_1,0,7.16E-05,0.006931822,0.008009399
sfq_9896--145/145_1575967.txt#0_1,0.5,5.53E-05,0.007146479,0.012328037
sfq_9896--145/145_1575967.txt#0_1,1,0.000234109,0.010874549,0.028446715
sfq_9896--145/145_1575967.txt#0_1,2,5.69E-06,0.003065243,0.005069403
sfq_9920--21/21_331455.txt#0_0,0,0.008626504,0.092572066,0.197231716
sfq_9920--21/21_331455.txt#0_0,0.5,0.008271147,0.090897962,0.193134883
sfq_9920--21/21_331455.txt#0_0,1,0.004081066,0.052847666,0.125290113
sfq_9920--21/21_331455.txt#0_0,2,0.004633352,0.058329924,0.135958219
tb_1113--48/48_567125.txt#0_1,0,0.001322659,0.022432922,0.058617634
tb_1113--48/48_567125.txt#0_1,0.5,0.001737769,0.035023555,0.082447013
tb_1113--48/48_567125.txt#0_1,1,0.002139511,0.040604202,0.092630253
tb_1113--48/48_567125.txt#0_1,2,0.001090459,0.022094897,0.06013945
tb_2199--49/49_2803159.txt#0_2,0,3.04E-05,0.004750979,0.00628977
tb_2199--49/49_2803159.txt#0_2,0.5,9.76E-05,0.00645779,0.014826736
tb_2199--49/49_2803159.txt#0_2,1,8.24E-05,0.006963747,0.009308597
tb_2199--49/49_2803159.txt#0_2,2,7.81E-06,0.005218071,0.008174463
tb_47--Hansel_and_Gretel.txt#0_0,0,0.002371791,0.03605083,0.090093166
tb_47--Hansel_and_Gretel.txt#0_0,0.5,0.002394919,0.034120624,0.090192298
tb_47--Hansel_and_Gretel.txt#0_0,1,0.002496844,0.03651315,0.093583069
tb_47--Hansel_and_Gretel.txt#0_0,2,0.002060851,0.037608264,0.089265281
tb_83--165/165_2048554.txt#0_0,0,1.80E-34,1.67E-16,1.78E-16
tb_83--165/165_2048554.txt#0_0,0.5,7.93E-35,1.79E-16,1.88E-16
tb_83--165/165_2048554.txt#0_0,1,2.15E-34,1.65E-16,1.78E-16
tb_83--165/165_2048554.txt#0_0,2,4.26E-34,1.76E-16,1.99E-16
tc_1029--37/37_29464.txt#0_2,0,0.008743126,0.081871911,0.187991655
tc_1029--37/37_29464.txt#0_2,0.5,0.010448056,0.094916718,0.210336206
tc_1029--37/37_29464.txt#0_2,1,0.009058932,0.084874366,0.192303999
tc_1029--37/37_29464.txt#0_2,2,0.009804012,0.085948316,0.198139656
tc_1250--67/67_36879.txt#0_0,0,0.005453821,0.061789251,0.145739451
tc_1250--67/67_36879.txt#0_0,0.5,0.005519824,0.062778184,0.147240726
tc_1250--67/67_36879.txt#0_0,1,0.004700026,0.052310165,0.13038056
tc_1250--67/67_36879.txt#0_0,2,0.004974589,0.066249492,0.146063821
tc_1323--96/96_39278.txt#0_4,0,3.01E-34,1.46E-16,1.62E-16
tc_1323--96/96_39278.txt#0_4,0.5,6.00E-34,1.59E-16,1.82E-16
tc_1323--96/96_39278.txt#0_4,1,7.81E-36,1.59E-16,1.62E-16
tc_1323--96/96_39278.txt#0_4,2,9.58E-34,1.47E-16,1.82E-16
tc_1968--49/49_57917.txt#0_2,0,0.001024704,0.021817677,0.057671954
tc_1968--49/49_57917.txt#0_2,0.5,0.001018691,0.019443711,0.052232345
tc_1968--49/49_57917.txt#0_2,1,0.001935989,0.032540138,0.083206047
tc_1968--49/49_57917.txt#0_2,2,0.000478301,0.018641267,0.043667989
tc_2250--43/43_67037.txt#0_0,0,0.000368097,0.011751529,0.031207094
tc_2250--43/43_67037.txt#0_0,0.5,0.000975195,0.028918211,0.064599061
tc_2250--43/43_67037.txt#0_0,1,0.001698359,0.026548155,0.073793864
tc_2250--43/43_67037.txt#0_0,2,0.00028209,0.010813773,0.025528494
tc_2359--127/127_71063.txt#0_0,0,0.013134718,0.121336007,0.249571439
tc_2359--127/127_71063.txt#0_0,0.5,0.005650987,0.071584322,0.155691214
tc_2359--127/127_71063.txt#0_0,1,0.00902686,0.086559398,0.193623426
tc_2359--127/127_71063.txt#0_0,2,0.008119013,0.076681431,0.179272429
tc_2506--24/24_75775.txt#0_0,0,3.63E-34,2.59E-16,2.76E-16
tc_2506--24/24_75775.txt#0_0,0.5,5.70E-34,2.58E-16,2.82E-16
tc_2506--24/24_75775.txt#0_0,1,4.93E-36,2.63E-16,2.65E-16
tc_2506--24/24_75775.txt#0_0,2,6.66E-34,2.72E-16,3.01E-16
tc_2833--59/59_86475.txt#0_0,0,9.47E-05,0.013240566,0.023512047
tc_2833--59/59_86475.txt#0_0,0.5,3.57E-05,0.007615637,0.014258363
tc_2833--59/59_86475.txt#0_0,1,8.45E-05,0.008932899,0.019243859
tc_2833--59/59_86475.txt#0_0,2,0.000119315,0.013074706,0.025143001
tc_69--158/158_2486.txt#0_1,0,0.005025764,0.066185962,0.146228862
tc_69--158/158_2486.txt#0_1,0.5,0.006251968,0.069917498,0.15964682
tc_69--158/158_2486.txt#0_1,1,0.004154421,0.061308901,0.134124836
tc_69--158/158_2486.txt#0_1,2,0.005918678,0.068044387,0.155372213
wh_1013--32/32_749045.txt#0_1,0,1.40E-05,0.004579023,0.008897919
wh_1013--32/32_749045.txt#0_1,0.5,9.97E-08,0.000924593,0.001283215
wh_1013--32/32_749045.txt#0_1,1,6.66E-06,0.004769584,0.006543295
wh_1013--32/32_749045.txt#0_1,2,3.73E-06,0.003109799,0.005105816
wh_1046--61/61_640960.txt#0_0,0,0.00799282,0.07561335,0.176762563
wh_1046--61/61_640960.txt#0_0,0.5,0.006962159,0.0682311,0.163183797
wh_1046--61/61_640960.txt#0_0,1,0.00864573,0.08267632,0.188043695
wh_1046--61/61_640960.txt#0_0,2,0.008425764,0.08968878,0.192956549
wh_1415--64/64_759730.txt#0_0,0,0.005929185,0.07318171,0.160162242
wh_1415--64/64_759730.txt#0_0,0.5,0.005230499,0.07045993,0.151957406
wh_1415--64/64_759730.txt#0_0,1,0.005322568,0.063384189,0.146343592
wh_1415--64/64_759730.txt#0_0,2,0.006062131,0.06758744,0.155953343
wh_1706--59/59_2662426.txt#0_0,0,0.010998668,0.094992616,0.213920039
wh_1706--59/59_2662426.txt#0_0,0.5,0.010049582,0.088351458,0.201978907
wh_1706--59/59_2662426.txt#0_0,1,0.014009091,0.110434153,0.243987823
wh_1706--59/59_2662426.txt#0_0,2,0.010182123,0.102827305,0.216550784
wh_2204--68/68_777602.txt#0_0,0,0.011690343,0.096509692,0.21882312
wh_2204--68/68_777602.txt#0_0,0.5,0.008590712,0.080952503,0.185910101
wh_2204--68/68_777602.txt#0_0,1,0.011107399,0.093501166,0.213106879
wh_2204--68/68_777602.txt#0_0,2,0.010641774,0.08854445,0.205561171
wh_2414--73/73_48566.txt#0_0,0,0.013449078,0.09787885,0.229731383
wh_2414--73/73_48566.txt#0_0,0.5,0.015643496,0.106700155,0.249048055
wh_2414--73/73_48566.txt#0_0,1,0.013893925,0.099832101,0.233771644
wh_2414--73/73_48566.txt#0_0,2,0.012219972,0.098839053,0.224238638
wh_2443--99/99_783232.txt#0_2,0,7.98E-07,0.003831894,0.004544078
wh_2443--99/99_783232.txt#0_2,0.5,1.64E-05,0.003650736,0.00807752
wh_2443--99/99_783232.txt#0_2,1,7.76E-05,0.008417723,0.01807978
wh_2443--99/99_783232.txt#0_2,2,3.33E-06,0.002046374,0.004130191
wh_299--Pocketful_of_Miracles.txt#0_1,0,0.006633193,0.067839743,0.160743136
wh_299--Pocketful_of_Miracles.txt#0_1,0.5,0.006496411,0.069105143,0.16103534
wh_299--Pocketful_of_Miracles.txt#0_1,1,0.005311246,0.057279486,0.140283411
wh_299--Pocketful_of_Miracles.txt#0_1,2,0.006727284,0.072651996,0.165844047
wh_3212--72/72_800524.txt#0_2,0,0.001881625,0.035608946,0.085296189
wh_3212--72/72_800524.txt#0_2,0.5,0.002583769,0.039776196,0.097949257
wh_3212--72/72_800524.txt#0_2,1,0.00216729,0.038768576,0.091914545
wh_3212--72/72_800524.txt#0_2,2,0.002412655,0.043750762,0.099530507
wh_4269--173/173_235742.txt#0_0,0,0.001139275,0.025514276,0.064071316
wh_4269--173/173_235742.txt#0_0,0.5,0.001048909,0.023025429,0.060282857
wh_4269--173/173_235742.txt#0_0,1,0.00078647,0.022726382,0.054913562
wh_4269--173/173_235742.txt#0_0,2,0.00116215,0.022988443,0.061723606
wh_4331--119/119_827530.txt#0_1,0,6.94E-35,2.71E-16,2.81E-16
wh_4331--119/119_827530.txt#0_1,0.5,8.16E-34,2.76E-16,3.09E-16
wh_4331--119/119_827530.txt#0_1,1,1.37E-34,2.80E-16,2.92E-16
wh_4331--119/119_827530.txt#0_1,2,1.38E-34,2.79E-16,2.90E-16
wh_495--37/37_2926588.txt#0_1,0,0.008596281,0.078124959,0.183634584
wh_495--37/37_2926588.txt#0_1,0.5,0.007966083,0.0795036,0.181129282
wh_495--37/37_2926588.txt#0_1,1,0.008832957,0.08347498,0.190470573
wh_495--37/37_2926588.txt#0_1,2,0.007453028,0.069713086,0.168438992
wh_585--16/16_792479.txt#0_1,0,0.013749284,0.104419828,0.237011868
wh_585--16/16_792479.txt#0_1,0.5,0.012771983,0.08961318,0.218348805
wh_585--16/16_792479.txt#0_1,1,0.017148768,0.124157745,0.272618781
wh_585--16/16_792479.txt#0_1,2,0.016053665,0.119363093,0.262512793
