Rank,Question_ID,Answer_Index,Answer_Text,Token_Position,Token_LogLikelihood,Token_Probability,Token_Entropy,Overall_AnswerLL,Overall_AnswerProb,Token_Count_in_Answer,SE_before
1,bt_1031--61/61_537330.txt#0_0,1,mandy fields,0,-2.460390090942383,0.08540163006629933,0.21012132426544997,-4.9109266102313995,0.007365660072305214,3,2.253578622836697
1,bt_1031--61/61_537330.txt#0_0,1,mandy fields,1,-0.11950019001960754,0.887363839202506,0.10604014730122789,-4.9109266102313995,0.007365660072305214,3,2.253578622836697
1,bt_1031--61/61_537330.txt#0_0,1,mandy fields,2,-2.331036329269409,0.09719496888775443,0.22656500339956553,-4.9109266102313995,0.007365660072305214,3,2.253578622836697
1,bt_1031--61/61_537330.txt#0_0,2,"the name of the Prime Minister in Yes, Prime Minister is Maggie Beckett.",0,-2.778749465942383,0.06211613717295238,0.17260518289574522,-17.538253744365647,2.4167580652498987e-08,15,2.253578622836697
1,bt_1031--61/61_537330.txt#0_0,2,"the name of the Prime Minister in Yes, Prime Minister is Maggie Beckett.",1,-0.3386725187301636,0.7127158119552539,0.2413772590736995,-17.538253744365647,2.4167580652498987e-08,15,2.253578622836697
1,bt_1031--61/61_537330.txt#0_0,2,"the name of the Prime Minister in Yes, Prime Minister is Maggie Beckett.",2,-0.12505795061588287,0.8824457628273804,0.11035685852886164,-17.538253744365647,2.4167580652498987e-08,15,2.253578622836697
1,bt_1031--61/61_537330.txt#0_0,2,"the name of the Prime Minister in Yes, Prime Minister is Maggie Beckett.",3,-0.014866165816783905,0.9852437900777293,0.014646797453252166,-17.538253744365647,2.4167580652498987e-08,15,2.253578622836697
1,bt_1031--61/61_537330.txt#0_0,2,"the name of the Prime Minister in Yes, Prime Minister is Maggie Beckett.",4,-0.6025559306144714,0.5474107027386473,0.3298455653170074,-17.538253744365647,2.4167580652498987e-08,15,2.253578622836697
1,bt_1031--61/61_537330.txt#0_0,2,"the name of the Prime Minister in Yes, Prime Minister is Maggie Beckett.",5,-0.0011385156540200114,0.9988621322090365,0.0011372200737277392,-17.538253744365647,2.4167580652498987e-08,15,2.253578622836697
1,bt_1031--61/61_537330.txt#0_0,2,"the name of the Prime Minister in Yes, Prime Minister is Maggie Beckett.",6,-0.4939650297164917,0.6102021216587615,0.30141850905823636,-17.538253744365647,2.4167580652498987e-08,15,2.253578622836697
1,bt_1031--61/61_537330.txt#0_0,2,"the name of the Prime Minister in Yes, Prime Minister is Maggie Beckett.",7,-2.452143669128418,0.0861087997336167,0.211151148023035,-17.538253744365647,2.4167580652498987e-08,15,2.253578622836697
1,bt_1031--61/61_537330.txt#0_0,2,"the name of the Prime Minister in Yes, Prime Minister is Maggie Beckett.",8,-1.037916898727417,0.35419173126421816,0.36762158316865196,-17.538253744365647,2.4167580652498987e-08,15,2.253578622836697
1,bt_1031--61/61_537330.txt#0_0,2,"the name of the Prime Minister in Yes, Prime Minister is Maggie Beckett.",9,-0.013167215511202812,0.9869190930412239,0.012994976290194662,-17.538253744365647,2.4167580652498987e-08,15,2.253578622836697
1,bt_1031--61/61_537330.txt#0_0,2,"the name of the Prime Minister in Yes, Prime Minister is Maggie Beckett.",10,-0.0010433712741360068,0.9989571728484148,0.0010422831182421315,-17.538253744365647,2.4167580652498987e-08,15,2.253578622836697
1,bt_1031--61/61_537330.txt#0_0,2,"the name of the Prime Minister in Yes, Prime Minister is Maggie Beckett.",11,-0.5630136728286743,0.5694902179341279,0.32063077913909543,-17.538253744365647,2.4167580652498987e-08,15,2.253578622836697
1,bt_1031--61/61_537330.txt#0_0,2,"the name of the Prime Minister in Yes, Prime Minister is Maggie Beckett.",12,-5.682409286499023,0.003405344102447956,0.01935055885147495,-17.538253744365647,2.4167580652498987e-08,15,2.253578622836697
1,bt_1031--61/61_537330.txt#0_0,2,"the name of the Prime Minister in Yes, Prime Minister is Maggie Beckett.",13,-2.9668335914611816,0.05146601503065576,0.1526911021115956,-17.538253744365647,2.4167580652498987e-08,15,2.253578622836697
1,bt_1031--61/61_537330.txt#0_0,2,"the name of the Prime Minister in Yes, Prime Minister is Maggie Beckett.",14,-0.46672046184539795,0.6270553518109904,0.29265956329985393,-17.538253744365647,2.4167580652498987e-08,15,2.253578622836697
1,bt_1031--61/61_537330.txt#0_0,3,stephen macdonald,0,-2.935976028442383,0.053078887511958994,0.15583834125150137,-7.479018454439938,0.0005648115318343519,5,2.253578622836697
1,bt_1031--61/61_537330.txt#0_0,3,stephen macdonald,1,-0.0978221446275711,0.9068101704730114,0.08870611554576335,-7.479018454439938,0.0005648115318343519,5,2.253578622836697
1,bt_1031--61/61_537330.txt#0_0,3,stephen macdonald,2,-3.0177102088928223,0.04891309099143338,0.14760553393335205,-7.479018454439938,0.0005648115318343519,5,2.253578622836697
1,bt_1031--61/61_537330.txt#0_0,3,stephen macdonald,3,-1.4175130128860474,0.24231590467566763,0.3434859480070138,-7.479018454439938,0.0005648115318343519,5,2.253578622836697
1,bt_1031--61/61_537330.txt#0_0,3,stephen macdonald,4,-0.009997059591114521,0.9900527449047762,0.009897616189159573,-7.479018454439938,0.0005648115318343519,5,2.253578622836697
1,bt_1031--61/61_537330.txt#0_0,4,mandy moore,0,-2.460390090942383,0.08540163006629933,0.21012132426544997,-5.992227476090193,0.0024980934049352688,4,2.253578622836697
1,bt_1031--61/61_537330.txt#0_0,4,mandy moore,1,-0.11950019001960754,0.887363839202506,0.10604014730122789,-5.992227476090193,0.0024980934049352688,4,2.253578622836697
1,bt_1031--61/61_537330.txt#0_0,4,mandy moore,2,-3.393536329269409,0.033589682444614674,0.1139878075644228,-5.992227476090193,0.0024980934049352688,4,2.253578622836697
1,bt_1031--61/61_537330.txt#0_0,4,mandy moore,3,-0.01880086585879326,0.9813747680078099,0.018450695270519187,-5.992227476090193,0.0024980934049352688,4,2.253578622836697
1,bt_1031--61/61_537330.txt#0_0,5,Tony Blair,0,-2.867616653442383,0.05683422093395498,0.162978758335633,-2.883032452315092,0.05596479468302581,2,2.253578622836697
1,bt_1031--61/61_537330.txt#0_0,5,Tony Blair,1,-0.015415798872709274,0.9847024163146443,0.015179974299377364,-2.883032452315092,0.05596479468302581,2,2.253578622836697
1,bt_1031--61/61_537330.txt#0_0,6,David Cameron,0,-1.9642962217330933,0.1402545600008138,0.27550150219043595,-2.193932056427002,0.11147754968999497,2,2.253578622836697
1,bt_1031--61/61_537330.txt#0_0,6,David Cameron,1,-0.2296358346939087,0.7948229967663665,0.18251984219635842,-2.193932056427002,0.11147754968999497,2,2.253578622836697
1,bt_1031--61/61_537330.txt#0_0,7,mike hawkins,0,-4.474306106567383,0.011398128467604162,0.05099871570604084,-6.967852033674717,0.0009416734178543274,4,2.253578622836697
1,bt_1031--61/61_537330.txt#0_0,7,mike hawkins,1,-1.208011507987976,0.29879083228001097,0.3609427637755585,-6.967852033674717,0.0009416734178543274,4,2.253578622836697
1,bt_1031--61/61_537330.txt#0_0,7,mike hawkins,2,-1.2496776580810547,0.2865971642523385,0.35815407293553375,-6.967852033674717,0.0009416734178543274,4,2.253578622836697
1,bt_1031--61/61_537330.txt#0_0,7,mike hawkins,3,-0.035856761038303375,0.9647784774536002,0.0345938312209519,-6.967852033674717,0.0009416734178543274,4,2.253578622836697
1,bt_1031--61/61_537330.txt#0_0,8,mandy rice,0,-2.460390090942383,0.08540163006629933,0.21012132426544997,-5.2468641102313995,0.005263999866966728,3,2.253578622836697
1,bt_1031--61/61_537330.txt#0_0,8,mandy rice,1,-0.11950019001960754,0.887363839202506,0.10604014730122789,-5.2468641102313995,0.005263999866966728,3,2.253578622836697
1,bt_1031--61/61_537330.txt#0_0,8,mandy rice,2,-2.666973829269409,0.06946211178258319,0.18525363414993562,-5.2468641102313995,0.005263999866966728,3,2.253578622836697
1,bt_1031--61/61_537330.txt#0_0,9,stephen fletcher-adams,0,-2.935976028442383,0.053078887511958994,0.15583834125150137,-15.237023785710335,2.4134852514592914e-07,7,2.253578622836697
1,bt_1031--61/61_537330.txt#0_0,9,stephen fletcher-adams,1,-0.0978221446275711,0.9068101704730114,0.08870611554576335,-15.237023785710335,2.4134852514592914e-07,7,2.253578622836697
1,bt_1031--61/61_537330.txt#0_0,9,stephen fletcher-adams,2,-3.8966164588928223,0.020310516784309136,0.0791422938903579,-15.237023785710335,2.4134852514592914e-07,7,2.253578622836697
1,bt_1031--61/61_537330.txt#0_0,9,stephen fletcher-adams,3,-1.2532801628112793,0.2855665541160041,0.3578948973359617,-15.237023785710335,2.4134852514592914e-07,7,2.253578622836697
1,bt_1031--61/61_537330.txt#0_0,9,stephen fletcher-adams,4,-3.3008711338043213,0.03685105121808376,0.12164057111611727,-15.237023785710335,2.4134852514592914e-07,7,2.253578622836697
1,bt_1031--61/61_537330.txt#0_0,9,stephen fletcher-adams,5,-3.6160881519317627,0.02688765144310134,0.09722811771666971,-15.237023785710335,2.4134852514592914e-07,7,2.253578622836697
1,bt_1031--61/61_537330.txt#0_0,9,stephen fletcher-adams,6,-0.1363697052001953,0.8725199976720956,0.11898529476381879,-15.237023785710335,2.4134852514592914e-07,7,2.253578622836697
1,bt_1031--61/61_537330.txt#0_0,10,Gordon Brown,0,-3.946229934692383,0.019327430267999064,0.07627048378425752,-4.023458756506443,0.017890977267137478,2,2.253578622836697
1,bt_1031--61/61_537330.txt#0_0,10,Gordon Brown,1,-0.07722882181406021,0.9256780140482536,0.07148902230412564,-4.023458756506443,0.017890977267137478,2,2.253578622836697
2,bt_2892--150/150_2107251.txt#0_0,1,Jay sean,0,-4.3277764320373535,0.013196859002818688,0.05711305526931869,-4.669671833515167,0.009375345696471893,2,2.2034899018412024
2,bt_2892--150/150_2107251.txt#0_0,1,Jay sean,1,-0.3418954014778137,0.7104225099676699,0.24289018916427263,-4.669671833515167,0.009375345696471893,2,2.2034899018412024
2,bt_2892--150/150_2107251.txt#0_0,2,1st Week Week ft. Rihanna,0,-3.1187920570373535,0.04421053998895192,0.13788348085487553,-21.784990087151527,3.458589485454338e-10,8,2.2034899018412024
2,bt_2892--150/150_2107251.txt#0_0,2,1st Week Week ft. Rihanna,1,-1.6255184412002563,0.19680961453746998,0.3199176577361715,-21.784990087151527,3.458589485454338e-10,8,2.2034899018412024
2,bt_2892--150/150_2107251.txt#0_0,2,1st Week Week ft. Rihanna,2,-2.7435011863708496,0.06434466937472627,0.17652967666620162,-21.784990087151527,3.458589485454338e-10,8,2.2034899018412024
2,bt_2892--150/150_2107251.txt#0_0,2,1st Week Week ft. Rihanna,3,-3.838444948196411,0.021527051009867366,0.08263040009839183,-21.784990087151527,3.458589485454338e-10,8,2.2034899018412024
2,bt_2892--150/150_2107251.txt#0_0,2,1st Week Week ft. Rihanna,4,-2.189237117767334,0.11200216049184515,0.24519928691888143,-21.784990087151527,3.458589485454338e-10,8,2.2034899018412024
2,bt_2892--150/150_2107251.txt#0_0,2,1st Week Week ft. Rihanna,5,-5.270932674407959,0.005138815495555027,0.027086350403274922,-21.784990087151527,3.458589485454338e-10,8,2.2034899018412024
2,bt_2892--150/150_2107251.txt#0_0,2,1st Week Week ft. Rihanna,6,-0.10554422438144684,0.8998346773348144,0.09497235299083245,-21.784990087151527,3.458589485454338e-10,8,2.2034899018412024
2,bt_2892--150/150_2107251.txt#0_0,2,1st Week Week ft. Rihanna,7,-2.893019437789917,0.05540865678440218,0.16029832099910565,-21.784990087151527,3.458589485454338e-10,8,2.2034899018412024
2,bt_2892--150/150_2107251.txt#0_0,3,zedd ft ariana grande,0,-4.3434014320373535,0.012992260667937745,0.05643060349052338,-14.63288239063695,4.415907050124713e-07,7,2.2034899018412024
2,bt_2892--150/150_2107251.txt#0_0,3,zedd ft ariana grande,1,-0.25798019766807556,0.7726105314456383,0.19931821752278264,-14.63288239063695,4.415907050124713e-07,7,2.2034899018412024
2,bt_2892--150/150_2107251.txt#0_0,3,zedd ft ariana grande,2,-2.7049670219421387,0.06687252913636571,0.18088798588773408,-14.63288239063695,4.415907050124713e-07,7,2.2034899018412024
2,bt_2892--150/150_2107251.txt#0_0,3,zedd ft ariana grande,3,-7.256839752197266,0.0007053335459609853,0.005118492414887943,-14.63288239063695,4.415907050124713e-07,7,2.2034899018412024
2,bt_2892--150/150_2107251.txt#0_0,3,zedd ft ariana grande,4,-0.053763631731271744,0.9476560758571313,0.050949432170284935,-14.63288239063695,4.415907050124713e-07,7,2.2034899018412024
2,bt_2892--150/150_2107251.txt#0_0,3,zedd ft ariana grande,5,-0.007205925416201353,0.9928199750148191,0.007154186591671662,-14.63288239063695,4.415907050124713e-07,7,2.2034899018412024
2,bt_2892--150/150_2107251.txt#0_0,3,zedd ft ariana grande,6,-0.00872442964464426,0.9913135177550086,0.008648644941438412,-14.63288239063695,4.415907050124713e-07,7,2.2034899018412024
2,bt_2892--150/150_2107251.txt#0_0,4,kylie & the cat,0,-3.2105889320373535,0.040332852966845384,0.12949221123284374,-13.701952531933784,1.1202568910669703e-06,6,2.2034899018412024
2,bt_2892--150/150_2107251.txt#0_0,4,kylie & the cat,1,-1.6582071781158447,0.19048017118210717,0.31585558704290495,-13.701952531933784,1.1202568910669703e-06,6,2.2034899018412024
2,bt_2892--150/150_2107251.txt#0_0,4,kylie & the cat,2,-6.020889759063721,0.00242750873594511,0.014615762388289632,-13.701952531933784,1.1202568910669703e-06,6,2.2034899018412024
2,bt_2892--150/150_2107251.txt#0_0,4,kylie & the cat,3,-0.9367530345916748,0.3918982518104523,0.36711187653461347,-13.701952531933784,1.1202568910669703e-06,6,2.2034899018412024
2,bt_2892--150/150_2107251.txt#0_0,4,kylie & the cat,4,-0.20879347622394562,0.8115628253563836,0.16944902338028617,-13.701952531933784,1.1202568910669703e-06,6,2.2034899018412024
2,bt_2892--150/150_2107251.txt#0_0,4,kylie & the cat,5,-1.6667201519012451,0.18886550105178854,0.31478593650194175,-13.701952531933784,1.1202568910669703e-06,6,2.2034899018412024
2,bt_2892--150/150_2107251.txt#0_0,5,G.G. Ftizzy,0,-4.7769951820373535,0.008421265357443837,0.040228343939167285,-17.59212937578559,2.2899989708756694e-08,7,2.2034899018412024
2,bt_2892--150/150_2107251.txt#0_0,5,G.G. Ftizzy,1,-1.4295382499694824,0.23941944866172835,0.34225925954854547,-17.59212937578559,2.2899989708756694e-08,7,2.2034899018412024
2,bt_2892--150/150_2107251.txt#0_0,5,G.G. Ftizzy,2,-4.4519362449646,0.011655976281516862,0.05189166317813261,-17.59212937578559,2.2899989708756694e-08,7,2.2034899018412024
2,bt_2892--150/150_2107251.txt#0_0,5,G.G. Ftizzy,3,-0.030730273574590683,0.9697371015258548,0.02980028632532012,-17.59212937578559,2.2899989708756694e-08,7,2.2034899018412024
2,bt_2892--150/150_2107251.txt#0_0,5,G.G. Ftizzy,4,-3.1286580562591553,0.04377650345854058,0.13696171012041977,-17.59212937578559,2.2899989708756694e-08,7,2.2034899018412024
2,bt_2892--150/150_2107251.txt#0_0,5,G.G. Ftizzy,5,-1.5118807554244995,0.2204948907810914,0.33336198194135896,-17.59212937578559,2.2899989708756694e-08,7,2.2034899018412024
2,bt_2892--150/150_2107251.txt#0_0,5,G.G. Ftizzy,6,-2.262390613555908,0.10410132101711403,0.23551785142788917,-17.59212937578559,2.2899989708756694e-08,7,2.2034899018412024
2,bt_2892--150/150_2107251.txt#0_0,6,2 chainz,0,-3.1187920570373535,0.04421053998895192,0.13788348085487553,-6.985962900798768,0.0009247724036837388,4,2.2034899018412024
2,bt_2892--150/150_2107251.txt#0_0,6,2 chainz,1,-1.1919246912002563,0.3036362951996211,0.36191159729299827,-6.985962900798768,0.0009247724036837388,4,2.2034899018412024
2,bt_2892--150/150_2107251.txt#0_0,6,2 chainz,2,-2.6720938682556152,0.06910737197795937,0.18466138481356517,-6.985962900798768,0.0009247724036837388,4,2.2034899018412024
2,bt_2892--150/150_2107251.txt#0_0,6,2 chainz,3,-0.0031522843055427074,0.9968526789260868,0.0031423629547168443,-6.985962900798768,0.0009247724036837388,4,2.2034899018412024
2,bt_2892--150/150_2107251.txt#0_0,7,Usher,0,-3.4771904945373535,0.03089408632267486,0.10742462319862149,-3.4792540224734694,0.030830401243056072,2,2.2034899018412024
2,bt_2892--150/150_2107251.txt#0_0,7,Usher,1,-0.002063527936115861,0.9979385996739432,0.0020592740789555056,-3.4792540224734694,0.030830401243056072,2,2.2034899018412024
2,bt_2892--150/150_2107251.txt#0_0,8,Miley Cyrus,0,-4.4859795570373535,0.011265846574711212,0.05053835732687379,-5.008174413815141,0.006683092738215622,3,2.2034899018412024
2,bt_2892--150/150_2107251.txt#0_0,8,Miley Cyrus,1,-0.5177350640296936,0.5958686250221856,0.3085020806291468,-5.008174413815141,0.006683092738215622,3,2.2034899018412024
2,bt_2892--150/150_2107251.txt#0_0,8,Miley Cyrus,2,-0.004459792748093605,0.995550137360025,0.004439947182961828,-5.008174413815141,0.006683092738215622,3,2.2034899018412024
2,bt_2892--150/150_2107251.txt#0_0,9,Sky Ferreira,0,-4.3629326820373535,0.012740967598984321,0.05558798383838768,-4.754717418458313,0.008610977652846153,4,2.2034899018412024
2,bt_2892--150/150_2107251.txt#0_0,9,Sky Ferreira,1,-0.3628273606300354,0.6957065294690783,0.25242136376034763,-4.754717418458313,0.008610977652846153,4,2.2034899018412024
2,bt_2892--150/150_2107251.txt#0_0,9,Sky Ferreira,2,-0.02654356136918068,0.9738056226053418,0.025848269205278107,-4.754717418458313,0.008610977652846153,4,2.2034899018412024
2,bt_2892--150/150_2107251.txt#0_0,9,Sky Ferreira,3,-0.0024138144217431545,0.9975890964856869,0.0024079948480709174,-4.754717418458313,0.008610977652846153,4,2.2034899018412024
2,bt_2892--150/150_2107251.txt#0_0,10,Justin Bieber,0,-4.1305108070373535,0.016074665672750902,0.06639658018080996,-4.206980690360069,0.014891261860745875,2,2.2034899018412024
2,bt_2892--150/150_2107251.txt#0_0,10,Justin Bieber,1,-0.07646988332271576,0.9263808133807049,0.07084023261162506,-4.206980690360069,0.014891261860745875,2,2.2034899018412024
3,tc_69--158/158_2486.txt#0_1,1,You Only Live Thrice,0,-2.0255064964294434,0.13192700570544902,0.2672190070108712,-7.139835278736427,0.000792882690348998,5,2.17035316404773
3,tc_69--158/158_2486.txt#0_1,1,You Only Live Thrice,1,-0.2338053286075592,0.7915158863982819,0.18506063181745375,-7.139835278736427,0.000792882690348998,5,2.17035316404773
3,tc_69--158/158_2486.txt#0_1,1,You Only Live Thrice,2,-0.0029651031363755465,0.9970392884403642,0.0029563242212441833,-7.139835278736427,0.000792882690348998,5,2.17035316404773
3,tc_69--158/158_2486.txt#0_1,1,You Only Live Thrice,3,-3.917854070663452,0.019883718048594196,0.07790150559660912,-7.139835278736427,0.000792882690348998,5,2.17035316404773
3,tc_69--158/158_2486.txt#0_1,1,You Only Live Thrice,4,-0.9597042798995972,0.38300613184151033,0.3675726238560868,-7.139835278736427,0.000792882690348998,5,2.17035316404773
3,tc_69--158/158_2486.txt#0_1,2,'You Know My Name',0,-1.2559752464294434,0.2847979645459095,0.35769919360315255,-2.4157970901578665,0.08929613347781326,7,2.17035316404773
3,tc_69--158/158_2486.txt#0_1,2,'You Know My Name',1,-0.3131662905216217,0.7311283227493826,0.2289647446307191,-2.4157970901578665,0.08929613347781326,7,2.17035316404773
3,tc_69--158/158_2486.txt#0_1,2,'You Know My Name',2,-0.32867705821990967,0.7198754570742597,0.2366065474158805,-2.4157970901578665,0.08929613347781326,7,2.17035316404773
3,tc_69--158/158_2486.txt#0_1,2,'You Know My Name',3,-0.385610431432724,0.6800353944990201,0.26222874176228983,-2.4157970901578665,0.08929613347781326,7,2.17035316404773
3,tc_69--158/158_2486.txt#0_1,2,'You Know My Name',4,-0.06154936924576759,0.940306522369695,0.057875273249535925,-2.4157970901578665,0.08929613347781326,7,2.17035316404773
3,tc_69--158/158_2486.txt#0_1,2,'You Know My Name',5,-0.00638149119913578,0.9936388272721367,0.0063408973313567665,-2.4157970901578665,0.08929613347781326,7,2.17035316404773
3,tc_69--158/158_2486.txt#0_1,2,'You Know My Name',6,-0.06443720310926437,0.9375949904635796,0.06041599873473043,-2.4157970901578665,0.08929613347781326,7,2.17035316404773
3,tc_69--158/158_2486.txt#0_1,3,the world is not enough,0,-2.1309752464294434,0.11872145470093608,0.25299248108778927,-6.131401137448847,0.0021735334071399165,5,2.17035316404773
3,tc_69--158/158_2486.txt#0_1,3,the world is not enough,1,-3.972548723220825,0.018825391226633785,0.07478478378149657,-6.131401137448847,0.0021735334071399165,5,2.17035316404773
3,tc_69--158/158_2486.txt#0_1,3,the world is not enough,2,-0.008619248867034912,0.9914177903653018,0.00854527656636442,-6.131401137448847,0.0021735334071399165,5,2.17035316404773
3,tc_69--158/158_2486.txt#0_1,3,the world is not enough,3,-0.01700335368514061,0.9831403874860722,0.016716683630571817,-6.131401137448847,0.0021735334071399165,5,2.17035316404773
3,tc_69--158/158_2486.txt#0_1,3,the world is not enough,4,-0.0022545652464032173,0.9977479743768812,0.0022494878076993498,-6.131401137448847,0.0021735334071399165,5,2.17035316404773
3,tc_69--158/158_2486.txt#0_1,4,2027: A View From The Sky,0,-1.2559752464294434,0.2847979645459095,0.35769919360315255,-16.817656673491,4.968033414036736e-08,9,2.17035316404773
3,tc_69--158/158_2486.txt#0_1,4,2027: A View From The Sky,1,-8.694025993347168,0.0001675839742792145,0.001456979328451944,-16.817656673491,4.968033414036736e-08,9,2.17035316404773
3,tc_69--158/158_2486.txt#0_1,4,2027: A View From The Sky,2,-1.195757508277893,0.3024747402577821,0.3616864416276484,-16.817656673491,4.968033414036736e-08,9,2.17035316404773
3,tc_69--158/158_2486.txt#0_1,4,2027: A View From The Sky,3,-0.0850364938378334,0.9184787649747324,0.0781042137379547,-16.817656673491,4.968033414036736e-08,9,2.17035316404773
3,tc_69--158/158_2486.txt#0_1,4,2027: A View From The Sky,4,-1.0858569145202637,0.33761235697359004,0.3665987121472563,-16.817656673491,4.968033414036736e-08,9,2.17035316404773
3,tc_69--158/158_2486.txt#0_1,4,2027: A View From The Sky,5,-1.8695013523101807,0.15420053438761452,0.28827810746459787,-16.817656673491,4.968033414036736e-08,9,2.17035316404773
3,tc_69--158/158_2486.txt#0_1,4,2027: A View From The Sky,6,-2.194793462753296,0.11138156357091268,0.2444595274966798,-16.817656673491,4.968033414036736e-08,9,2.17035316404773
3,tc_69--158/158_2486.txt#0_1,4,2027: A View From The Sky,7,-0.23917175829410553,0.7872796489498017,0.18829505780849026,-16.817656673491,4.968033414036736e-08,9,2.17035316404773
3,tc_69--158/158_2486.txt#0_1,4,2027: A View From The Sky,8,-0.19753794372081757,0.8207489977660579,0.16212906922962897,-16.817656673491,4.968033414036736e-08,9,2.17035316404773
3,tc_69--158/158_2486.txt#0_1,5,'My Funny Valentine',0,-1.2559752464294434,0.2847979645459095,0.35769919360315255,-10.00283651985228,4.527133442825215e-05,6,2.17035316404773
3,tc_69--158/158_2486.txt#0_1,5,'My Funny Valentine',1,-0.3131662905216217,0.7311283227493826,0.2289647446307191,-10.00283651985228,4.527133442825215e-05,6,2.17035316404773
3,tc_69--158/158_2486.txt#0_1,5,'My Funny Valentine',2,-5.395083427429199,0.004538841719108603,0.024487429638487077,-10.00283651985228,4.527133442825215e-05,6,2.17035316404773
3,tc_69--158/158_2486.txt#0_1,5,'My Funny Valentine',3,-2.8119029998779297,0.0600905312435188,0.16896874496790895,-10.00283651985228,4.527133442825215e-05,6,2.17035316404773
3,tc_69--158/158_2486.txt#0_1,5,'My Funny Valentine',4,-0.20685464143753052,0.8131378379447604,0.16820133580735216,-10.00283651985228,4.527133442825215e-05,6,2.17035316404773
3,tc_69--158/158_2486.txt#0_1,5,'My Funny Valentine',5,-0.01985391415655613,0.9803418769164433,0.019463623368376173,-10.00283651985228,4.527133442825215e-05,6,2.17035316404773
3,tc_69--158/158_2486.txt#0_1,6,the world is your oyster (the girl you choose),0,-2.1309752464294434,0.11872145470093608,0.25299248108778927,-24.305820776615292,2.7804568432872294e-11,12,2.17035316404773
3,tc_69--158/158_2486.txt#0_1,6,the world is your oyster (the girl you choose),1,-3.972548723220825,0.018825391226633785,0.07478478378149657,-24.305820776615292,2.7804568432872294e-11,12,2.17035316404773
3,tc_69--158/158_2486.txt#0_1,6,the world is your oyster (the girl you choose),2,-0.008619248867034912,0.9914177903653018,0.00854527656636442,-24.305820776615292,2.7804568432872294e-11,12,2.17035316404773
3,tc_69--158/158_2486.txt#0_1,6,the world is your oyster (the girl you choose),3,-4.368566036224365,0.012669395001986173,0.05534708860518753,-24.305820776615292,2.7804568432872294e-11,12,2.17035316404773
3,tc_69--158/158_2486.txt#0_1,6,the world is your oyster (the girl you choose),4,-0.002039021346718073,0.9979630560451195,0.0020348678745119786,-24.305820776615292,2.7804568432872294e-11,12,2.17035316404773
3,tc_69--158/158_2486.txt#0_1,6,the world is your oyster (the girl you choose),5,-2.9444494247436523,0.05263102918301805,0.15496940350160388,-24.305820776615292,2.7804568432872294e-11,12,2.17035316404773
3,tc_69--158/158_2486.txt#0_1,6,the world is your oyster (the girl you choose),6,-0.021130092442035675,0.979091583868884,0.020688295576368636,-24.305820776615292,2.7804568432872294e-11,12,2.17035316404773
3,tc_69--158/158_2486.txt#0_1,6,the world is your oyster (the girl you choose),7,-2.452332019805908,0.08609258261015004,0.21112759690265626,-24.305820776615292,2.7804568432872294e-11,12,2.17035316404773
3,tc_69--158/158_2486.txt#0_1,6,the world is your oyster (the girl you choose),8,-4.959146976470947,0.0070189125772352695,0.03480781898551019,-24.305820776615292,2.7804568432872294e-11,12,2.17035316404773
3,tc_69--158/158_2486.txt#0_1,6,the world is your oyster (the girl you choose),9,-0.8932342529296875,0.409329733677342,0.36562733876318854,-24.305820776615292,2.7804568432872294e-11,12,2.17035316404773
3,tc_69--158/158_2486.txt#0_1,6,the world is your oyster (the girl you choose),10,-2.2434747219085693,0.10608923261162272,0.23800851153085378,-24.305820776615292,2.7804568432872294e-11,12,2.17035316404773
3,tc_69--158/158_2486.txt#0_1,6,the world is your oyster (the girl you choose),11,-0.30930501222610474,0.7339568700630833,0.22701653856829554,-24.305820776615292,2.7804568432872294e-11,12,2.17035316404773
3,tc_69--158/158_2486.txt#0_1,7,the living daylights,0,-2.1309752464294434,0.11872145470093608,0.25299248108778927,-3.2494736961089075,0.03879462021926619,4,2.17035316404773
3,tc_69--158/158_2486.txt#0_1,7,the living daylights,1,-1.1014549732208252,0.3323871173497277,0.3661094433393916,-3.2494736961089075,0.03879462021926619,4,2.17035316404773
3,tc_69--158/158_2486.txt#0_1,7,the living daylights,2,-0.014720046892762184,0.9853877633585889,0.01450495398419243,-3.2494736961089075,0.03879462021926619,4,2.17035316404773
3,tc_69--158/158_2486.txt#0_1,7,the living daylights,3,-0.0023234295658767223,0.9976792675073728,0.002318037407388852,-3.2494736961089075,0.03879462021926619,4,2.17035316404773
3,tc_69--158/158_2486.txt#0_1,8,"the 1999 film ""Russo and Steele""",0,-2.1309752464294434,0.11872145470093608,0.25299248108778927,-15.835795260965824,1.326177030467786e-07,13,2.17035316404773
3,tc_69--158/158_2486.txt#0_1,8,"the 1999 film ""Russo and Steele""",1,-1.7342674732208252,0.17652946549623522,0.3061493099751787,-15.835795260965824,1.326177030467786e-07,13,2.17035316404773
3,tc_69--158/158_2486.txt#0_1,8,"the 1999 film ""Russo and Steele""",2,-3.1561570167541504,0.042589096177083466,0.13441787463651936,-15.835795260965824,1.326177030467786e-07,13,2.17035316404773
3,tc_69--158/158_2486.txt#0_1,8,"the 1999 film ""Russo and Steele""",3,-0.7876573801040649,0.45490922742261714,0.35831261015686283,-15.835795260965824,1.326177030467786e-07,13,2.17035316404773
3,tc_69--158/158_2486.txt#0_1,8,"the 1999 film ""Russo and Steele""",4,-0.23430585861206055,0.7911198080809101,0.18536400579740622,-15.835795260965824,1.326177030467786e-07,13,2.17035316404773
3,tc_69--158/158_2486.txt#0_1,8,"the 1999 film ""Russo and Steele""",5,-0.321694940328598,0.7249193002458549,0.23320287093563935,-15.835795260965824,1.326177030467786e-07,13,2.17035316404773
3,tc_69--158/158_2486.txt#0_1,8,"the 1999 film ""Russo and Steele""",6,-2.669095516204834,0.06931489116076883,0.18500806510343418,-15.835795260965824,1.326177030467786e-07,13,2.17035316404773
3,tc_69--158/158_2486.txt#0_1,8,"the 1999 film ""Russo and Steele""",7,-3.0723204612731934,0.046313561247009305,0.14229010175361592,-15.835795260965824,1.326177030467786e-07,13,2.17035316404773
3,tc_69--158/158_2486.txt#0_1,8,"the 1999 film ""Russo and Steele""",8,-0.2777063548564911,0.7575192307012586,0.21036790419173987,-15.835795260965824,1.326177030467786e-07,13,2.17035316404773
3,tc_69--158/158_2486.txt#0_1,8,"the 1999 film ""Russo and Steele""",9,-0.6503391861915588,0.5218687360687535,0.3393916890137706,-15.835795260965824,1.326177030467786e-07,13,2.17035316404773
3,tc_69--158/158_2486.txt#0_1,8,"the 1999 film ""Russo and Steele""",10,-0.5232982635498047,0.5925628927233888,0.31008713270619853,-15.835795260965824,1.326177030467786e-07,13,2.17035316404773
3,tc_69--158/158_2486.txt#0_1,8,"the 1999 film ""Russo and Steele""",11,-0.23206691443920135,0.792893065536711,0.18400424709934396,-15.835795260965824,1.326177030467786e-07,13,2.17035316404773
3,tc_69--158/158_2486.txt#0_1,8,"the 1999 film ""Russo and Steele""",12,-0.04591064900159836,0.9551272999560023,0.043850514120124376,-15.835795260965824,1.326177030467786e-07,13,2.17035316404773
3,tc_69--158/158_2486.txt#0_1,9,the spy who love me,0,-2.1309752464294434,0.11872145470093608,0.25299248108778927,-8.536777283996344,0.00019612128599931847,5,2.17035316404773
3,tc_69--158/158_2486.txt#0_1,9,the spy who love me,1,-1.8397362232208252,0.1588593239816563,0.29225925262542585,-8.536777283996344,0.00019612128599931847,5,2.17035316404773
3,tc_69--158/158_2486.txt#0_1,9,the spy who love me,2,-0.01182098314166069,0.9882486101891105,0.01168207006081508,-8.536777283996344,0.00019612128599931847,5,2.17035316404773
3,tc_69--158/158_2486.txt#0_1,9,the spy who love me,3,-4.420970439910889,0.012022559450226086,0.05315137984152083,-8.536777283996344,0.00019612128599931847,5,2.17035316404773
3,tc_69--158/158_2486.txt#0_1,9,the spy who love me,4,-0.1332743912935257,0.8752249050638348,0.11664506636731639,-8.536777283996344,0.00019612128599931847,5,2.17035316404773
3,tc_69--158/158_2486.txt#0_1,10,'You're My Thunder' was featured in the 1995 film 'Tomorrow Never Dies'.,0,-1.2559752464294434,0.2847979645459095,0.35769919360315255,-25.24693988240324,1.084909030403434e-11,22,2.17035316404773
3,tc_69--158/158_2486.txt#0_1,10,'You're My Thunder' was featured in the 1995 film 'Tomorrow Never Dies'.,1,-0.3131662905216217,0.7311283227493826,0.2289647446307191,-25.24693988240324,1.084909030403434e-11,22,2.17035316404773
3,tc_69--158/158_2486.txt#0_1,10,'You're My Thunder' was featured in the 1995 film 'Tomorrow Never Dies'.,2,-0.32867705821990967,0.7198754570742597,0.2366065474158805,-25.24693988240324,1.084909030403434e-11,22,2.17035316404773
3,tc_69--158/158_2486.txt#0_1,10,'You're My Thunder' was featured in the 1995 film 'Tomorrow Never Dies'.,3,-1.8777979612350464,0.15292648530939143,0.28716504223281647,-25.24693988240324,1.084909030403434e-11,22,2.17035316404773
3,tc_69--158/158_2486.txt#0_1,10,'You're My Thunder' was featured in the 1995 film 'Tomorrow Never Dies'.,4,-0.08713684976100922,0.9165516571749995,0.07986542394946197,-25.24693988240324,1.084909030403434e-11,22,2.17035316404773
3,tc_69--158/158_2486.txt#0_1,10,'You're My Thunder' was featured in the 1995 film 'Tomorrow Never Dies'.,5,-1.2042487859725952,0.2999172169298317,0.3611749442800293,-25.24693988240324,1.084909030403434e-11,22,2.17035316404773
3,tc_69--158/158_2486.txt#0_1,10,'You're My Thunder' was featured in the 1995 film 'Tomorrow Never Dies'.,6,-3.7834644317626953,0.022743760572232426,0.08605020906956815,-25.24693988240324,1.084909030403434e-11,22,2.17035316404773
3,tc_69--158/158_2486.txt#0_1,10,'You're My Thunder' was featured in the 1995 film 'Tomorrow Never Dies'.,7,-0.02367943711578846,0.9765987208880387,0.023125307898627795,-25.24693988240324,1.084909030403434e-11,22,2.17035316404773
3,tc_69--158/158_2486.txt#0_1,10,'You're My Thunder' was featured in the 1995 film 'Tomorrow Never Dies'.,8,-3.6049766540527344,0.027188079537115297,0.0980123918998295,-25.24693988240324,1.084909030403434e-11,22,2.17035316404773
3,tc_69--158/158_2486.txt#0_1,10,'You're My Thunder' was featured in the 1995 film 'Tomorrow Never Dies'.,9,-4.5473785400390625,0.010594942227983205,0.04817921282048448,-25.24693988240324,1.084909030403434e-11,22,2.17035316404773
3,tc_69--158/158_2486.txt#0_1,10,'You're My Thunder' was featured in the 1995 film 'Tomorrow Never Dies'.,10,-0.03708948940038681,0.9635899004081481,0.03573905729750782,-25.24693988240324,1.084909030403434e-11,22,2.17035316404773
3,tc_69--158/158_2486.txt#0_1,10,'You're My Thunder' was featured in the 1995 film 'Tomorrow Never Dies'.,11,-0.2596982717514038,0.771284268949902,0.2003011915753344,-25.24693988240324,1.084909030403434e-11,22,2.17035316404773
3,tc_69--158/158_2486.txt#0_1,10,'You're My Thunder' was featured in the 1995 film 'Tomorrow Never Dies'.,12,-0.41673561930656433,0.6591951753857964,0.2747101095582991,-25.24693988240324,1.084909030403434e-11,22,2.17035316404773
3,tc_69--158/158_2486.txt#0_1,10,'You're My Thunder' was featured in the 1995 film 'Tomorrow Never Dies'.,13,-1.2716503143310547,0.28036854354576835,0.35653074642851623,-25.24693988240324,1.084909030403434e-11,22,2.17035316404773
3,tc_69--158/158_2486.txt#0_1,10,'You're My Thunder' was featured in the 1995 film 'Tomorrow Never Dies'.,14,-3.522221565246582,0.029533751079163447,0.104024414853654,-25.24693988240324,1.084909030403434e-11,22,2.17035316404773
3,tc_69--158/158_2486.txt#0_1,10,'You're My Thunder' was featured in the 1995 film 'Tomorrow Never Dies'.,15,-0.2152334749698639,0.8063531549196902,0.17355419148627796,-25.24693988240324,1.084909030403434e-11,22,2.17035316404773
3,tc_69--158/158_2486.txt#0_1,10,'You're My Thunder' was featured in the 1995 film 'Tomorrow Never Dies'.,16,-0.3506416380405426,0.7042360800624353,0.24693449258034306,-25.24693988240324,1.084909030403434e-11,22,2.17035316404773
3,tc_69--158/158_2486.txt#0_1,10,'You're My Thunder' was featured in the 1995 film 'Tomorrow Never Dies'.,17,-0.07354775071144104,0.9290917799387911,0.06833261051898726,-25.24693988240324,1.084909030403434e-11,22,2.17035316404773
3,tc_69--158/158_2486.txt#0_1,10,'You're My Thunder' was featured in the 1995 film 'Tomorrow Never Dies'.,18,-1.1970341205596924,0.302088843662011,0.3616106532038498,-25.24693988240324,1.084909030403434e-11,22,2.17035316404773
3,tc_69--158/158_2486.txt#0_1,10,'You're My Thunder' was featured in the 1995 film 'Tomorrow Never Dies'.,19,-0.002817591419443488,0.9971863742658253,0.0028096636717173467,-25.24693988240324,1.084909030403434e-11,22,2.17035316404773
3,tc_69--158/158_2486.txt#0_1,10,'You're My Thunder' was featured in the 1995 film 'Tomorrow Never Dies'.,20,-0.24539326131343842,0.7823967913435659,0.1919949001689674,-25.24693988240324,1.084909030403434e-11,22,2.17035316404773
3,tc_69--158/158_2486.txt#0_1,10,'You're My Thunder' was featured in the 1995 film 'Tomorrow Never Dies'.,21,-0.6283755302429199,0.533457683389959,0.3352117545623252,-25.24693988240324,1.084909030403434e-11,22,2.17035316404773
4,sfq_668--20/20_1363097.txt#0_1,1,alicia silverstone,0,-4.854074478149414,0.007796545888696156,0.03784501431604075,-5.891918275970966,0.0027616739596877144,4,2.161076702712969
4,sfq_668--20/20_1363097.txt#0_1,1,alicia silverstone,1,-0.7256425023078918,0.48401348924745646,0.3512207593882982,-5.891918275970966,0.0027616739596877144,4,2.161076702712969
4,sfq_668--20/20_1363097.txt#0_1,1,alicia silverstone,2,-0.3080476224422455,0.7348803203801244,0.22637813537269294,-5.891918275970966,0.0027616739596877144,4,2.161076702712969
4,sfq_668--20/20_1363097.txt#0_1,1,alicia silverstone,3,-0.004153673071414232,0.9958549414970834,0.004136455753531211,-5.891918275970966,0.0027616739596877144,4,2.161076702712969
4,sfq_668--20/20_1363097.txt#0_1,2,kate beckinsale,0,-3.137277603149414,0.0434007913943396,0.13616033070042144,-6.289572682449943,0.0018555526876959107,5,2.161076702712969
4,sfq_668--20/20_1363097.txt#0_1,2,kate beckinsale,1,-0.612124502658844,0.5421977440507755,0.33189252431982813,-6.289572682449943,0.0018555526876959107,5,2.161076702712969
4,sfq_668--20/20_1363097.txt#0_1,2,kate beckinsale,2,-2.5092601776123047,0.08132838554974023,0.20407407906946318,-6.289572682449943,0.0018555526876959107,5,2.161076702712969
4,sfq_668--20/20_1363097.txt#0_1,2,kate beckinsale,3,-0.030691316351294518,0.9697748805265352,0.02976366754777878,-6.289572682449943,0.0018555526876959107,5,2.161076702712969
4,sfq_668--20/20_1363097.txt#0_1,2,kate beckinsale,4,-0.00021908267808612436,0.9997809413187714,0.0002190345861235282,-6.289572682449943,0.0018555526876959107,5,2.161076702712969
4,sfq_668--20/20_1363097.txt#0_1,3,melanie griffith,0,-3.270090103149414,0.038003002730671295,0.12427324301952836,-4.683144023118075,0.009249886265841705,5,2.161076702712969
4,sfq_668--20/20_1363097.txt#0_1,3,melanie griffith,1,-1.3341412544250488,0.2633842584346989,0.3513918048438805,-4.683144023118075,0.009249886265841705,5,2.161076702712969
4,sfq_668--20/20_1363097.txt#0_1,3,melanie griffith,2,-0.0768699049949646,0.9260103150872111,0.07118232484511115,-4.683144023118075,0.009249886265841705,5,2.161076702712969
4,sfq_668--20/20_1363097.txt#0_1,3,melanie griffith,3,-0.0008235162240453064,0.9991768227723776,0.0008228382242430495,-4.683144023118075,0.009249886265841705,5,2.161076702712969
4,sfq_668--20/20_1363097.txt#0_1,3,melanie griffith,4,-0.0012192443246021867,0.9987814986517721,0.0012177585737488026,-4.683144023118075,0.009249886265841705,5,2.161076702712969
4,sfq_668--20/20_1363097.txt#0_1,4,Demetria Georganne,0,-0.7329807877540588,0.4804746604520938,0.35217869501403964,-3.9149806508794427,0.019940934481462298,6,2.161076702712969
4,sfq_668--20/20_1363097.txt#0_1,4,Demetria Georganne,1,-0.4567575454711914,0.6333338761157642,0.289280026618392,-3.9149806508794427,0.019940934481462298,6,2.161076702712969
4,sfq_668--20/20_1363097.txt#0_1,4,Demetria Georganne,2,-0.011858680285513401,0.9882113567412687,0.011718882434108074,-3.9149806508794427,0.019940934481462298,6,2.161076702712969
4,sfq_668--20/20_1363097.txt#0_1,4,Demetria Georganne,3,-1.9281847476959229,0.1454119183720051,0.2803810430381048,-3.9149806508794427,0.019940934481462298,6,2.161076702712969
4,sfq_668--20/20_1363097.txt#0_1,4,Demetria Georganne,4,-0.7131379246711731,0.4901038729793189,0.3495116587497757,-3.9149806508794427,0.019940934481462298,6,2.161076702712969
4,sfq_668--20/20_1363097.txt#0_1,4,Demetria Georganne,5,-0.0720609650015831,0.930474167722901,0.06705086633515714,-3.9149806508794427,0.019940934481462298,6,2.161076702712969
4,sfq_668--20/20_1363097.txt#0_1,5,lisa bonet,0,-4.066965103149414,0.017129295346191974,0.06966424631450241,-6.3133395835757256,0.0018119718920855592,4,2.161076702712969
4,sfq_668--20/20_1363097.txt#0_1,5,lisa bonet,1,-0.4634266495704651,0.6291241596878286,0.29155290138796464,-6.3133395835757256,0.0018119718920855592,4,2.161076702712969
4,sfq_668--20/20_1363097.txt#0_1,5,lisa bonet,2,-1.7055619955062866,0.18167025961119299,0.30984989040661143,-6.3133395835757256,0.0018119718920855592,4,2.161076702712969
4,sfq_668--20/20_1363097.txt#0_1,5,lisa bonet,3,-0.07738583534955978,0.9255326814804223,0.07162311959968048,-6.3133395835757256,0.0018119718920855592,4,2.161076702712969
4,sfq_668--20/20_1363097.txt#0_1,6,Demetria Michelle Johnson,0,-0.7329807877540588,0.4804746604520938,0.35217869501403964,-11.703375377692282,8.265871581929684e-06,5,2.161076702712969
4,sfq_668--20/20_1363097.txt#0_1,6,Demetria Michelle Johnson,1,-0.4567575454711914,0.6333338761157642,0.289280026618392,-11.703375377692282,8.265871581929684e-06,5,2.161076702712969
4,sfq_668--20/20_1363097.txt#0_1,6,Demetria Michelle Johnson,2,-0.011858680285513401,0.9882113567412687,0.011718882434108074,-11.703375377692282,8.265871581929684e-06,5,2.161076702712969
4,sfq_668--20/20_1363097.txt#0_1,6,Demetria Michelle Johnson,3,-3.992637872695923,0.018450978536452563,0.07366807559294009,-11.703375377692282,8.265871581929684e-06,5,2.161076702712969
4,sfq_668--20/20_1363097.txt#0_1,6,Demetria Michelle Johnson,4,-6.509140491485596,0.0014897596340233072,0.009697054656401874,-11.703375377692282,8.265871581929684e-06,5,2.161076702712969
4,sfq_668--20/20_1363097.txt#0_1,7,Demi Moore,0,-0.7329807877540588,0.4804746604520938,0.35217869501403964,-2.0416354332119226,0.12981623140150741,3,2.161076702712969
4,sfq_668--20/20_1363097.txt#0_1,7,Demi Moore,1,-1.3014841079711914,0.27212762641520205,0.35416978101930685,-2.0416354332119226,0.12981623140150741,3,2.161076702712969
4,sfq_668--20/20_1363097.txt#0_1,7,Demi Moore,2,-0.007170537486672401,0.9928551094797942,0.007119304681359108,-2.0416354332119226,0.12981623140150741,3,2.161076702712969
4,sfq_668--20/20_1363097.txt#0_1,8,cybill shepherd,0,-3.479074478149414,0.03083593716356429,0.10728052189557556,-5.615623511373997,0.003640539072806119,3,2.161076702712969
4,sfq_668--20/20_1363097.txt#0_1,8,cybill shepherd,1,-2.0441973209381104,0.12948408243746232,0.26469101432278985,-5.615623511373997,0.003640539072806119,3,2.161076702712969
4,sfq_668--20/20_1363097.txt#0_1,8,cybill shepherd,2,-0.09235171228647232,0.9117844073652298,0.08420485115628537,-5.615623511373997,0.003640539072806119,3,2.161076702712969
4,sfq_668--20/20_1363097.txt#0_1,9,Demetria Guynes,0,-0.7329807877540588,0.4804746604520938,0.35217869501403964,-2.8414362863986753,0.058341810209997916,5,2.161076702712969
4,sfq_668--20/20_1363097.txt#0_1,9,Demetria Guynes,1,-0.4567575454711914,0.6333338761157642,0.289280026618392,-2.8414362863986753,0.058341810209997916,5,2.161076702712969
4,sfq_668--20/20_1363097.txt#0_1,9,Demetria Guynes,2,-0.011858680285513401,0.9882113567412687,0.011718882434108074,-2.8414362863986753,0.058341810209997916,5,2.161076702712969
4,sfq_668--20/20_1363097.txt#0_1,9,Demetria Guynes,3,-1.6391222476959229,0.19415038346770133,0.31823621284060394,-2.8414362863986753,0.058341810209997916,5,2.161076702712969
4,sfq_668--20/20_1363097.txt#0_1,9,Demetria Guynes,4,-0.000717025191988796,0.999283231809145,0.0007165111511391837,-2.8414362863986753,0.058341810209997916,5,2.161076702712969
4,sfq_668--20/20_1363097.txt#0_1,10,madonna,0,-3.791574478149414,0.022560053562080216,0.08553812321166712,-3.7938841115683317,0.022508008234390635,2,2.161076702712969
4,sfq_668--20/20_1363097.txt#0_1,10,madonna,1,-0.002309633418917656,0.9976930317321118,0.0023043050679097334,-3.7938841115683317,0.022508008234390635,2,2.161076702712969
5,bb_1997--80/80_876537.txt#0_1,1,The American Flag and an Eagle.,0,-4.032812595367432,0.017724408193338127,0.0714792165075277,-12.201047331094742,5.025189812529938e-06,7,2.151473257746013
5,bb_1997--80/80_876537.txt#0_1,1,The American Flag and an Eagle.,1,-2.8636200428009033,0.057061819695004144,0.16340337045730519,-12.201047331094742,5.025189812529938e-06,7,2.151473257746013
5,bb_1997--80/80_876537.txt#0_1,1,The American Flag and an Eagle.,2,-1.5004907846450806,0.22302067816021154,0.3346404722646938,-12.201047331094742,5.025189812529938e-06,7,2.151473257746013
5,bb_1997--80/80_876537.txt#0_1,1,The American Flag and an Eagle.,3,-0.5286983847618103,0.5893716057004906,0.3115998158583239,-12.201047331094742,5.025189812529938e-06,7,2.151473257746013
5,bb_1997--80/80_876537.txt#0_1,1,The American Flag and an Eagle.,4,-1.4411314725875854,0.23665983302178883,0.3410579335650226,-12.201047331094742,5.025189812529938e-06,7,2.151473257746013
5,bb_1997--80/80_876537.txt#0_1,1,The American Flag and an Eagle.,5,-1.4325240850448608,0.23870564785024326,0.34195158968171047,-12.201047331094742,5.025189812529938e-06,7,2.151473257746013
5,bb_1997--80/80_876537.txt#0_1,1,The American Flag and an Eagle.,6,-0.4017699658870697,0.6691346517838962,0.2688382061210723,-12.201047331094742,5.025189812529938e-06,7,2.151473257746013
5,bb_1997--80/80_876537.txt#0_1,2,four red stripes and a circle with an A in the center.,0,-6.409521579742432,0.0016458117034080801,0.010548865529186744,-18.68337557464838,7.689765295403631e-09,13,2.151473257746013
5,bb_1997--80/80_876537.txt#0_1,2,four red stripes and a circle with an A in the center.,1,-0.6547205448150635,0.5195872436495678,0.3401844431412021,-18.68337557464838,7.689765295403631e-09,13,2.151473257746013
5,bb_1997--80/80_876537.txt#0_1,2,four red stripes and a circle with an A in the center.,2,-5.188488960266113,0.005580432702937426,0.02895401337269882,-18.68337557464838,7.689765295403631e-09,13,2.151473257746013
5,bb_1997--80/80_876537.txt#0_1,2,four red stripes and a circle with an A in the center.,3,-0.6382066607475281,0.5282388866552356,0.33712557582922986,-18.68337557464838,7.689765295403631e-09,13,2.151473257746013
5,bb_1997--80/80_876537.txt#0_1,2,four red stripes and a circle with an A in the center.,4,-0.34826433658599854,0.7059122531148116,0.24584406241895734,-18.68337557464838,7.689765295403631e-09,13,2.151473257746013
5,bb_1997--80/80_876537.txt#0_1,2,four red stripes and a circle with an A in the center.,5,-2.590614080429077,0.07497398588885958,0.19422866340957057,-18.68337557464838,7.689765295403631e-09,13,2.151473257746013
5,bb_1997--80/80_876537.txt#0_1,2,four red stripes and a circle with an A in the center.,6,-0.45778554677963257,0.6326831425971985,0.28963319827211476,-18.68337557464838,7.689765295403631e-09,13,2.151473257746013
5,bb_1997--80/80_876537.txt#0_1,2,four red stripes and a circle with an A in the center.,7,-0.1701330691576004,0.8435525582991663,0.14351618563918275,-18.68337557464838,7.689765295403631e-09,13,2.151473257746013
5,bb_1997--80/80_876537.txt#0_1,2,four red stripes and a circle with an A in the center.,8,-0.6176396012306213,0.5392157007369104,0.33304097028043533,-18.68337557464838,7.689765295403631e-09,13,2.151473257746013
5,bb_1997--80/80_876537.txt#0_1,2,four red stripes and a circle with an A in the center.,9,-0.6051216721534729,0.5460079886301735,0.330401266989045,-18.68337557464838,7.689765295403631e-09,13,2.151473257746013
5,bb_1997--80/80_876537.txt#0_1,2,four red stripes and a circle with an A in the center.,10,-0.02887534350156784,0.9715375653894363,0.028053480825296895,-18.68337557464838,7.689765295403631e-09,13,2.151473257746013
5,bb_1997--80/80_876537.txt#0_1,2,four red stripes and a circle with an A in the center.,11,-0.41218891739845276,0.6621991632913191,0.27295115611921006,-18.68337557464838,7.689765295403631e-09,13,2.151473257746013
5,bb_1997--80/80_876537.txt#0_1,2,four red stripes and a circle with an A in the center.,12,-0.5618152618408203,0.5701731103799506,0.3203319552027069,-18.68337557464838,7.689765295403631e-09,13,2.151473257746013
5,bb_1997--80/80_876537.txt#0_1,3,an eagle and a star,0,-1.8082029819488525,0.16394849064105152,0.2964521495631629,-7.127642050385475,0.0008026096711843931,5,2.151473257746013
5,bb_1997--80/80_876537.txt#0_1,3,an eagle and a star,1,-0.9392688274383545,0.3909135561564249,0.3671729174208026,-7.127642050385475,0.0008026096711843931,5,2.151473257746013
5,bb_1997--80/80_876537.txt#0_1,3,an eagle and a star,2,-0.17861099541187286,0.8364312116979477,0.14939581121492937,-7.127642050385475,0.0008026096711843931,5,2.151473257746013
5,bb_1997--80/80_876537.txt#0_1,3,an eagle and a star,3,-0.68764728307724,0.5027575248423242,0.34571984590446214,-7.127642050385475,0.0008026096711843931,5,2.151473257746013
5,bb_1997--80/80_876537.txt#0_1,3,an eagle and a star,4,-3.5139119625091553,0.029780187293474765,0.10464495627630412,-7.127642050385475,0.0008026096711843931,5,2.151473257746013
5,bb_1997--80/80_876537.txt#0_1,4,"a shield with a red, white, and blue eagle clutching a spear.",0,-0.8746092915534973,0.4170249230124049,0.3647338723760312,-9.293507734197192,9.201971280968685e-05,15,2.151473257746013
5,bb_1997--80/80_876537.txt#0_1,4,"a shield with a red, white, and blue eagle clutching a spear.",1,-0.3380362093448639,0.7131694640316829,0.24107710214177835,-9.293507734197192,9.201971280968685e-05,15,2.151473257746013
5,bb_1997--80/80_876537.txt#0_1,4,"a shield with a red, white, and blue eagle clutching a spear.",2,-0.06896647065877914,0.9333579744315654,0.06437040525777207,-9.293507734197192,9.201971280968685e-05,15,2.151473257746013
5,bb_1997--80/80_876537.txt#0_1,4,"a shield with a red, white, and blue eagle clutching a spear.",3,-1.1784484386444092,0.30775587047130676,0.36267442494056246,-9.293507734197192,9.201971280968685e-05,15,2.151473257746013
5,bb_1997--80/80_876537.txt#0_1,4,"a shield with a red, white, and blue eagle clutching a spear.",4,-0.36529603600502014,0.6939911740905188,0.25351222481773633,-9.293507734197192,9.201971280968685e-05,15,2.151473257746013
5,bb_1997--80/80_876537.txt#0_1,4,"a shield with a red, white, and blue eagle clutching a spear.",5,-0.014664013870060444,0.9854429791604429,0.014450549414562384,-9.293507734197192,9.201971280968685e-05,15,2.151473257746013
5,bb_1997--80/80_876537.txt#0_1,4,"a shield with a red, white, and blue eagle clutching a spear.",6,-0.0031399254221469164,0.9968649989882393,0.0031300816527715775,-9.293507734197192,9.201971280968685e-05,15,2.151473257746013
5,bb_1997--80/80_876537.txt#0_1,4,"a shield with a red, white, and blue eagle clutching a spear.",7,-0.08226801455020905,0.9210250774920737,0.07577090437622533,-9.293507734197192,9.201971280968685e-05,15,2.151473257746013
5,bb_1997--80/80_876537.txt#0_1,4,"a shield with a red, white, and blue eagle clutching a spear.",8,-0.0013253247598186135,0.9986755530951837,0.0013235693375425732,-9.293507734197192,9.201971280968685e-05,15,2.151473257746013
5,bb_1997--80/80_876537.txt#0_1,4,"a shield with a red, white, and blue eagle clutching a spear.",9,-0.005603558383882046,0.9944121122652698,0.005572246228717885,-9.293507734197192,9.201971280968685e-05,15,2.151473257746013
5,bb_1997--80/80_876537.txt#0_1,4,"a shield with a red, white, and blue eagle clutching a spear.",10,-1.3355469703674316,0.26301427509031244,0.35126791816025305,-9.293507734197192,9.201971280968685e-05,15,2.151473257746013
5,bb_1997--80/80_876537.txt#0_1,4,"a shield with a red, white, and blue eagle clutching a spear.",11,-3.207630157470703,0.04045236550454477,0.12975622743340537,-9.293507734197192,9.201971280968685e-05,15,2.151473257746013
5,bb_1997--80/80_876537.txt#0_1,4,"a shield with a red, white, and blue eagle clutching a spear.",12,-0.10224155336618423,0.9028114481837833,0.09230484475908436,-9.293507734197192,9.201971280968685e-05,15,2.151473257746013
5,bb_1997--80/80_876537.txt#0_1,4,"a shield with a red, white, and blue eagle clutching a spear.",13,-0.3289879858493805,0.7196516626986077,0.23675675092437265,-9.293507734197192,9.201971280968685e-05,15,2.151473257746013
5,bb_1997--80/80_876537.txt#0_1,4,"a shield with a red, white, and blue eagle clutching a spear.",14,-1.3867437839508057,0.2498876695360995,0.34653017231513905,-9.293507734197192,9.201971280968685e-05,15,2.151473257746013
5,bb_1997--80/80_876537.txt#0_1,5,"the shield has an eagle clutching an American flag and the chest has a red, white, and blue shield with an emblem that consists of Captain America's shield and his initials, A.C.",0,-2.4722654819488525,0.08439345042854951,0.20864301429706456,-34.95711034233682,6.581424067596638e-16,40,2.151473257746013
5,bb_1997--80/80_876537.txt#0_1,5,"the shield has an eagle clutching an American flag and the chest has a red, white, and blue shield with an emblem that consists of Captain America's shield and his initials, A.C.",1,-0.5244960784912109,0.5918535369600408,0.31042485907669437,-34.95711034233682,6.581424067596638e-16,40,2.151473257746013
5,bb_1997--80/80_876537.txt#0_1,5,"the shield has an eagle clutching an American flag and the chest has a red, white, and blue shield with an emblem that consists of Captain America's shield and his initials, A.C.",2,-0.6703780889511108,0.5115151429971754,0.3429085439320006,-34.95711034233682,6.581424067596638e-16,40,2.151473257746013
5,bb_1997--80/80_876537.txt#0_1,5,"the shield has an eagle clutching an American flag and the chest has a red, white, and blue shield with an emblem that consists of Captain America's shield and his initials, A.C.",3,-1.1941314935684204,0.3029669687115871,0.3617823987494644,-34.95711034233682,6.581424067596638e-16,40,2.151473257746013
5,bb_1997--80/80_876537.txt#0_1,5,"the shield has an eagle clutching an American flag and the chest has a red, white, and blue shield with an emblem that consists of Captain America's shield and his initials, A.C.",4,-0.7372461557388306,0.4784296237354839,0.3527204007905607,-34.95711034233682,6.581424067596638e-16,40,2.151473257746013
5,bb_1997--80/80_876537.txt#0_1,5,"the shield has an eagle clutching an American flag and the chest has a red, white, and blue shield with an emblem that consists of Captain America's shield and his initials, A.C.",5,-1.776828408241272,0.1691738476891487,0.30059289840556147,-34.95711034233682,6.581424067596638e-16,40,2.151473257746013
5,bb_1997--80/80_876537.txt#0_1,5,"the shield has an eagle clutching an American flag and the chest has a red, white, and blue shield with an emblem that consists of Captain America's shield and his initials, A.C.",6,-1.189337134361267,0.30442298874001666,0.3620615649617437,-34.95711034233682,6.581424067596638e-16,40,2.151473257746013
5,bb_1997--80/80_876537.txt#0_1,5,"the shield has an eagle clutching an American flag and the chest has a red, white, and blue shield with an emblem that consists of Captain America's shield and his initials, A.C.",7,-0.7885323762893677,0.454511357676603,0.3583969208192385,-34.95711034233682,6.581424067596638e-16,40,2.151473257746013
5,bb_1997--80/80_876537.txt#0_1,5,"the shield has an eagle clutching an American flag and the chest has a red, white, and blue shield with an emblem that consists of Captain America's shield and his initials, A.C.",8,-0.027117909863591194,0.97324647939905,0.026392410203400864,-34.95711034233682,6.581424067596638e-16,40,2.151473257746013
5,bb_1997--80/80_876537.txt#0_1,5,"the shield has an eagle clutching an American flag and the chest has a red, white, and blue shield with an emblem that consists of Captain America's shield and his initials, A.C.",9,-2.3914108276367188,0.09150050133572418,0.21881528952843884,-34.95711034233682,6.581424067596638e-16,40,2.151473257746013
5,bb_1997--80/80_876537.txt#0_1,5,"the shield has an eagle clutching an American flag and the chest has a red, white, and blue shield with an emblem that consists of Captain America's shield and his initials, A.C.",10,-0.1834036260843277,0.8324320966129146,0.1526710648877879,-34.95711034233682,6.581424067596638e-16,40,2.151473257746013
5,bb_1997--80/80_876537.txt#0_1,5,"the shield has an eagle clutching an American flag and the chest has a red, white, and blue shield with an emblem that consists of Captain America's shield and his initials, A.C.",11,-0.00452494528144598,0.9954852768594326,0.004504516306274028,-34.95711034233682,6.581424067596638e-16,40,2.151473257746013
5,bb_1997--80/80_876537.txt#0_1,5,"the shield has an eagle clutching an American flag and the chest has a red, white, and blue shield with an emblem that consists of Captain America's shield and his initials, A.C.",12,-0.06058310717344284,0.9412155440044581,0.05702176207573241,-34.95711034233682,6.581424067596638e-16,40,2.151473257746013
5,bb_1997--80/80_876537.txt#0_1,5,"the shield has an eagle clutching an American flag and the chest has a red, white, and blue shield with an emblem that consists of Captain America's shield and his initials, A.C.",13,-0.3913877606391907,0.6761179332807653,0.2646242837347565,-34.95711034233682,6.581424067596638e-16,40,2.151473257746013
5,bb_1997--80/80_876537.txt#0_1,5,"the shield has an eagle clutching an American flag and the chest has a red, white, and blue shield with an emblem that consists of Captain America's shield and his initials, A.C.",14,-0.28539082407951355,0.751720406465806,0.2145341061786632,-34.95711034233682,6.581424067596638e-16,40,2.151473257746013
5,bb_1997--80/80_876537.txt#0_1,5,"the shield has an eagle clutching an American flag and the chest has a red, white, and blue shield with an emblem that consists of Captain America's shield and his initials, A.C.",15,-0.02326233498752117,0.9770061472562801,0.022727444182342998,-34.95711034233682,6.581424067596638e-16,40,2.151473257746013
5,bb_1997--80/80_876537.txt#0_1,5,"the shield has an eagle clutching an American flag and the chest has a red, white, and blue shield with an emblem that consists of Captain America's shield and his initials, A.C.",16,-0.0026257107965648174,0.9973777333669103,0.0026188253827547966,-34.95711034233682,6.581424067596638e-16,40,2.151473257746013
5,bb_1997--80/80_876537.txt#0_1,5,"the shield has an eagle clutching an American flag and the chest has a red, white, and blue shield with an emblem that consists of Captain America's shield and his initials, A.C.",17,-0.07322119176387787,0.9293952327175509,0.06805142645924567,-34.95711034233682,6.581424067596638e-16,40,2.151473257746013
5,bb_1997--80/80_876537.txt#0_1,5,"the shield has an eagle clutching an American flag and the chest has a red, white, and blue shield with an emblem that consists of Captain America's shield and his initials, A.C.",18,-0.0008691347320564091,0.9991312428561352,0.0008683795650489837,-34.95711034233682,6.581424067596638e-16,40,2.151473257746013
5,bb_1997--80/80_876537.txt#0_1,5,"the shield has an eagle clutching an American flag and the chest has a red, white, and blue shield with an emblem that consists of Captain America's shield and his initials, A.C.",19,-0.010551262646913528,0.9895042066629727,0.010440518674726791,-34.95711034233682,6.581424067596638e-16,40,2.151473257746013
5,bb_1997--80/80_876537.txt#0_1,5,"the shield has an eagle clutching an American flag and the chest has a red, white, and blue shield with an emblem that consists of Captain America's shield and his initials, A.C.",20,-1.2992746829986572,0.27272953668165223,0.3543505822164243,-34.95711034233682,6.581424067596638e-16,40,2.151473257746013
5,bb_1997--80/80_876537.txt#0_1,5,"the shield has an eagle clutching an American flag and the chest has a red, white, and blue shield with an emblem that consists of Captain America's shield and his initials, A.C.",21,-0.10789140313863754,0.8977250812632572,0.09685681855024017,-34.95711034233682,6.581424067596638e-16,40,2.151473257746013
5,bb_1997--80/80_876537.txt#0_1,5,"the shield has an eagle clutching an American flag and the chest has a red, white, and blue shield with an emblem that consists of Captain America's shield and his initials, A.C.",22,-0.926505982875824,0.3959346989860369,0.3668358673387016,-34.95711034233682,6.581424067596638e-16,40,2.151473257746013
5,bb_1997--80/80_876537.txt#0_1,5,"the shield has an eagle clutching an American flag and the chest has a red, white, and blue shield with an emblem that consists of Captain America's shield and his initials, A.C.",23,-1.7838425636291504,0.16799138786030274,0.2996701878883414,-34.95711034233682,6.581424067596638e-16,40,2.151473257746013
5,bb_1997--80/80_876537.txt#0_1,5,"the shield has an eagle clutching an American flag and the chest has a red, white, and blue shield with an emblem that consists of Captain America's shield and his initials, A.C.",24,-2.377866506576538,0.09274824434426608,0.22054294367000715,-34.95711034233682,6.581424067596638e-16,40,2.151473257746013
5,bb_1997--80/80_876537.txt#0_1,5,"the shield has an eagle clutching an American flag and the chest has a red, white, and blue shield with an emblem that consists of Captain America's shield and his initials, A.C.",25,-2.8420472145080566,0.05830617844352055,0.16570891193401727,-34.95711034233682,6.581424067596638e-16,40,2.151473257746013
5,bb_1997--80/80_876537.txt#0_1,5,"the shield has an eagle clutching an American flag and the chest has a red, white, and blue shield with an emblem that consists of Captain America's shield and his initials, A.C.",26,-0.00031799983116798103,0.9996820507254192,0.00031789862335237113,-34.95711034233682,6.581424067596638e-16,40,2.151473257746013
5,bb_1997--80/80_876537.txt#0_1,5,"the shield has an eagle clutching an American flag and the chest has a red, white, and blue shield with an emblem that consists of Captain America's shield and his initials, A.C.",27,-2.203486442565918,0.11041752215445266,0.24330351298905833,-34.95711034233682,6.581424067596638e-16,40,2.151473257746013
5,bb_1997--80/80_876537.txt#0_1,5,"the shield has an eagle clutching an American flag and the chest has a red, white, and blue shield with an emblem that consists of Captain America's shield and his initials, A.C.",28,-0.010143516585230827,0.9899077553733655,0.010041145634478396,-34.95711034233682,6.581424067596638e-16,40,2.151473257746013
5,bb_1997--80/80_876537.txt#0_1,5,"the shield has an eagle clutching an American flag and the chest has a red, white, and blue shield with an emblem that consists of Captain America's shield and his initials, A.C.",29,-0.002484213560819626,0.9975188695441295,0.002478049802894932,-34.95711034233682,6.581424067596638e-16,40,2.151473257746013
5,bb_1997--80/80_876537.txt#0_1,5,"the shield has an eagle clutching an American flag and the chest has a red, white, and blue shield with an emblem that consists of Captain America's shield and his initials, A.C.",30,-0.00024327656137757003,0.9997567530279656,0.00024321728509058655,-34.95711034233682,6.581424067596638e-16,40,2.151473257746013
5,bb_1997--80/80_876537.txt#0_1,5,"the shield has an eagle clutching an American flag and the chest has a red, white, and blue shield with an emblem that consists of Captain America's shield and his initials, A.C.",31,-1.723301887512207,0.17847586669123325,0.3075677978443793,-34.95711034233682,6.581424067596638e-16,40,2.151473257746013
5,bb_1997--80/80_876537.txt#0_1,5,"the shield has an eagle clutching an American flag and the chest has a red, white, and blue shield with an emblem that consists of Captain America's shield and his initials, A.C.",32,-1.6490299701690674,0.1922362931458038,0.3170034086516369,-34.95711034233682,6.581424067596638e-16,40,2.151473257746013
5,bb_1997--80/80_876537.txt#0_1,5,"the shield has an eagle clutching an American flag and the chest has a red, white, and blue shield with an emblem that consists of Captain America's shield and his initials, A.C.",33,-2.311553716659546,0.09910714744751428,0.22909149492982728,-34.95711034233682,6.581424067596638e-16,40,2.151473257746013
5,bb_1997--80/80_876537.txt#0_1,5,"the shield has an eagle clutching an American flag and the chest has a red, white, and blue shield with an emblem that consists of Captain America's shield and his initials, A.C.",34,-2.4793648719787598,0.08379643015542458,0.20776192522458137,-34.95711034233682,6.581424067596638e-16,40,2.151473257746013
5,bb_1997--80/80_876537.txt#0_1,5,"the shield has an eagle clutching an American flag and the chest has a red, white, and blue shield with an emblem that consists of Captain America's shield and his initials, A.C.",35,-0.487415611743927,0.6142117062915361,0.29937637446237025,-34.95711034233682,6.581424067596638e-16,40,2.151473257746013
5,bb_1997--80/80_876537.txt#0_1,5,"the shield has an eagle clutching an American flag and the chest has a red, white, and blue shield with an emblem that consists of Captain America's shield and his initials, A.C.",36,-0.1539735496044159,0.8572946964954228,0.13200070737644068,-34.95711034233682,6.581424067596638e-16,40,2.151473257746013
5,bb_1997--80/80_876537.txt#0_1,5,"the shield has an eagle clutching an American flag and the chest has a red, white, and blue shield with an emblem that consists of Captain America's shield and his initials, A.C.",37,-0.05845113843679428,0.9432243266887891,0.055132535596238465,-34.95711034233682,6.581424067596638e-16,40,2.151473257746013
5,bb_1997--80/80_876537.txt#0_1,5,"the shield has an eagle clutching an American flag and the chest has a red, white, and blue shield with an emblem that consists of Captain America's shield and his initials, A.C.",38,-1.7132534980773926,0.18027830232606992,0.30886243198759306,-34.95711034233682,6.581424067596638e-16,40,2.151473257746013
5,bb_1997--80/80_876537.txt#0_1,5,"the shield has an eagle clutching an American flag and the chest has a red, white, and blue shield with an emblem that consists of Captain America's shield and his initials, A.C.",39,-0.019098442047834396,0.9810827776911625,0.01873715247386308,-34.95711034233682,6.581424067596638e-16,40,2.151473257746013
5,bb_1997--80/80_876537.txt#0_1,6,"a shield with a red, white, and blue design featuring a star, and the letters 'A' on his chest.",0,-0.8746092915534973,0.4170249230124049,0.3647338723760312,-17.487834679544903,2.5417328285906082e-08,26,2.151473257746013
5,bb_1997--80/80_876537.txt#0_1,6,"a shield with a red, white, and blue design featuring a star, and the letters 'A' on his chest.",1,-0.33803611993789673,0.7131695277940047,0.2410770599334273,-17.487834679544903,2.5417328285906082e-08,26,2.151473257746013
5,bb_1997--80/80_876537.txt#0_1,6,"a shield with a red, white, and blue design featuring a star, and the letters 'A' on his chest.",2,-0.06896647065877914,0.9333579744315654,0.06437040525777207,-17.487834679544903,2.5417328285906082e-08,26,2.151473257746013
5,bb_1997--80/80_876537.txt#0_1,6,"a shield with a red, white, and blue design featuring a star, and the letters 'A' on his chest.",3,-1.1784484386444092,0.30775587047130676,0.36267442494056246,-17.487834679544903,2.5417328285906082e-08,26,2.151473257746013
5,bb_1997--80/80_876537.txt#0_1,6,"a shield with a red, white, and blue design featuring a star, and the letters 'A' on his chest.",4,-0.36529603600502014,0.6939911740905188,0.25351222481773633,-17.487834679544903,2.5417328285906082e-08,26,2.151473257746013
5,bb_1997--80/80_876537.txt#0_1,6,"a shield with a red, white, and blue design featuring a star, and the letters 'A' on his chest.",5,-0.014664013870060444,0.9854429791604429,0.014450549414562384,-17.487834679544903,2.5417328285906082e-08,26,2.151473257746013
5,bb_1997--80/80_876537.txt#0_1,6,"a shield with a red, white, and blue design featuring a star, and the letters 'A' on his chest.",6,-0.0031399254221469164,0.9968649989882393,0.0031300816527715775,-17.487834679544903,2.5417328285906082e-08,26,2.151473257746013
5,bb_1997--80/80_876537.txt#0_1,6,"a shield with a red, white, and blue design featuring a star, and the letters 'A' on his chest.",7,-0.08226801455020905,0.9210250774920737,0.07577090437622533,-17.487834679544903,2.5417328285906082e-08,26,2.151473257746013
5,bb_1997--80/80_876537.txt#0_1,6,"a shield with a red, white, and blue design featuring a star, and the letters 'A' on his chest.",8,-0.0013253247598186135,0.9986755530951837,0.0013235693375425732,-17.487834679544903,2.5417328285906082e-08,26,2.151473257746013
5,bb_1997--80/80_876537.txt#0_1,6,"a shield with a red, white, and blue design featuring a star, and the letters 'A' on his chest.",9,-0.005603558383882046,0.9944121122652698,0.005572246228717885,-17.487834679544903,2.5417328285906082e-08,26,2.151473257746013
5,bb_1997--80/80_876537.txt#0_1,6,"a shield with a red, white, and blue design featuring a star, and the letters 'A' on his chest.",10,-1.2652344703674316,0.2821731271466909,0.3570151669773654,-17.487834679544903,2.5417328285906082e-08,26,2.151473257746013
5,bb_1997--80/80_876537.txt#0_1,6,"a shield with a red, white, and blue design featuring a star, and the letters 'A' on his chest.",11,-2.0060083866119385,0.134524574497387,0.26985742454716083,-17.487834679544903,2.5417328285906082e-08,26,2.151473257746013
5,bb_1997--80/80_876537.txt#0_1,6,"a shield with a red, white, and blue design featuring a star, and the letters 'A' on his chest.",12,-1.8312846422195435,0.16020762604246572,0.2933857650380192,-17.487834679544903,2.5417328285906082e-08,26,2.151473257746013
5,bb_1997--80/80_876537.txt#0_1,6,"a shield with a red, white, and blue design featuring a star, and the letters 'A' on his chest.",13,-2.1945176124572754,0.11141229244628477,0.2444962379176126,-17.487834679544903,2.5417328285906082e-08,26,2.151473257746013
5,bb_1997--80/80_876537.txt#0_1,6,"a shield with a red, white, and blue design featuring a star, and the letters 'A' on his chest.",14,-1.6313949823379517,0.19565644638000304,0.31919294478641147,-17.487834679544903,2.5417328285906082e-08,26,2.151473257746013
5,bb_1997--80/80_876537.txt#0_1,6,"a shield with a red, white, and blue design featuring a star, and the letters 'A' on his chest.",15,-0.545108437538147,0.5797789101333157,0.31604237572034144,-17.487834679544903,2.5417328285906082e-08,26,2.151473257746013
5,bb_1997--80/80_876537.txt#0_1,6,"a shield with a red, white, and blue design featuring a star, and the letters 'A' on his chest.",16,-1.8356177806854248,0.15951492608180534,0.2928084345004831,-17.487834679544903,2.5417328285906082e-08,26,2.151473257746013
5,bb_1997--80/80_876537.txt#0_1,6,"a shield with a red, white, and blue design featuring a star, and the letters 'A' on his chest.",17,-0.5387018918991089,0.5835052138037632,0.31433536250908123,-17.487834679544903,2.5417328285906082e-08,26,2.151473257746013
5,bb_1997--80/80_876537.txt#0_1,6,"a shield with a red, white, and blue design featuring a star, and the letters 'A' on his chest.",18,-0.4679318070411682,0.6262962311944731,0.29306392710590307,-17.487834679544903,2.5417328285906082e-08,26,2.151473257746013
5,bb_1997--80/80_876537.txt#0_1,6,"a shield with a red, white, and blue design featuring a star, and the letters 'A' on his chest.",19,-0.08322759717702866,0.9201417017326473,0.07658118279759038,-17.487834679544903,2.5417328285906082e-08,26,2.151473257746013
5,bb_1997--80/80_876537.txt#0_1,6,"a shield with a red, white, and blue design featuring a star, and the letters 'A' on his chest.",20,-0.0450703501701355,0.9559302296132342,0.043084110086886465,-17.487834679544903,2.5417328285906082e-08,26,2.151473257746013
5,bb_1997--80/80_876537.txt#0_1,6,"a shield with a red, white, and blue design featuring a star, and the letters 'A' on his chest.",21,-0.08142685145139694,0.9218001357298354,0.07505928261995083,-17.487834679544903,2.5417328285906082e-08,26,2.151473257746013
5,bb_1997--80/80_876537.txt#0_1,6,"a shield with a red, white, and blue design featuring a star, and the letters 'A' on his chest.",22,-1.8426223993301392,0.15840148901003145,0.29187413163713083,-17.487834679544903,2.5417328285906082e-08,26,2.151473257746013
5,bb_1997--80/80_876537.txt#0_1,6,"a shield with a red, white, and blue design featuring a star, and the letters 'A' on his chest.",23,-0.017415575683116913,0.9827351989108112,0.017114899133094216,-17.487834679544903,2.5417328285906082e-08,26,2.151473257746013
5,bb_1997--80/80_876537.txt#0_1,6,"a shield with a red, white, and blue design featuring a star, and the letters 'A' on his chest.",24,-0.0006562701892107725,0.9993439451089694,0.000655839539943244,-17.487834679544903,2.5417328285906082e-08,26,2.151473257746013
5,bb_1997--80/80_876537.txt#0_1,6,"a shield with a red, white, and blue design featuring a star, and the letters 'A' on his chest.",25,-0.16925843060016632,0.8442906846417015,0.1429033161527943,-17.487834679544903,2.5417328285906082e-08,26,2.151473257746013
5,bb_1997--80/80_876537.txt#0_1,7,"a shield with an eagle, and a red, white, and blue star on his chest.",0,-0.8746092915534973,0.4170249230124049,0.3647338723760312,-10.651922386721708,2.3655323180589572e-05,19,2.151473257746013
5,bb_1997--80/80_876537.txt#0_1,7,"a shield with an eagle, and a red, white, and blue star on his chest.",1,-0.33803611993789673,0.7131695277940047,0.2410770599334273,-10.651922386721708,2.3655323180589572e-05,19,2.151473257746013
5,bb_1997--80/80_876537.txt#0_1,7,"a shield with an eagle, and a red, white, and blue star on his chest.",2,-0.06896647065877914,0.9333579744315654,0.06437040525777207,-10.651922386721708,2.3655323180589572e-05,19,2.151473257746013
5,bb_1997--80/80_876537.txt#0_1,7,"a shield with an eagle, and a red, white, and blue star on his chest.",3,-0.42844849824905396,0.6515191440668363,0.279142398755945,-10.651922386721708,2.3655323180589572e-05,19,2.151473257746013
5,bb_1997--80/80_876537.txt#0_1,7,"a shield with an eagle, and a red, white, and blue star on his chest.",4,-0.7927670478820801,0.452590720844942,0.3587990095630673,-10.651922386721708,2.3655323180589572e-05,19,2.151473257746013
5,bb_1997--80/80_876537.txt#0_1,7,"a shield with an eagle, and a red, white, and blue star on his chest.",5,-2.679781436920166,0.06857814116615708,0.18377442957555842,-10.651922386721708,2.3655323180589572e-05,19,2.151473257746013
5,bb_1997--80/80_876537.txt#0_1,7,"a shield with an eagle, and a red, white, and blue star on his chest.",6,-0.6064476370811462,0.5452844809659192,0.3306864849188009,-10.651922386721708,2.3655323180589572e-05,19,2.151473257746013
5,bb_1997--80/80_876537.txt#0_1,7,"a shield with an eagle, and a red, white, and blue star on his chest.",7,-0.6396854519844055,0.5274583089166804,0.33740740664229696,-10.651922386721708,2.3655323180589572e-05,19,2.151473257746013
5,bb_1997--80/80_876537.txt#0_1,7,"a shield with an eagle, and a red, white, and blue star on his chest.",8,-1.077759027481079,0.34035740323999153,0.36682326381191876,-10.651922386721708,2.3655323180589572e-05,19,2.151473257746013
5,bb_1997--80/80_876537.txt#0_1,7,"a shield with an eagle, and a red, white, and blue star on his chest.",9,-0.024672120809555054,0.9756297482836823,0.024070854915050833,-10.651922386721708,2.3655323180589572e-05,19,2.151473257746013
5,bb_1997--80/80_876537.txt#0_1,7,"a shield with an eagle, and a red, white, and blue star on his chest.",10,-0.0034077451564371586,0.9965980546171679,0.003396152093536331,-10.651922386721708,2.3655323180589572e-05,19,2.151473257746013
5,bb_1997--80/80_876537.txt#0_1,7,"a shield with an eagle, and a red, white, and blue star on his chest.",11,-0.05589129030704498,0.9456419307468332,0.05285314757788582,-10.651922386721708,2.3655323180589572e-05,19,2.151473257746013
5,bb_1997--80/80_876537.txt#0_1,7,"a shield with an eagle, and a red, white, and blue star on his chest.",12,-0.0010786197381094098,0.9989219617630687,0.001077456844788558,-10.651922386721708,2.3655323180589572e-05,19,2.151473257746013
5,bb_1997--80/80_876537.txt#0_1,7,"a shield with an eagle, and a red, white, and blue star on his chest.",13,-0.009034587070345879,0.9910061021823543,0.008953330817410537,-10.651922386721708,2.3655323180589572e-05,19,2.151473257746013
5,bb_1997--80/80_876537.txt#0_1,7,"a shield with an eagle, and a red, white, and blue star on his chest.",14,-1.996922492980957,0.135752420062225,0.2710870609988564,-10.651922386721708,2.3655323180589572e-05,19,2.151473257746013
5,bb_1997--80/80_876537.txt#0_1,7,"a shield with an eagle, and a red, white, and blue star on his chest.",15,-0.689569354057312,0.501792117281953,0.34602046608516734,-10.651922386721708,2.3655323180589572e-05,19,2.151473257746013
5,bb_1997--80/80_876537.txt#0_1,7,"a shield with an eagle, and a red, white, and blue star on his chest.",16,-0.024492647498846054,0.9758048634984167,0.023900044449326283,-10.651922386721708,2.3655323180589572e-05,19,2.151473257746013
5,bb_1997--80/80_876537.txt#0_1,7,"a shield with an eagle, and a red, white, and blue star on his chest.",17,-0.000577402301132679,0.999422764363497,0.0005770689039478249,-10.651922386721708,2.3655323180589572e-05,19,2.151473257746013
5,bb_1997--80/80_876537.txt#0_1,7,"a shield with an eagle, and a red, white, and blue star on his chest.",18,-0.3397751450538635,0.7119303858350085,0.24189625001534296,-10.651922386721708,2.3655323180589572e-05,19,2.151473257746013
5,bb_1997--80/80_876537.txt#0_1,8,"shield contains an A in the middle, while his chest has a circle with A within it.",0,-2.3394529819488525,0.09638034560205704,0.22547728681999332,-28.468027672730386,4.3300476050516024e-13,19,2.151473257746013
5,bb_1997--80/80_876537.txt#0_1,8,"shield contains an A in the middle, while his chest has a circle with A within it.",1,-1.8832494020462036,0.15209508385316248,0.2864329756206354,-28.468027672730386,4.3300476050516024e-13,19,2.151473257746013
5,bb_1997--80/80_876537.txt#0_1,8,"shield contains an A in the middle, while his chest has a circle with A within it.",2,-1.1867780685424805,0.30520302486114875,0.36220825625803676,-28.468027672730386,4.3300476050516024e-13,19,2.151473257746013
5,bb_1997--80/80_876537.txt#0_1,8,"shield contains an A in the middle, while his chest has a circle with A within it.",3,-2.2001054286956787,0.1107914771456492,0.243752930221356,-28.468027672730386,4.3300476050516024e-13,19,2.151473257746013
5,bb_1997--80/80_876537.txt#0_1,8,"shield contains an A in the middle, while his chest has a circle with A within it.",4,-4.133456230163574,0.0160273886403438,0.06624850932868198,-28.468027672730386,4.3300476050516024e-13,19,2.151473257746013
5,bb_1997--80/80_876537.txt#0_1,8,"shield contains an A in the middle, while his chest has a circle with A within it.",5,-0.5286573171615601,0.5893958102750009,0.3115884077062458,-28.468027672730386,4.3300476050516024e-13,19,2.151473257746013
5,bb_1997--80/80_876537.txt#0_1,8,"shield contains an A in the middle, while his chest has a circle with A within it.",6,-1.2147184610366821,0.2967935614842185,0.3605206181517057,-28.468027672730386,4.3300476050516024e-13,19,2.151473257746013
5,bb_1997--80/80_876537.txt#0_1,8,"shield contains an A in the middle, while his chest has a circle with A within it.",7,-0.5464557409286499,0.5789982980207063,0.31639694384133227,-28.468027672730386,4.3300476050516024e-13,19,2.151473257746013
5,bb_1997--80/80_876537.txt#0_1,8,"shield contains an A in the middle, while his chest has a circle with A within it.",8,-1.0409940481185913,0.3531035055692038,0.36757864756735104,-28.468027672730386,4.3300476050516024e-13,19,2.151473257746013
5,bb_1997--80/80_876537.txt#0_1,8,"shield contains an A in the middle, while his chest has a circle with A within it.",9,-1.2908480167388916,0.27503744780806,0.3550315439319606,-28.468027672730386,4.3300476050516024e-13,19,2.151473257746013
5,bb_1997--80/80_876537.txt#0_1,8,"shield contains an A in the middle, while his chest has a circle with A within it.",10,-0.007939211092889309,0.9920922212059431,0.007876429467767376,-28.468027672730386,4.3300476050516024e-13,19,2.151473257746013
5,bb_1997--80/80_876537.txt#0_1,8,"shield contains an A in the middle, while his chest has a circle with A within it.",11,-0.9680675268173218,0.3798163141985378,0.3676878398310493,-28.468027672730386,4.3300476050516024e-13,19,2.151473257746013
5,bb_1997--80/80_876537.txt#0_1,8,"shield contains an A in the middle, while his chest has a circle with A within it.",12,-0.49267154932022095,0.6109919168230543,0.3010183341833458,-28.468027672730386,4.3300476050516024e-13,19,2.151473257746013
5,bb_1997--80/80_876537.txt#0_1,8,"shield contains an A in the middle, while his chest has a circle with A within it.",13,-2.1254448890686035,0.11937984566241605,0.2537352827209809,-28.468027672730386,4.3300476050516024e-13,19,2.151473257746013
5,bb_1997--80/80_876537.txt#0_1,8,"shield contains an A in the middle, while his chest has a circle with A within it.",14,-0.11606356501579285,0.89041862202479,0.10334515952864685,-28.468027672730386,4.3300476050516024e-13,19,2.151473257746013
5,bb_1997--80/80_876537.txt#0_1,8,"shield contains an A in the middle, while his chest has a circle with A within it.",15,-2.9009313583374023,0.05497199757860051,0.15946999150620997,-28.468027672730386,4.3300476050516024e-13,19,2.151473257746013
5,bb_1997--80/80_876537.txt#0_1,8,"shield contains an A in the middle, while his chest has a circle with A within it.",16,-5.045548439025879,0.0064379285841748395,0.032482880418443445,-28.468027672730386,4.3300476050516024e-13,19,2.151473257746013
5,bb_1997--80/80_876537.txt#0_1,8,"shield contains an A in the middle, while his chest has a circle with A within it.",17,-0.19099962711334229,0.8261328962050709,0.15779107502123405,-28.468027672730386,4.3300476050516024e-13,19,2.151473257746013
5,bb_1997--80/80_876537.txt#0_1,8,"shield contains an A in the middle, while his chest has a circle with A within it.",18,-0.2556458115577698,0.7744162094938164,0.19797626025953857,-28.468027672730386,4.3300476050516024e-13,19,2.151473257746013
5,bb_1997--80/80_876537.txt#0_1,9,AAM and STAR.,0,-3.2554686069488525,0.038562745658086046,0.12553980778765228,-13.720906555652618,1.0992234789711705e-06,5,2.151473257746013
5,bb_1997--80/80_876537.txt#0_1,9,AAM and STAR.,1,-7.112414360046387,0.0008149250924544035,0.005796084829934834,-13.720906555652618,1.0992234789711705e-06,5,2.151473257746013
5,bb_1997--80/80_876537.txt#0_1,9,AAM and STAR.,2,-1.2046422958374023,0.2997992197643913,0.36115082028723816,-13.720906555652618,1.0992234789711705e-06,5,2.151473257746013
5,bb_1997--80/80_876537.txt#0_1,9,AAM and STAR.,3,-1.5508193969726562,0.21207412971293402,0.3288886738549132,-13.720906555652618,1.0992234789711705e-06,5,2.151473257746013
5,bb_1997--80/80_876537.txt#0_1,9,AAM and STAR.,4,-0.5975618958473206,0.550151328514219,0.3287494707698788,-13.720906555652618,1.0992234789711705e-06,5,2.151473257746013
5,bb_1997--80/80_876537.txt#0_1,10,an american eagle,0,-1.8082029819488525,0.16394849064105152,0.2964521495631629,-5.324247121810913,0.004872017669624438,3,2.151473257746013
5,bb_1997--80/80_876537.txt#0_1,10,an american eagle,1,-2.8025500774383545,0.06065518980925617,0.16998920679696897,-5.324247121810913,0.004872017669624438,3,2.151473257746013
5,bb_1997--80/80_876537.txt#0_1,10,an american eagle,2,-0.713494062423706,0.4899293595647405,0.34956168895649126,-5.324247121810913,0.004872017669624438,3,2.151473257746013
6,dpql_3600--123/123_649287.txt#0_1,1,miss marple,0,-3.2964463233947754,0.03701447141818465,0.12201621811887578,-3.7739299088716507,0.02296164855639477,3,2.1459512279215547
6,dpql_3600--123/123_649287.txt#0_1,1,miss marple,1,-0.3982120752334595,0.6715195998839234,0.26740721332971956,-3.7739299088716507,0.02296164855639477,3,2.1459512279215547
6,dpql_3600--123/123_649287.txt#0_1,1,miss marple,2,-0.07927151024341583,0.9237890721962934,0.07323015479936407,-3.7739299088716507,0.02296164855639477,3,2.1459512279215547
6,dpql_3600--123/123_649287.txt#0_1,2,Lady Jane Grey,0,-3.6441025733947754,0.026144862423993283,0.09527456034032628,-7.426595449447632,0.000595210490491114,3,2.1459512279215547
6,dpql_3600--123/123_649287.txt#0_1,2,Lady Jane Grey,1,-2.124098539352417,0.11954068092970534,0.25391618565598045,-7.426595449447632,0.000595210490491114,3,2.1459512279215547
6,dpql_3600--123/123_649287.txt#0_1,2,Lady Jane Grey,2,-1.6583943367004395,0.19044452451876892,0.31583212081753437,-7.426595449447632,0.000595210490491114,3,2.1459512279215547
6,dpql_3600--123/123_649287.txt#0_1,3,the character who goes by the name 'Sword Master',0,-1.5464462041854858,0.21300360166602952,0.32939861117426855,-19.8391451863572,2.420854678106883e-09,13,2.1459512279215547
6,dpql_3600--123/123_649287.txt#0_1,3,the character who goes by the name 'Sword Master',1,-0.12807051837444305,0.8797913355022324,0.11267533229911444,-19.8391451863572,2.420854678106883e-09,13,2.1459512279215547
6,dpql_3600--123/123_649287.txt#0_1,3,the character who goes by the name 'Sword Master',2,-5.457531929016113,0.004264066787992029,0.02327128054292368,-19.8391451863572,2.420854678106883e-09,13,2.1459512279215547
6,dpql_3600--123/123_649287.txt#0_1,3,the character who goes by the name 'Sword Master',3,-1.1872210502624512,0.305067855441257,0.3621829796382827,-19.8391451863572,2.420854678106883e-09,13,2.1459512279215547
6,dpql_3600--123/123_649287.txt#0_1,3,the character who goes by the name 'Sword Master',4,-0.025344248861074448,0.9749742204859531,0.02470998917712802,-19.8391451863572,2.420854678106883e-09,13,2.1459512279215547
6,dpql_3600--123/123_649287.txt#0_1,3,the character who goes by the name 'Sword Master',5,-0.004157590679824352,0.9958510401350313,0.004140340902958797,-19.8391451863572,2.420854678106883e-09,13,2.1459512279215547
6,dpql_3600--123/123_649287.txt#0_1,3,the character who goes by the name 'Sword Master',6,-0.05808136239647865,0.943573172938959,0.05480401530506288,-19.8391451863572,2.420854678106883e-09,13,2.1459512279215547
6,dpql_3600--123/123_649287.txt#0_1,3,the character who goes by the name 'Sword Master',7,-0.5149016380310059,0.5975593688437262,0.30768429773840866,-19.8391451863572,2.420854678106883e-09,13,2.1459512279215547
6,dpql_3600--123/123_649287.txt#0_1,3,the character who goes by the name 'Sword Master',8,-0.13334450125694275,0.8751635452287521,0.11669824635678583,-19.8391451863572,2.420854678106883e-09,13,2.1459512279215547
6,dpql_3600--123/123_649287.txt#0_1,3,the character who goes by the name 'Sword Master',9,-4.2881903648376465,0.01372974866592653,0.05887577584086867,-19.8391451863572,2.420854678106883e-09,13,2.1459512279215547
6,dpql_3600--123/123_649287.txt#0_1,3,the character who goes by the name 'Sword Master',10,-3.8432512283325195,0.021423834215319404,0.08233717706361855,-19.8391451863572,2.420854678106883e-09,13,2.1459512279215547
6,dpql_3600--123/123_649287.txt#0_1,3,the character who goes by the name 'Sword Master',11,-2.3660035133361816,0.09385506828212013,0.22206142119990346,-19.8391451863572,2.420854678106883e-09,13,2.1459512279215547
6,dpql_3600--123/123_649287.txt#0_1,3,the character who goes by the name 'Sword Master',12,-0.2866010367870331,0.7508112151458117,0.21518327259212175,-19.8391451863572,2.420854678106883e-09,13,2.1459512279215547
6,dpql_3600--123/123_649287.txt#0_1,4,judy arlene holtz,0,-4.202696323394775,0.014955198357039462,0.06285215705076934,-15.506118882447481,1.8440731038351807e-07,6,2.1459512279215547
6,dpql_3600--123/123_649287.txt#0_1,4,judy arlene holtz,1,-0.014515984803438187,0.9855888641622014,0.014306792874616395,-15.506118882447481,1.8440731038351807e-07,6,2.1459512279215547
6,dpql_3600--123/123_649287.txt#0_1,4,judy arlene holtz,2,-2.1086277961730957,0.12140444382922519,0.25599678473723947,-15.506118882447481,1.8440731038351807e-07,6,2.1459512279215547
6,dpql_3600--123/123_649287.txt#0_1,4,judy arlene holtz,3,-2.5662453174591064,0.0768234522612263,0.19714782453641522,-15.506118882447481,1.8440731038351807e-07,6,2.1459512279215547
6,dpql_3600--123/123_649287.txt#0_1,4,judy arlene holtz,4,-2.927703619003296,0.05351979898776011,0.1566901090847942,-15.506118882447481,1.8440731038351807e-07,6,2.1459512279215547
6,dpql_3600--123/123_649287.txt#0_1,4,judy arlene holtz,5,-3.6863298416137695,0.025063821638154543,0.092393513549614,-15.506118882447481,1.8440731038351807e-07,6,2.1459512279215547
6,dpql_3600--123/123_649287.txt#0_1,5,the character Linda Barnes,0,-1.5464462041854858,0.21300360166602952,0.32939861117426855,-8.519608542323112,0.00019951751274121,4,2.1459512279215547
6,dpql_3600--123/123_649287.txt#0_1,5,the character Linda Barnes,1,-0.12807051837444305,0.8797913355022324,0.11267533229911444,-8.519608542323112,0.00019951751274121,4,2.1459512279215547
6,dpql_3600--123/123_649287.txt#0_1,5,the character Linda Barnes,2,-2.6450319290161133,0.07100308664474654,0.18780543113405218,-8.519608542323112,0.00019951751274121,4,2.1459512279215547
6,dpql_3600--123/123_649287.txt#0_1,5,the character Linda Barnes,3,-4.20005989074707,0.014994678751072469,0.06297854869701686,-8.519608542323112,0.00019951751274121,4,2.1459512279215547
6,dpql_3600--123/123_649287.txt#0_1,6,the character name is Lady Blackbird.,0,-1.5464462041854858,0.21300360166602952,0.32939861117426855,-11.358303233981133,1.1672169394194919e-05,8,2.1459512279215547
6,dpql_3600--123/123_649287.txt#0_1,6,the character name is Lady Blackbird.,1,-0.12807051837444305,0.8797913355022324,0.11267533229911444,-11.358303233981133,1.1672169394194919e-05,8,2.1459512279215547
6,dpql_3600--123/123_649287.txt#0_1,6,the character name is Lady Blackbird.,2,-2.1567506790161133,0.11570045884008148,0.2495370430658216,-11.358303233981133,1.1672169394194919e-05,8,2.1459512279215547
6,dpql_3600--123/123_649287.txt#0_1,6,the character name is Lady Blackbird.,3,-0.7921852469444275,0.45285411516480384,0.3587443489516303,-11.358303233981133,1.1672169394194919e-05,8,2.1459512279215547
6,dpql_3600--123/123_649287.txt#0_1,6,the character name is Lady Blackbird.,4,-2.2972121238708496,0.10053874294084175,0.23095881910243649,-11.358303233981133,1.1672169394194919e-05,8,2.1459512279215547
6,dpql_3600--123/123_649287.txt#0_1,6,the character name is Lady Blackbird.,5,-2.8944623470306396,0.05532876477383327,0.1601470262455756,-11.358303233981133,1.1672169394194919e-05,8,2.1459512279215547
6,dpql_3600--123/123_649287.txt#0_1,6,the character name is Lady Blackbird.,6,-1.2628729343414307,0.28284027659069105,0.3571913299480278,-11.358303233981133,1.1672169394194919e-05,8,2.1459512279215547
6,dpql_3600--123/123_649287.txt#0_1,6,the character name is Lady Blackbird.,7,-0.2803031802177429,0.7555546375080716,0.21178436762177644,-11.358303233981133,1.1672169394194919e-05,8,2.1459512279215547
6,dpql_3600--123/123_649287.txt#0_1,7,the character codenamed 'Black Widow',0,-1.5464462041854858,0.21300360166602952,0.32939861117426855,-5.7138477335101925,0.0032999507544658295,10,2.1459512279215547
6,dpql_3600--123/123_649287.txt#0_1,7,the character codenamed 'Black Widow',1,-0.12807051837444305,0.8797913355022324,0.11267533229911444,-5.7138477335101925,0.0032999507544658295,10,2.1459512279215547
6,dpql_3600--123/123_649287.txt#0_1,7,the character codenamed 'Black Widow',2,-2.9458131790161133,0.052559302312135625,0.1548298853309812,-5.7138477335101925,0.0032999507544658295,10,2.1459512279215547
6,dpql_3600--123/123_649287.txt#0_1,7,the character codenamed 'Black Widow',3,-0.002532015787437558,0.9974711870607453,0.002525612693151896,-5.7138477335101925,0.0032999507544658295,10,2.1459512279215547
6,dpql_3600--123/123_649287.txt#0_1,7,the character codenamed 'Black Widow',4,-0.0006317288498394191,0.9993684706488185,0.0006313297945287847,-5.7138477335101925,0.0032999507544658295,10,2.1459512279215547
6,dpql_3600--123/123_649287.txt#0_1,7,the character codenamed 'Black Widow',5,-0.15145039558410645,0.859460514252344,0.1301656347724371,-5.7138477335101925,0.0032999507544658295,10,2.1459512279215547
6,dpql_3600--123/123_649287.txt#0_1,7,the character codenamed 'Black Widow',6,-0.08209660649299622,0.921182962142215,0.07562599505104203,-5.7138477335101925,0.0032999507544658295,10,2.1459512279215547
6,dpql_3600--123/123_649287.txt#0_1,7,the character codenamed 'Black Widow',7,-0.5846673846244812,0.5572911946081643,0.32582998512580824,-5.7138477335101925,0.0032999507544658295,10,2.1459512279215547
6,dpql_3600--123/123_649287.txt#0_1,7,the character codenamed 'Black Widow',8,-0.004343124572187662,0.9956662931542842,0.004324302643497364,-5.7138477335101925,0.0032999507544658295,10,2.1459512279215547
6,dpql_3600--123/123_649287.txt#0_1,7,the character codenamed 'Black Widow',9,-0.2677965760231018,0.7650633975131742,0.20488135819462933,-5.7138477335101925,0.0032999507544658295,10,2.1459512279215547
6,dpql_3600--123/123_649287.txt#0_1,8,the character named Emma Peel,0,-1.5464462041854858,0.21300360166602952,0.32939861117426855,-5.239605529459368,0.005302348043482719,5,2.1459512279215547
6,dpql_3600--123/123_649287.txt#0_1,8,the character named Emma Peel,1,-0.12807051837444305,0.8797913355022324,0.11267533229911444,-5.239605529459368,0.005302348043482719,5,2.1459512279215547
6,dpql_3600--123/123_649287.txt#0_1,8,the character named Emma Peel,2,-2.8442506790161133,0.05817784429052008,0.16547237302700546,-5.239605529459368,0.005302348043482719,5,2.1459512279215547
6,dpql_3600--123/123_649287.txt#0_1,8,the character named Emma Peel,3,-0.7207809090614319,0.48637229508937246,0.35056786489681285,-5.239605529459368,0.005302348043482719,5,2.1459512279215547
6,dpql_3600--123/123_649287.txt#0_1,8,the character named Emma Peel,4,-5.721882189391181e-05,0.9999427828150717,5.721544799399432e-05,-5.239605529459368,0.005302348043482719,5,2.1459512279215547
6,dpql_3600--123/123_649287.txt#0_1,9,the character Jane Foster,0,-1.5464462041854858,0.21300360166602952,0.32939861117426855,-6.316772863268852,0.00180576155280014,4,2.1459512279215547
6,dpql_3600--123/123_649287.txt#0_1,9,the character Jane Foster,1,-0.12807051837444305,0.8797913355022324,0.11267533229911444,-6.316772863268852,0.00180576155280014,4,2.1459512279215547
6,dpql_3600--123/123_649287.txt#0_1,9,the character Jane Foster,2,-4.160656929016113,0.015597308229342731,0.06489504845841487,-6.316772863268852,0.00180576155280014,4,2.1459512279215547
6,dpql_3600--123/123_649287.txt#0_1,9,the character Jane Foster,3,-0.48159921169281006,0.6177946170114852,0.2975294004407928,-6.316772863268852,0.00180576155280014,4,2.1459512279215547
6,dpql_3600--123/123_649287.txt#0_1,10,linda thorson played the role of june davenport,0,-4.042540073394775,0.01755283026529683,0.07095801964895908,-20.833915131981485,8.952526634340559e-10,14,2.1459512279215547
6,dpql_3600--123/123_649287.txt#0_1,10,linda thorson played the role of june davenport,1,-0.6185479164123535,0.5387261452986795,0.3332279345913571,-20.833915131981485,8.952526634340559e-10,14,2.1459512279215547
6,dpql_3600--123/123_649287.txt#0_1,10,linda thorson played the role of june davenport,2,-0.13043798506259918,0.8777109224489118,0.11448684409167126,-20.833915131981485,8.952526634340559e-10,14,2.1459512279215547
6,dpql_3600--123/123_649287.txt#0_1,10,linda thorson played the role of june davenport,3,-0.004772818181663752,0.9952385536159996,0.004750092563791126,-20.833915131981485,8.952526634340559e-10,14,2.1459512279215547
6,dpql_3600--123/123_649287.txt#0_1,10,linda thorson played the role of june davenport,4,-0.000947622349485755,0.9990528265027808,0.0009467246867109781,-20.833915131981485,8.952526634340559e-10,14,2.1459512279215547
6,dpql_3600--123/123_649287.txt#0_1,10,linda thorson played the role of june davenport,5,-1.0596952438354492,0.3465614109644048,0.36724947879588227,-20.833915131981485,8.952526634340559e-10,14,2.1459512279215547
6,dpql_3600--123/123_649287.txt#0_1,10,linda thorson played the role of june davenport,6,-0.873597264289856,0.4174471772344645,0.3646807119175508,-20.833915131981485,8.952526634340559e-10,14,2.1459512279215547
6,dpql_3600--123/123_649287.txt#0_1,10,linda thorson played the role of june davenport,7,-1.2230736017227173,0.29432414007047897,0.3599800859699423,-20.833915131981485,8.952526634340559e-10,14,2.1459512279215547
6,dpql_3600--123/123_649287.txt#0_1,10,linda thorson played the role of june davenport,8,-0.0028993734158575535,0.9971048257079884,0.002890979124480967,-20.833915131981485,8.952526634340559e-10,14,2.1459512279215547
6,dpql_3600--123/123_649287.txt#0_1,10,linda thorson played the role of june davenport,9,-2.5987467765808105,0.07436671795223929,0.19326026846327615,-20.833915131981485,8.952526634340559e-10,14,2.1459512279215547
6,dpql_3600--123/123_649287.txt#0_1,10,linda thorson played the role of june davenport,10,-5.403441905975342,0.004501062018337959,0.02432122703128128,-20.833915131981485,8.952526634340559e-10,14,2.1459512279215547
6,dpql_3600--123/123_649287.txt#0_1,10,linda thorson played the role of june davenport,11,-4.598988056182861,0.010062012786094882,0.046275076524409604,-20.833915131981485,8.952526634340559e-10,14,2.1459512279215547
6,dpql_3600--123/123_649287.txt#0_1,10,linda thorson played the role of june davenport,12,-0.2749611735343933,0.7596016152984194,0.2088609514610742,-20.833915131981485,8.952526634340559e-10,14,2.1459512279215547
6,dpql_3600--123/123_649287.txt#0_1,10,linda thorson played the role of june davenport,13,-0.0012653210433200002,0.9987354791378205,0.0012637209184633055,-20.833915131981485,8.952526634340559e-10,14,2.1459512279215547
7,sfq_10516--89/89_1704034.txt#0_0,1,frank de bortoli,0,-4.772107124328613,0.00846252975771536,0.04038409844663637,-9.104659527540207,0.0001111467088987657,5,2.140178753229536
7,sfq_10516--89/89_1704034.txt#0_0,1,frank de bortoli,1,-0.38241371512413025,0.6822127530796772,0.26088751331026033,-9.104659527540207,0.0001111467088987657,5,2.140178753229536
7,sfq_10516--89/89_1704034.txt#0_0,1,frank de bortoli,2,-3.264827251434326,0.03820353411939934,0.12472793919411605,-9.104659527540207,0.0001111467088987657,5,2.140178753229536
7,sfq_10516--89/89_1704034.txt#0_0,1,frank de bortoli,3,-0.5769833922386169,0.5615899104029606,0.32402805145128105,-9.104659527540207,0.0001111467088987657,5,2.140178753229536
7,sfq_10516--89/89_1704034.txt#0_0,1,frank de bortoli,4,-0.10832804441452026,0.8973331830040869,0.09720634880308952,-9.104659527540207,0.0001111467088987657,5,2.140178753229536
7,sfq_10516--89/89_1704034.txt#0_0,2,leonardo messi,0,-3.0069704055786133,0.049441238994486825,0.1486683423715612,-4.073033961933106,0.01702565487944896,5,2.140178753229536
7,sfq_10516--89/89_1704034.txt#0_0,2,leonardo messi,1,-0.41659870743751526,0.6592854332078691,0.2746574592067806,-4.073033961933106,0.01702565487944896,5,2.140178753229536
7,sfq_10516--89/89_1704034.txt#0_0,2,leonardo messi,2,-0.1384265124797821,0.8707272365034262,0.12053173457032772,-4.073033961933106,0.01702565487944896,5,2.140178753229536
7,sfq_10516--89/89_1704034.txt#0_0,2,leonardo messi,3,-0.5077565312385559,0.6018442842082421,0.30559036599532863,-4.073033961933106,0.01702565487944896,5,2.140178753229536
7,sfq_10516--89/89_1704034.txt#0_0,2,leonardo messi,4,-0.0032818051986396313,0.9967235740378968,0.0032710525068842655,-4.073033961933106,0.01702565487944896,5,2.140178753229536
7,sfq_10516--89/89_1704034.txt#0_0,3,yusuf mahmmod,0,-3.4171266555786133,0.03280656419959293,0.11210418490438005,-15.002764293923974,3.0505788424865225e-07,6,2.140178753229536
7,sfq_10516--89/89_1704034.txt#0_0,3,yusuf mahmmod,1,-3.998608112335205,0.01834114995072384,0.0733390708825208,-15.002764293923974,3.0505788424865225e-07,6,2.140178753229536
7,sfq_10516--89/89_1704034.txt#0_0,3,yusuf mahmmod,2,-0.020817825570702553,0.9793973694753998,0.02038892350214382,-15.002764293923974,3.0505788424865225e-07,6,2.140178753229536
7,sfq_10516--89/89_1704034.txt#0_0,3,yusuf mahmmod,3,-0.9372020959854126,0.3917223049437202,0.3671229651374915,-15.002764293923974,3.0505788424865225e-07,6,2.140178753229536
7,sfq_10516--89/89_1704034.txt#0_0,3,yusuf mahmmod,4,-5.579853534698486,0.0037731181092050684,0.02105344631848277,-15.002764293923974,3.0505788424865225e-07,6,2.140178753229536
7,sfq_10516--89/89_1704034.txt#0_0,3,yusuf mahmmod,5,-1.0491560697555542,0.3502331968123936,0.3674492841656144,-15.002764293923974,3.0505788424865225e-07,6,2.140178753229536
7,sfq_10516--89/89_1704034.txt#0_0,4,jonny hernandez,0,-1.8858766555786133,0.15169601596265547,0.2860799751482526,-10.59715810418129,2.4986919146238495e-05,6,2.140178753229536
7,sfq_10516--89/89_1704034.txt#0_0,4,jonny hernandez,1,-3.028021812438965,0.04841131011778538,0.14659050290540127,-10.59715810418129,2.4986919146238495e-05,6,2.140178753229536
7,sfq_10516--89/89_1704034.txt#0_0,4,jonny hernandez,2,-0.2373400777578354,0.7887230152488154,0.18719558166854824,-10.59715810418129,2.4986919146238495e-05,6,2.140178753229536
7,sfq_10516--89/89_1704034.txt#0_0,4,jonny hernandez,3,-5.157951831817627,0.005753471703684193,0.029676129813328768,-10.59715810418129,2.4986919146238495e-05,6,2.140178753229536
7,sfq_10516--89/89_1704034.txt#0_0,4,jonny hernandez,4,-0.0753570944070816,0.9274122534626004,0.06988709263846542,-10.59715810418129,2.4986919146238495e-05,6,2.140178753229536
7,sfq_10516--89/89_1704034.txt#0_0,4,jonny hernandez,5,-0.2126106321811676,0.8084708684780485,0.17188950234717548,-10.59715810418129,2.4986919146238495e-05,6,2.140178753229536
7,sfq_10516--89/89_1704034.txt#0_0,5,Gabriel Obertan,0,-4.861950874328613,0.007735378410317364,0.037609029725305186,-6.2440705467015505,0.0019419346769017044,4,2.140178753229536
7,sfq_10516--89/89_1704034.txt#0_0,5,Gabriel Obertan,1,-1.3407624959945679,0.26164608840604997,0.3508052624585109,-6.2440705467015505,0.0019419346769017044,4,2.140178753229536
7,sfq_10516--89/89_1704034.txt#0_0,5,Gabriel Obertan,2,-0.028567688539624214,0.9718365097256392,0.027763122621277534,-6.2440705467015505,0.0019419346769017044,4,2.140178753229536
7,sfq_10516--89/89_1704034.txt#0_0,5,Gabriel Obertan,3,-0.012789487838745117,0.9872919501079253,0.012626958289196279,-6.2440705467015505,0.0019419346769017044,4,2.140178753229536
7,sfq_10516--89/89_1704034.txt#0_0,6,Wayne Rooney,0,-4.736950874328613,0.008765332079537646,0.041520947357946494,-4.739107427420095,0.008746449543457555,2,2.140178753229536
7,sfq_10516--89/89_1704034.txt#0_0,6,Wayne Rooney,1,-0.002156553091481328,0.9978457705984498,0.002151907281405649,-4.739107427420095,0.008746449543457555,2,2.140178753229536
7,sfq_10516--89/89_1704034.txt#0_0,7,theo walbeck,0,-4.918591499328613,0.007309418921165804,0.03595204567067785,-12.033520777709782,5.941667276413852e-06,5,2.140178753229536
7,sfq_10516--89/89_1704034.txt#0_0,7,theo walbeck,1,-0.012025241740047932,0.9880467725273758,0.011881501190115818,-12.033520777709782,5.941667276413852e-06,5,2.140178753229536
7,sfq_10516--89/89_1704034.txt#0_0,7,theo walbeck,2,-0.21675176918506622,0.8051298025286026,0.17451330902169757,-12.033520777709782,5.941667276413852e-06,5,2.140178753229536
7,sfq_10516--89/89_1704034.txt#0_0,7,theo walbeck,3,-2.553339958190918,0.07782131152978476,0.19870426422782306,-12.033520777709782,5.941667276413852e-06,5,2.140178753229536
7,sfq_10516--89/89_1704034.txt#0_0,7,theo walbeck,4,-4.332812309265137,0.0131305682971104,0.056892287845366506,-12.033520777709782,5.941667276413852e-06,5,2.140178753229536
7,sfq_10516--89/89_1704034.txt#0_0,8,joe hart,0,-3.5728883743286133,0.028074646370341808,0.10030757752998125,-3.7981246635317802,0.022412763942788613,3,2.140178753229536
7,sfq_10516--89/89_1704034.txt#0_0,8,joe hart,1,-0.1736486703157425,0.8405921707682353,0.14596771263172764,-3.7981246635317802,0.022412763942788613,3,2.140178753229536
7,sfq_10516--89/89_1704034.txt#0_0,8,joe hart,2,-0.05158761888742447,0.949720432868866,0.04899381564043882,-3.7981246635317802,0.022412763942788613,3,2.140178753229536
7,sfq_10516--89/89_1704034.txt#0_0,9,jordan hayes,0,-1.8858766555786133,0.15169601596265547,0.2860799751482526,-8.226998969912529,0.0002673374152379559,4,2.140178753229536
7,sfq_10516--89/89_1704034.txt#0_0,9,jordan hayes,1,-1.2897406816482544,0.2753421751117376,0.35512000451512543,-8.226998969912529,0.0002673374152379559,4,2.140178753229536
7,sfq_10516--89/89_1704034.txt#0_0,9,jordan hayes,2,-4.944549083709717,0.007122125422493061,0.03521569863185375,-8.226998969912529,0.0002673374152379559,4,2.140178753229536
7,sfq_10516--89/89_1704034.txt#0_0,9,jordan hayes,3,-0.10683254897594452,0.8986761446323516,0.09600786313494869,-8.226998969912529,0.0002673374152379559,4,2.140178753229536
7,sfq_10516--89/89_1704034.txt#0_0,10,jesse ennis,0,-1.8858766555786133,0.15169601596265547,0.2860799751482526,-9.56968241930008,6.981355151225908e-05,4,2.140178753229536
7,sfq_10516--89/89_1704034.txt#0_0,10,jesse ennis,1,-2.164740562438965,0.11477970890255919,0.24846829150630664,-9.56968241930008,6.981355151225908e-05,4,2.140178753229536
7,sfq_10516--89/89_1704034.txt#0_0,10,jesse ennis,2,-5.435967922210693,0.004357015727213041,0.02368459762969759,-9.56968241930008,6.981355151225908e-05,4,2.140178753229536
7,sfq_10516--89/89_1704034.txt#0_0,10,jesse ennis,3,-0.08309727907180786,0.9202616206693863,0.07647123661183816,-9.56968241930008,6.981355151225908e-05,4,2.140178753229536
8,qw_8714--28/28_287982.txt#0_0,1,"shakespeare's character touchstone is a character in the play who represents industry, skill, or learning.",0,-6.574122905731201,0.0013960298313181443,0.009177671591152682,-30.732798888522666,4.496918630243669e-14,22,2.1386277971338683
8,qw_8714--28/28_287982.txt#0_0,1,"shakespeare's character touchstone is a character in the play who represents industry, skill, or learning.",1,-0.0819595530629158,0.9213092220788892,0.07551009197432842,-30.732798888522666,4.496918630243669e-14,22,2.1386277971338683
8,qw_8714--28/28_287982.txt#0_0,1,"shakespeare's character touchstone is a character in the play who represents industry, skill, or learning.",2,-1.0495758056640625,0.3500862222107566,0.3674420286287428,-30.732798888522666,4.496918630243669e-14,22,2.1386277971338683
8,qw_8714--28/28_287982.txt#0_0,1,"shakespeare's character touchstone is a character in the play who represents industry, skill, or learning.",3,-0.0007656264933757484,0.9992346665238026,0.0007650404337901341,-30.732798888522666,4.496918630243669e-14,22,2.1386277971338683
8,qw_8714--28/28_287982.txt#0_0,1,"shakespeare's character touchstone is a character in the play who represents industry, skill, or learning.",4,-0.44460630416870117,0.6410766155476361,0.2850267046276138,-30.732798888522666,4.496918630243669e-14,22,2.1386277971338683
8,qw_8714--28/28_287982.txt#0_0,1,"shakespeare's character touchstone is a character in the play who represents industry, skill, or learning.",5,-0.286236047744751,0.7510853030286566,0.21498768855809128,-30.732798888522666,4.496918630243669e-14,22,2.1386277971338683
8,qw_8714--28/28_287982.txt#0_0,1,"shakespeare's character touchstone is a character in the play who represents industry, skill, or learning.",6,-0.005146825686097145,0.9948663965273559,0.005120403823881871,-30.732798888522666,4.496918630243669e-14,22,2.1386277971338683
8,qw_8714--28/28_287982.txt#0_0,1,"shakespeare's character touchstone is a character in the play who represents industry, skill, or learning.",7,-0.17360268533229828,0.840630826274071,0.14593576871428748,-30.732798888522666,4.496918630243669e-14,22,2.1386277971338683
8,qw_8714--28/28_287982.txt#0_0,1,"shakespeare's character touchstone is a character in the play who represents industry, skill, or learning.",8,-0.17133332788944244,0.8425406843520475,0.14435529923228455,-30.732798888522666,4.496918630243669e-14,22,2.1386277971338683
8,qw_8714--28/28_287982.txt#0_0,1,"shakespeare's character touchstone is a character in the play who represents industry, skill, or learning.",9,-0.6812628507614136,0.505977614515411,0.3447037519862285,-30.732798888522666,4.496918630243669e-14,22,2.1386277971338683
8,qw_8714--28/28_287982.txt#0_0,1,"shakespeare's character touchstone is a character in the play who represents industry, skill, or learning.",10,-0.7292636036872864,0.48226399679033816,0.3516975801279559,-30.732798888522666,4.496918630243669e-14,22,2.1386277971338683
8,qw_8714--28/28_287982.txt#0_0,1,"shakespeare's character touchstone is a character in the play who represents industry, skill, or learning.",11,-1.6420994997024536,0.19357320847300022,0.31786646868931245,-30.732798888522666,4.496918630243669e-14,22,2.1386277971338683
8,qw_8714--28/28_287982.txt#0_0,1,"shakespeare's character touchstone is a character in the play who represents industry, skill, or learning.",12,-0.5259977579116821,0.5909654296767632,0.31084649091329136,-30.732798888522666,4.496918630243669e-14,22,2.1386277971338683
8,qw_8714--28/28_287982.txt#0_0,1,"shakespeare's character touchstone is a character in the play who represents industry, skill, or learning.",13,-0.5228089094161987,0.5928529367857069,0.309948797225126,-30.732798888522666,4.496918630243669e-14,22,2.1386277971338683
8,qw_8714--28/28_287982.txt#0_0,1,"shakespeare's character touchstone is a character in the play who represents industry, skill, or learning.",14,-1.5824326276779175,0.20547464643323674,0.32514978457653787,-30.732798888522666,4.496918630243669e-14,22,2.1386277971338683
8,qw_8714--28/28_287982.txt#0_0,1,"shakespeare's character touchstone is a character in the play who represents industry, skill, or learning.",15,-5.0776214599609375,0.0062347209269548775,0.03165755267557364,-30.732798888522666,4.496918630243669e-14,22,2.1386277971338683
8,qw_8714--28/28_287982.txt#0_0,1,"shakespeare's character touchstone is a character in the play who represents industry, skill, or learning.",16,-1.0107851028442383,0.3639331424351927,0.3678581987047831,-30.732798888522666,4.496918630243669e-14,22,2.1386277971338683
8,qw_8714--28/28_287982.txt#0_0,1,"shakespeare's character touchstone is a character in the play who represents industry, skill, or learning.",17,-3.5427489280700684,0.028933681053730852,0.10250476743822622,-30.732798888522666,4.496918630243669e-14,22,2.1386277971338683
8,qw_8714--28/28_287982.txt#0_0,1,"shakespeare's character touchstone is a character in the play who represents industry, skill, or learning.",18,-0.04328808933496475,0.9576354657590447,0.04145420949210808,-30.732798888522666,4.496918630243669e-14,22,2.1386277971338683
8,qw_8714--28/28_287982.txt#0_0,1,"shakespeare's character touchstone is a character in the play who represents industry, skill, or learning.",19,-3.0439743995666504,0.04764515182652955,0.14503062232342218,-30.732798888522666,4.496918630243669e-14,22,2.1386277971338683
8,qw_8714--28/28_287982.txt#0_0,1,"shakespeare's character touchstone is a character in the play who represents industry, skill, or learning.",20,-3.0119094848632812,0.04919764685080848,0.14817885908290418,-30.732798888522666,4.496918630243669e-14,22,2.1386277971338683
8,qw_8714--28/28_287982.txt#0_0,1,"shakespeare's character touchstone is a character in the play who represents industry, skill, or learning.",21,-0.5312570929527283,0.5878655034053325,0.31230771828630904,-30.732798888522666,4.496918630243669e-14,22,2.1386277971338683
8,qw_8714--28/28_287982.txt#0_0,2,a philosopher.,0,-0.8036152124404907,0.4477074772320886,0.35978453932706106,-7.097514748573303,0.0008271580666856664,3,2.1386277971338683
8,qw_8714--28/28_287982.txt#0_0,2,a philosopher.,1,-3.8332958221435547,0.02163818237823551,0.08294555400927046,-7.097514748573303,0.0008271580666856664,3,2.1386277971338683
8,qw_8714--28/28_287982.txt#0_0,2,a philosopher.,2,-2.460603713989258,0.08538338825838114,0.2100946821615594,-7.097514748573303,0.0008271580666856664,3,2.1386277971338683
8,qw_8714--28/28_287982.txt#0_0,3,a comedic character who plays the role of a fool,0,-0.8036152124404907,0.4477074772320886,0.35978453932706106,-11.095531217521057,1.518000862946409e-05,10,2.1386277971338683
8,qw_8714--28/28_287982.txt#0_0,3,a comedic character who plays the role of a fool,1,-3.7434520721435547,0.023672243627338902,0.08861590935904888,-11.095531217521057,1.518000862946409e-05,10,2.1386277971338683
8,qw_8714--28/28_287982.txt#0_0,3,a comedic character who plays the role of a fool,2,-0.6587973833084106,0.5174732824411623,0.34091004430425176,-11.095531217521057,1.518000862946409e-05,10,2.1386277971338683
8,qw_8714--28/28_287982.txt#0_0,3,a comedic character who plays the role of a fool,3,-0.8762014508247375,0.41636148120755323,0.3648165338015948,-11.095531217521057,1.518000862946409e-05,10,2.1386277971338683
8,qw_8714--28/28_287982.txt#0_0,3,a comedic character who plays the role of a fool,4,-3.6003971099853516,0.027312874078412132,0.09833719279730886,-11.095531217521057,1.518000862946409e-05,10,2.1386277971338683
8,qw_8714--28/28_287982.txt#0_0,3,a comedic character who plays the role of a fool,5,-0.41775816679000854,0.6585214615290146,0.27510271846023826,-11.095531217521057,1.518000862946409e-05,10,2.1386277971338683
8,qw_8714--28/28_287982.txt#0_0,3,a comedic character who plays the role of a fool,6,-0.23537738621234894,0.7902725553798093,0.18601228838065328,-11.095531217521057,1.518000862946409e-05,10,2.1386277971338683
8,qw_8714--28/28_287982.txt#0_0,3,a comedic character who plays the role of a fool,7,-0.002268243348225951,0.9977343271718284,0.0022631041509042233,-11.095531217521057,1.518000862946409e-05,10,2.1386277971338683
8,qw_8714--28/28_287982.txt#0_0,3,a comedic character who plays the role of a fool,8,-0.05614208057522774,0.9454048026893639,0.05307699250879349,-11.095531217521057,1.518000862946409e-05,10,2.1386277971338683
8,qw_8714--28/28_287982.txt#0_0,3,a comedic character who plays the role of a fool,9,-0.7015221118927002,0.4958300203535416,0.34783572291821707,-11.095531217521057,1.518000862946409e-05,10,2.1386277971338683
8,qw_8714--28/28_287982.txt#0_0,4,"Touchstone is a character that appears in Shakespeare's pastoral play As You Like It who is characterized as a """"quip and jesting kind of man"""".",0,-2.067286968231201,0.1265285925576694,0.2615709104031053,-45.8150746748579,1.2669686848146465e-20,34,2.1386277971338683
8,qw_8714--28/28_287982.txt#0_0,4,"Touchstone is a character that appears in Shakespeare's pastoral play As You Like It who is characterized as a """"quip and jesting kind of man"""".",1,-0.0037003159523010254,0.9963065217802487,0.003686648815925046,-45.8150746748579,1.2669686848146465e-20,34,2.1386277971338683
8,qw_8714--28/28_287982.txt#0_0,4,"Touchstone is a character that appears in Shakespeare's pastoral play As You Like It who is characterized as a """"quip and jesting kind of man"""".",2,-0.02187890000641346,0.9783587071107389,0.021405412223279772,-45.8150746748579,1.2669686848146465e-20,34,2.1386277971338683
8,qw_8714--28/28_287982.txt#0_0,4,"Touchstone is a character that appears in Shakespeare's pastoral play As You Like It who is characterized as a """"quip and jesting kind of man"""".",3,-0.04878194257616997,0.9523887825019614,0.04645937479819911,-45.8150746748579,1.2669686848146465e-20,34,2.1386277971338683
8,qw_8714--28/28_287982.txt#0_0,4,"Touchstone is a character that appears in Shakespeare's pastoral play As You Like It who is characterized as a """"quip and jesting kind of man"""".",4,-0.18238745629787445,0.8332784188895039,0.15197953110917137,-45.8150746748579,1.2669686848146465e-20,34,2.1386277971338683
8,qw_8714--28/28_287982.txt#0_0,4,"Touchstone is a character that appears in Shakespeare's pastoral play As You Like It who is characterized as a """"quip and jesting kind of man"""".",5,-3.5107805728912354,0.029873586821621778,0.10487960815592937,-45.8150746748579,1.2669686848146465e-20,34,2.1386277971338683
8,qw_8714--28/28_287982.txt#0_0,4,"Touchstone is a character that appears in Shakespeare's pastoral play As You Like It who is characterized as a """"quip and jesting kind of man"""".",6,-2.3810067176818848,0.09245745209086324,0.2201418144280964,-45.8150746748579,1.2669686848146465e-20,34,2.1386277971338683
8,qw_8714--28/28_287982.txt#0_0,4,"Touchstone is a character that appears in Shakespeare's pastoral play As You Like It who is characterized as a """"quip and jesting kind of man"""".",7,-0.1400250792503357,0.8693364328193862,0.12172890280073864,-45.8150746748579,1.2669686848146465e-20,34,2.1386277971338683
8,qw_8714--28/28_287982.txt#0_0,4,"Touchstone is a character that appears in Shakespeare's pastoral play As You Like It who is characterized as a """"quip and jesting kind of man"""".",8,-0.280026376247406,0.7557638069796749,0.21163380006746232,-45.8150746748579,1.2669686848146465e-20,34,2.1386277971338683
8,qw_8714--28/28_287982.txt#0_0,4,"Touchstone is a character that appears in Shakespeare's pastoral play As You Like It who is characterized as a """"quip and jesting kind of man"""".",9,-0.0036468682810664177,0.9963597734667504,0.0036335927543863816,-45.8150746748579,1.2669686848146465e-20,34,2.1386277971338683
8,qw_8714--28/28_287982.txt#0_0,4,"Touchstone is a character that appears in Shakespeare's pastoral play As You Like It who is characterized as a """"quip and jesting kind of man"""".",10,-0.0001209901092806831,0.9998790172097274,0.00012097537155968543,-45.8150746748579,1.2669686848146465e-20,34,2.1386277971338683
8,qw_8714--28/28_287982.txt#0_0,4,"Touchstone is a character that appears in Shakespeare's pastoral play As You Like It who is characterized as a """"quip and jesting kind of man"""".",11,-7.670177459716797,0.0004665350251831699,0.003578406334328369,-45.8150746748579,1.2669686848146465e-20,34,2.1386277971338683
8,qw_8714--28/28_287982.txt#0_0,4,"Touchstone is a character that appears in Shakespeare's pastoral play As You Like It who is characterized as a """"quip and jesting kind of man"""".",12,-1.5553783178329468,0.21110950104265838,0.32835514051028275,-45.8150746748579,1.2669686848146465e-20,34,2.1386277971338683
8,qw_8714--28/28_287982.txt#0_0,4,"Touchstone is a character that appears in Shakespeare's pastoral play As You Like It who is characterized as a """"quip and jesting kind of man"""".",13,-1.9862661361694336,0.13720678162346808,0.27252918389148917,-45.8150746748579,1.2669686848146465e-20,34,2.1386277971338683
8,qw_8714--28/28_287982.txt#0_0,4,"Touchstone is a character that appears in Shakespeare's pastoral play As You Like It who is characterized as a """"quip and jesting kind of man"""".",14,-0.0003060825983993709,0.9996939642401003,0.00030598882617871803,-45.8150746748579,1.2669686848146465e-20,34,2.1386277971338683
8,qw_8714--28/28_287982.txt#0_0,4,"Touchstone is a character that appears in Shakespeare's pastoral play As You Like It who is characterized as a """"quip and jesting kind of man"""".",15,-0.0012161486083641648,0.9987845906006616,0.00121467038991456,-45.8150746748579,1.2669686848146465e-20,34,2.1386277971338683
8,qw_8714--28/28_287982.txt#0_0,4,"Touchstone is a character that appears in Shakespeare's pastoral play As You Like It who is characterized as a """"quip and jesting kind of man"""".",16,-0.0012890134239569306,0.9987118169970004,0.0012873528387735368,-45.8150746748579,1.2669686848146465e-20,34,2.1386277971338683
8,qw_8714--28/28_287982.txt#0_0,4,"Touchstone is a character that appears in Shakespeare's pastoral play As You Like It who is characterized as a """"quip and jesting kind of man"""".",17,-2.032649517059326,0.13098800602163774,0.266252707080446,-45.8150746748579,1.2669686848146465e-20,34,2.1386277971338683
8,qw_8714--28/28_287982.txt#0_0,4,"Touchstone is a character that appears in Shakespeare's pastoral play As You Like It who is characterized as a """"quip and jesting kind of man"""".",18,-0.47087109088897705,0.6244580715580255,0.2940392532689543,-45.8150746748579,1.2669686848146465e-20,34,2.1386277971338683
8,qw_8714--28/28_287982.txt#0_0,4,"Touchstone is a character that appears in Shakespeare's pastoral play As You Like It who is characterized as a """"quip and jesting kind of man"""".",19,-2.7818150520324707,0.06192600638691267,0.17226669657937257,-45.8150746748579,1.2669686848146465e-20,34,2.1386277971338683
8,qw_8714--28/28_287982.txt#0_0,4,"Touchstone is a character that appears in Shakespeare's pastoral play As You Like It who is characterized as a """"quip and jesting kind of man"""".",20,-0.41455116868019104,0.6606367286272742,0.27386772782549473,-45.8150746748579,1.2669686848146465e-20,34,2.1386277971338683
8,qw_8714--28/28_287982.txt#0_0,4,"Touchstone is a character that appears in Shakespeare's pastoral play As You Like It who is characterized as a """"quip and jesting kind of man"""".",21,-0.2955687940120697,0.7441082227722274,0.2199351699192518,-45.8150746748579,1.2669686848146465e-20,34,2.1386277971338683
8,qw_8714--28/28_287982.txt#0_0,4,"Touchstone is a character that appears in Shakespeare's pastoral play As You Like It who is characterized as a """"quip and jesting kind of man"""".",22,-2.508244514465332,0.08141102975597873,0.20419876870240758,-45.8150746748579,1.2669686848146465e-20,34,2.1386277971338683
8,qw_8714--28/28_287982.txt#0_0,4,"Touchstone is a character that appears in Shakespeare's pastoral play As You Like It who is characterized as a """"quip and jesting kind of man"""".",23,-0.7228736281394958,0.48535551879305255,0.35085070470746116,-45.8150746748579,1.2669686848146465e-20,34,2.1386277971338683
8,qw_8714--28/28_287982.txt#0_0,4,"Touchstone is a character that appears in Shakespeare's pastoral play As You Like It who is characterized as a """"quip and jesting kind of man"""".",24,-4.087298393249512,0.01678451752715533,0.06860333142021025,-45.8150746748579,1.2669686848146465e-20,34,2.1386277971338683
8,qw_8714--28/28_287982.txt#0_0,4,"Touchstone is a character that appears in Shakespeare's pastoral play As You Like It who is characterized as a """"quip and jesting kind of man"""".",25,-0.4704241454601288,0.6247372326188486,0.2938914786918475,-45.8150746748579,1.2669686848146465e-20,34,2.1386277971338683
8,qw_8714--28/28_287982.txt#0_0,4,"Touchstone is a character that appears in Shakespeare's pastoral play As You Like It who is characterized as a """"quip and jesting kind of man"""".",26,-4.270941734313965,0.013968622226393303,0.05965917153756881,-45.8150746748579,1.2669686848146465e-20,34,2.1386277971338683
8,qw_8714--28/28_287982.txt#0_0,4,"Touchstone is a character that appears in Shakespeare's pastoral play As You Like It who is characterized as a """"quip and jesting kind of man"""".",27,-1.8558448553085327,0.1563208183966082,0.2901071864989647,-45.8150746748579,1.2669686848146465e-20,34,2.1386277971338683
8,qw_8714--28/28_287982.txt#0_0,4,"Touchstone is a character that appears in Shakespeare's pastoral play As You Like It who is characterized as a """"quip and jesting kind of man"""".",28,-0.15946058928966522,0.8526035684465647,0.13595666735496065,-45.8150746748579,1.2669686848146465e-20,34,2.1386277971338683
8,qw_8714--28/28_287982.txt#0_0,4,"Touchstone is a character that appears in Shakespeare's pastoral play As You Like It who is characterized as a """"quip and jesting kind of man"""".",29,-4.409971237182617,0.012155527952117532,0.05360552854160763,-45.8150746748579,1.2669686848146465e-20,34,2.1386277971338683
8,qw_8714--28/28_287982.txt#0_0,4,"Touchstone is a character that appears in Shakespeare's pastoral play As You Like It who is characterized as a """"quip and jesting kind of man"""".",30,-0.06541482359170914,0.9366788263000586,0.06127268008450748,-45.8150746748579,1.2669686848146465e-20,34,2.1386277971338683
8,qw_8714--28/28_287982.txt#0_0,4,"Touchstone is a character that appears in Shakespeare's pastoral play As You Like It who is characterized as a """"quip and jesting kind of man"""".",31,-0.4740130305290222,0.6224991410217147,0.2950727042374161,-45.8150746748579,1.2669686848146465e-20,34,2.1386277971338683
8,qw_8714--28/28_287982.txt#0_0,4,"Touchstone is a character that appears in Shakespeare's pastoral play As You Like It who is characterized as a """"quip and jesting kind of man"""".",32,-0.646000325679779,0.524137971107169,0.33859329993636983,-45.8150746748579,1.2669686848146465e-20,34,2.1386277971338683
8,qw_8714--28/28_287982.txt#0_0,4,"Touchstone is a character that appears in Shakespeare's pastoral play As You Like It who is characterized as a """"quip and jesting kind of man"""".",33,-0.2948564291000366,0.7446384882097073,0.21956144550396403,-45.8150746748579,1.2669686848146465e-20,34,2.1386277971338683
8,qw_8714--28/28_287982.txt#0_0,5,"Touchstone is a character in Shakespeare's """"As You Like It"""" who is portrayed as a foolish and gullible person.",0,-2.067286968231201,0.1265285925576694,0.2615709104031053,-18.15621126521728,1.3027396613230941e-08,27,2.1386277971338683
8,qw_8714--28/28_287982.txt#0_0,5,"Touchstone is a character in Shakespeare's """"As You Like It"""" who is portrayed as a foolish and gullible person.",1,-0.0037003159523010254,0.9963065217802487,0.003686648815925046,-18.15621126521728,1.3027396613230941e-08,27,2.1386277971338683
8,qw_8714--28/28_287982.txt#0_0,5,"Touchstone is a character in Shakespeare's """"As You Like It"""" who is portrayed as a foolish and gullible person.",2,-0.02187890000641346,0.9783587071107389,0.021405412223279772,-18.15621126521728,1.3027396613230941e-08,27,2.1386277971338683
8,qw_8714--28/28_287982.txt#0_0,5,"Touchstone is a character in Shakespeare's """"As You Like It"""" who is portrayed as a foolish and gullible person.",3,-0.04878194257616997,0.9523887825019614,0.04645937479819911,-18.15621126521728,1.3027396613230941e-08,27,2.1386277971338683
8,qw_8714--28/28_287982.txt#0_0,5,"Touchstone is a character in Shakespeare's """"As You Like It"""" who is portrayed as a foolish and gullible person.",4,-0.18238745629787445,0.8332784188895039,0.15197953110917137,-18.15621126521728,1.3027396613230941e-08,27,2.1386277971338683
8,qw_8714--28/28_287982.txt#0_0,5,"Touchstone is a character in Shakespeare's """"As You Like It"""" who is portrayed as a foolish and gullible person.",5,-0.5264056324958801,0.5907244390481757,0.31096067186792886,-18.15621126521728,1.3027396613230941e-08,27,2.1386277971338683
8,qw_8714--28/28_287982.txt#0_0,5,"Touchstone is a character in Shakespeare's """"As You Like It"""" who is portrayed as a foolish and gullible person.",6,-0.30229857563972473,0.7391173495055928,0.22343412188614925,-18.15621126521728,1.3027396613230941e-08,27,2.1386277971338683
8,qw_8714--28/28_287982.txt#0_0,5,"Touchstone is a character in Shakespeare's """"As You Like It"""" who is portrayed as a foolish and gullible person.",7,-0.003963235765695572,0.9960446074881957,0.003947559512625429,-18.15621126521728,1.3027396613230941e-08,27,2.1386277971338683
8,qw_8714--28/28_287982.txt#0_0,5,"Touchstone is a character in Shakespeare's """"As You Like It"""" who is portrayed as a foolish and gullible person.",8,-0.00010179955279454589,0.9998982056286041,0.00010178909017306079,-18.15621126521728,1.3027396613230941e-08,27,2.1386277971338683
8,qw_8714--28/28_287982.txt#0_0,5,"Touchstone is a character in Shakespeare's """"As You Like It"""" who is portrayed as a foolish and gullible person.",9,-0.6058786511421204,0.5455948284516628,0.33056425863241,-18.15621126521728,1.3027396613230941e-08,27,2.1386277971338683
8,qw_8714--28/28_287982.txt#0_0,5,"Touchstone is a character in Shakespeare's """"As You Like It"""" who is portrayed as a foolish and gullible person.",10,-0.1329355537891388,0.8755215143347786,0.11638793726239917,-18.15621126521728,1.3027396613230941e-08,27,2.1386277971338683
8,qw_8714--28/28_287982.txt#0_0,5,"Touchstone is a character in Shakespeare's """"As You Like It"""" who is portrayed as a foolish and gullible person.",11,-0.005705262999981642,0.9943109811059871,0.005672805550979399,-18.15621126521728,1.3027396613230941e-08,27,2.1386277971338683
8,qw_8714--28/28_287982.txt#0_0,5,"Touchstone is a character in Shakespeare's """"As You Like It"""" who is portrayed as a foolish and gullible person.",12,-0.0002616301644593477,0.9997384040577275,0.00026156162306997235,-18.15621126521728,1.3027396613230941e-08,27,2.1386277971338683
8,qw_8714--28/28_287982.txt#0_0,5,"Touchstone is a character in Shakespeare's """"As You Like It"""" who is portrayed as a foolish and gullible person.",13,-0.0010712367948144674,0.998929336774493,0.0010700897609724324,-18.15621126521728,1.3027396613230941e-08,27,2.1386277971338683
8,qw_8714--28/28_287982.txt#0_0,5,"Touchstone is a character in Shakespeare's """"As You Like It"""" who is portrayed as a foolish and gullible person.",14,-0.001712523982860148,0.9982889415496299,0.0017095936542278224,-18.15621126521728,1.3027396613230941e-08,27,2.1386277971338683
8,qw_8714--28/28_287982.txt#0_0,5,"Touchstone is a character in Shakespeare's """"As You Like It"""" who is portrayed as a foolish and gullible person.",15,-0.050786979496479034,0.9504811209355868,0.048272065100746095,-18.15621126521728,1.3027396613230941e-08,27,2.1386277971338683
8,qw_8714--28/28_287982.txt#0_0,5,"Touchstone is a character in Shakespeare's """"As You Like It"""" who is portrayed as a foolish and gullible person.",16,-0.11458375304937363,0.8917372495765676,0.10217860069040911,-18.15621126521728,1.3027396613230941e-08,27,2.1386277971338683
8,qw_8714--28/28_287982.txt#0_0,5,"Touchstone is a character in Shakespeare's """"As You Like It"""" who is portrayed as a foolish and gullible person.",17,-0.14450111985206604,0.8654539432221778,0.12505906387599103,-18.15621126521728,1.3027396613230941e-08,27,2.1386277971338683
8,qw_8714--28/28_287982.txt#0_0,5,"Touchstone is a character in Shakespeare's """"As You Like It"""" who is portrayed as a foolish and gullible person.",18,-3.5911543369293213,0.02756649103148246,0.09899552372163148,-18.15621126521728,1.3027396613230941e-08,27,2.1386277971338683
8,qw_8714--28/28_287982.txt#0_0,5,"Touchstone is a character in Shakespeare's """"As You Like It"""" who is portrayed as a foolish and gullible person.",19,-0.0004592079494614154,0.9995408974703719,0.00045899702593014177,-18.15621126521728,1.3027396613230941e-08,27,2.1386277971338683
8,qw_8714--28/28_287982.txt#0_0,5,"Touchstone is a character in Shakespeare's """"As You Like It"""" who is portrayed as a foolish and gullible person.",20,-0.08540190756320953,0.9181432015410202,0.07841118072779545,-18.15621126521728,1.3027396613230941e-08,27,2.1386277971338683
8,qw_8714--28/28_287982.txt#0_0,5,"Touchstone is a character in Shakespeare's """"As You Like It"""" who is portrayed as a foolish and gullible person.",21,-4.806056022644043,0.008180058125024236,0.039313817517351066,-18.15621126521728,1.3027396613230941e-08,27,2.1386277971338683
8,qw_8714--28/28_287982.txt#0_0,5,"Touchstone is a character in Shakespeare's """"As You Like It"""" who is portrayed as a foolish and gullible person.",22,-1.4659101963043213,0.23086776083356897,0.3384314045038762,-18.15621126521728,1.3027396613230941e-08,27,2.1386277971338683
8,qw_8714--28/28_287982.txt#0_0,5,"Touchstone is a character in Shakespeare's """"As You Like It"""" who is portrayed as a foolish and gullible person.",23,-2.380598545074463,0.09249519839313801,0.22019393462107817,-18.15621126521728,1.3027396613230941e-08,27,2.1386277971338683
8,qw_8714--28/28_287982.txt#0_0,5,"Touchstone is a character in Shakespeare's """"As You Like It"""" who is portrayed as a foolish and gullible person.",24,-0.006579166743904352,0.9934424285879006,0.00653602328814903,-18.15621126521728,1.3027396613230941e-08,27,2.1386277971338683
8,qw_8714--28/28_287982.txt#0_0,5,"Touchstone is a character in Shakespeare's """"As You Like It"""" who is portrayed as a foolish and gullible person.",25,-1.3431153297424316,0.2610312023052947,0.3505950092573393,-18.15621126521728,1.3027396613230941e-08,27,2.1386277971338683
8,qw_8714--28/28_287982.txt#0_0,5,"Touchstone is a character in Shakespeare's """"As You Like It"""" who is portrayed as a foolish and gullible person.",26,-0.2626950144767761,0.7689763882172841,0.20200626333503843,-18.15621126521728,1.3027396613230941e-08,27,2.1386277971338683
8,qw_8714--28/28_287982.txt#0_0,6,"a witty, witty rogue.",0,-0.8036152124404907,0.4477074772320886,0.35978453932706106,-12.950371146202087,2.3753372128417155e-06,6,2.1386277971338683
8,qw_8714--28/28_287982.txt#0_0,6,"a witty, witty rogue.",1,-2.2786083221435547,0.10242665247740346,0.23339022264431727,-12.950371146202087,2.3753372128417155e-06,6,2.1386277971338683
8,qw_8714--28/28_287982.txt#0_0,6,"a witty, witty rogue.",2,-0.6540095806121826,0.5199567829291099,0.34005671743992677,-12.950371146202087,2.3753372128417155e-06,6,2.1386277971338683
8,qw_8714--28/28_287982.txt#0_0,6,"a witty, witty rogue.",3,-6.186124801635742,0.002057785649748839,0.012729718744361414,-12.950371146202087,2.3753372128417155e-06,6,2.1386277971338683
8,qw_8714--28/28_287982.txt#0_0,6,"a witty, witty rogue.",4,-1.8599894046783447,0.15567427977832698,0.28955251086862044,-12.950371146202087,2.3753372128417155e-06,6,2.1386277971338683
8,qw_8714--28/28_287982.txt#0_0,6,"a witty, witty rogue.",5,-1.1680238246917725,0.3109808871838843,0.3632330851545611,-12.950371146202087,2.3753372128417155e-06,6,2.1386277971338683
8,qw_8714--28/28_287982.txt#0_0,7,a comedic foil character,0,-0.8036152124404907,0.4477074772320886,0.35978453932706106,-7.414706230163574,0.0006023293132997425,4,2.1386277971338683
8,qw_8714--28/28_287982.txt#0_0,7,a comedic foil character,1,-3.7434520721435547,0.023672243627338902,0.08861590935904888,-7.414706230163574,0.0006023293132997425,4,2.1386277971338683
8,qw_8714--28/28_287982.txt#0_0,7,a comedic foil character,2,-1.3384848833084106,0.26224269601891137,0.3510078842793556,-7.414706230163574,0.0006023293132997425,4,2.1386277971338683
8,qw_8714--28/28_287982.txt#0_0,7,a comedic foil character,3,-1.5291540622711182,0.21671892050610383,0.3313966175629202,-7.414706230163574,0.0006023293132997425,4,2.1386277971338683
8,qw_8714--28/28_287982.txt#0_0,8,comedic relief,0,-3.993068218231201,0.01844303994850834,0.07364431656595706,-5.898141503334045,0.002744540801797554,2,2.1386277971338683
8,qw_8714--28/28_287982.txt#0_0,8,comedic relief,1,-1.9050732851028442,0.14881173653910185,0.28349726369040573,-5.898141503334045,0.002744540801797554,2,2.1386277971338683
8,qw_8714--28/28_287982.txt#0_0,9,touchstone,0,-1.8465839624404907,0.15777521284987472,0.29134517761921347,-1.8534239907748997,0.15669970835732397,2,2.1386277971338683
8,qw_8714--28/28_287982.txt#0_0,9,touchstone,1,-0.0068400283344089985,0.9931833114142327,0.006793401891335506,-1.8534239907748997,0.15669970835732397,2,2.1386277971338683
8,qw_8714--28/28_287982.txt#0_0,10,"A melancholic, wise, and witty character who uses the philosophical metaphor of 'touches' to convey various ideas related to self-reflection and introspection.",0,-2.674708843231201,0.06892689400514354,0.18435937283201712,-48.41139486947213,9.444921374890166e-22,35,2.1386277971338683
8,qw_8714--28/28_287982.txt#0_0,10,"A melancholic, wise, and witty character who uses the philosophical metaphor of 'touches' to convey various ideas related to self-reflection and introspection.",1,-4.2656354904174805,0.014042940142944035,0.0599020637635504,-48.41139486947213,9.444921374890166e-22,35,2.1386277971338683
8,qw_8714--28/28_287982.txt#0_0,10,"A melancholic, wise, and witty character who uses the philosophical metaphor of 'touches' to convey various ideas related to self-reflection and introspection.",2,-0.0006874820101074874,0.9993127542515047,0.0006870094410188422,-48.41139486947213,9.444921374890166e-22,35,2.1386277971338683
8,qw_8714--28/28_287982.txt#0_0,10,"A melancholic, wise, and witty character who uses the philosophical metaphor of 'touches' to convey various ideas related to self-reflection and introspection.",3,-1.8510968685150146,0.15706479236956633,0.29074214520926517,-48.41139486947213,9.444921374890166e-22,35,2.1386277971338683
8,qw_8714--28/28_287982.txt#0_0,10,"A melancholic, wise, and witty character who uses the philosophical metaphor of 'touches' to convey various ideas related to self-reflection and introspection.",4,-1.8320204019546509,0.16008979507492282,0.2932877706219978,-48.41139486947213,9.444921374890166e-22,35,2.1386277971338683
8,qw_8714--28/28_287982.txt#0_0,10,"A melancholic, wise, and witty character who uses the philosophical metaphor of 'touches' to convey various ideas related to self-reflection and introspection.",5,-0.6925392746925354,0.5003040453398147,0.3464802005853766,-48.41139486947213,9.444921374890166e-22,35,2.1386277971338683
8,qw_8714--28/28_287982.txt#0_0,10,"A melancholic, wise, and witty character who uses the philosophical metaphor of 'touches' to convey various ideas related to self-reflection and introspection.",6,-0.21698333323001862,0.8049433849994488,0.17465929863863458,-48.41139486947213,9.444921374890166e-22,35,2.1386277971338683
8,qw_8714--28/28_287982.txt#0_0,10,"A melancholic, wise, and witty character who uses the philosophical metaphor of 'touches' to convey various ideas related to self-reflection and introspection.",7,-0.8896040916442871,0.41081836698422425,0.3654657000917902,-48.41139486947213,9.444921374890166e-22,35,2.1386277971338683
8,qw_8714--28/28_287982.txt#0_0,10,"A melancholic, wise, and witty character who uses the philosophical metaphor of 'touches' to convey various ideas related to self-reflection and introspection.",8,-0.027369873598217964,0.9730012874724221,0.02663092214902357,-48.41139486947213,9.444921374890166e-22,35,2.1386277971338683
8,qw_8714--28/28_287982.txt#0_0,10,"A melancholic, wise, and witty character who uses the philosophical metaphor of 'touches' to convey various ideas related to self-reflection and introspection.",9,-1.1796164512634277,0.3073966175778184,0.3626101070575271,-48.41139486947213,9.444921374890166e-22,35,2.1386277971338683
8,qw_8714--28/28_287982.txt#0_0,10,"A melancholic, wise, and witty character who uses the philosophical metaphor of 'touches' to convey various ideas related to self-reflection and introspection.",10,-2.751908302307129,0.06380598384808521,0.17558821658842025,-48.41139486947213,9.444921374890166e-22,35,2.1386277971338683
8,qw_8714--28/28_287982.txt#0_0,10,"A melancholic, wise, and witty character who uses the philosophical metaphor of 'touches' to convey various ideas related to self-reflection and introspection.",11,-1.6566509008407593,0.19077684193496966,0.3160506269511226,-48.41139486947213,9.444921374890166e-22,35,2.1386277971338683
8,qw_8714--28/28_287982.txt#0_0,10,"A melancholic, wise, and witty character who uses the philosophical metaphor of 'touches' to convey various ideas related to self-reflection and introspection.",12,-2.94551944732666,0.05257474291238603,0.15485992758663253,-48.41139486947213,9.444921374890166e-22,35,2.1386277971338683
8,qw_8714--28/28_287982.txt#0_0,10,"A melancholic, wise, and witty character who uses the philosophical metaphor of 'touches' to convey various ideas related to self-reflection and introspection.",13,-1.7877308130264282,0.16733946369092823,0.29915791537558956,-48.41139486947213,9.444921374890166e-22,35,2.1386277971338683
8,qw_8714--28/28_287982.txt#0_0,10,"A melancholic, wise, and witty character who uses the philosophical metaphor of 'touches' to convey various ideas related to self-reflection and introspection.",14,-0.4359399378299713,0.6466565643655868,0.28190342236687677,-48.41139486947213,9.444921374890166e-22,35,2.1386277971338683
8,qw_8714--28/28_287982.txt#0_0,10,"A melancholic, wise, and witty character who uses the philosophical metaphor of 'touches' to convey various ideas related to self-reflection and introspection.",15,-0.3186854422092438,0.7271042296379872,0.23171753285439345,-48.41139486947213,9.444921374890166e-22,35,2.1386277971338683
8,qw_8714--28/28_287982.txt#0_0,10,"A melancholic, wise, and witty character who uses the philosophical metaphor of 'touches' to convey various ideas related to self-reflection and introspection.",16,-2.2237648963928223,0.1082009755547421,0.24061353109409336,-48.41139486947213,9.444921374890166e-22,35,2.1386277971338683
8,qw_8714--28/28_287982.txt#0_0,10,"A melancholic, wise, and witty character who uses the philosophical metaphor of 'touches' to convey various ideas related to self-reflection and introspection.",17,-3.616899013519287,0.026865858116247275,0.0971710956180039,-48.41139486947213,9.444921374890166e-22,35,2.1386277971338683
8,qw_8714--28/28_287982.txt#0_0,10,"A melancholic, wise, and witty character who uses the philosophical metaphor of 'touches' to convey various ideas related to self-reflection and introspection.",18,-0.1559533029794693,0.8555991433689322,0.13343351233478948,-48.41139486947213,9.444921374890166e-22,35,2.1386277971338683
8,qw_8714--28/28_287982.txt#0_0,10,"A melancholic, wise, and witty character who uses the philosophical metaphor of 'touches' to convey various ideas related to self-reflection and introspection.",19,-1.6388990879058838,0.1941937148612445,0.31826390206314886,-48.41139486947213,9.444921374890166e-22,35,2.1386277971338683
8,qw_8714--28/28_287982.txt#0_0,10,"A melancholic, wise, and witty character who uses the philosophical metaphor of 'touches' to convey various ideas related to self-reflection and introspection.",20,-0.2054438441991806,0.8142858201555899,0.16729000906964694,-48.41139486947213,9.444921374890166e-22,35,2.1386277971338683
8,qw_8714--28/28_287982.txt#0_0,10,"A melancholic, wise, and witty character who uses the philosophical metaphor of 'touches' to convey various ideas related to self-reflection and introspection.",21,-0.07331524789333344,0.9293078215100714,0.06813243320322449,-48.41139486947213,9.444921374890166e-22,35,2.1386277971338683
8,qw_8714--28/28_287982.txt#0_0,10,"A melancholic, wise, and witty character who uses the philosophical metaphor of 'touches' to convey various ideas related to self-reflection and introspection.",22,-2.3428430557250977,0.09605416232496414,0.22503982707653353,-48.41139486947213,9.444921374890166e-22,35,2.1386277971338683
8,qw_8714--28/28_287982.txt#0_0,10,"A melancholic, wise, and witty character who uses the philosophical metaphor of 'touches' to convey various ideas related to self-reflection and introspection.",23,-2.8888421058654785,0.055640601252505785,0.1607369115939102,-48.41139486947213,9.444921374890166e-22,35,2.1386277971338683
8,qw_8714--28/28_287982.txt#0_0,10,"A melancholic, wise, and witty character who uses the philosophical metaphor of 'touches' to convey various ideas related to self-reflection and introspection.",24,-1.0503089427947998,0.3498296550632374,0.36742921506773835,-48.41139486947213,9.444921374890166e-22,35,2.1386277971338683
8,qw_8714--28/28_287982.txt#0_0,10,"A melancholic, wise, and witty character who uses the philosophical metaphor of 'touches' to convey various ideas related to self-reflection and introspection.",25,-3.8968253135681152,0.020306275280865448,0.07913000743875896,-48.41139486947213,9.444921374890166e-22,35,2.1386277971338683
8,qw_8714--28/28_287982.txt#0_0,10,"A melancholic, wise, and witty character who uses the philosophical metaphor of 'touches' to convey various ideas related to self-reflection and introspection.",26,-0.00022384998737834394,0.9997761750651607,0.0002237997841695066,-48.41139486947213,9.444921374890166e-22,35,2.1386277971338683
8,qw_8714--28/28_287982.txt#0_0,10,"A melancholic, wise, and witty character who uses the philosophical metaphor of 'touches' to convey various ideas related to self-reflection and introspection.",27,-2.669870376586914,0.0692612026009754,0.18491843297112875,-48.41139486947213,9.444921374890166e-22,35,2.1386277971338683
8,qw_8714--28/28_287982.txt#0_0,10,"A melancholic, wise, and witty character who uses the philosophical metaphor of 'touches' to convey various ideas related to self-reflection and introspection.",28,-0.009777866303920746,0.9902697816060522,0.009682725429356786,-48.41139486947213,9.444921374890166e-22,35,2.1386277971338683
8,qw_8714--28/28_287982.txt#0_0,10,"A melancholic, wise, and witty character who uses the philosophical metaphor of 'touches' to convey various ideas related to self-reflection and introspection.",29,-1.4490973949432373,0.234782108002477,0.3402221409856712,-48.41139486947213,9.444921374890166e-22,35,2.1386277971338683
8,qw_8714--28/28_287982.txt#0_0,10,"A melancholic, wise, and witty character who uses the philosophical metaphor of 'touches' to convey various ideas related to self-reflection and introspection.",30,-0.0011712603736668825,0.9988294252840438,0.001169889225887705,-48.41139486947213,9.444921374890166e-22,35,2.1386277971338683
8,qw_8714--28/28_287982.txt#0_0,10,"A melancholic, wise, and witty character who uses the philosophical metaphor of 'touches' to convey various ideas related to self-reflection and introspection.",31,-0.32783931493759155,0.7204787805823523,0.23620126975318967,-48.41139486947213,9.444921374890166e-22,35,2.1386277971338683
8,qw_8714--28/28_287982.txt#0_0,10,"A melancholic, wise, and witty character who uses the philosophical metaphor of 'touches' to convey various ideas related to self-reflection and introspection.",32,-2.2473673820495605,0.10567706601714047,0.23749519109761957,-48.41139486947213,9.444921374890166e-22,35,2.1386277971338683
8,qw_8714--28/28_287982.txt#0_0,10,"A melancholic, wise, and witty character who uses the philosophical metaphor of 'touches' to convey various ideas related to self-reflection and introspection.",33,-0.002032359130680561,0.9979697047127437,0.002028232741515505,-48.41139486947213,9.444921374890166e-22,35,2.1386277971338683
8,qw_8714--28/28_287982.txt#0_0,10,"A melancholic, wise, and witty character who uses the philosophical metaphor of 'touches' to convey various ideas related to self-reflection and introspection.",34,-0.08422330021858215,0.9192259698157559,0.07742024472450976,-48.41139486947213,9.444921374890166e-22,35,2.1386277971338683
9,qb_637--10/10_282457.txt#0_0,1,bvlgari,0,-2.473747491836548,0.08426847113370792,0.20845891900791053,-4.529153490846511,0.010789805877405887,4,2.138220411726917
9,qb_637--10/10_282457.txt#0_0,1,bvlgari,1,-2.036983013153076,0.13042159815873527,0.26566657989762027,-4.529153490846511,0.010789805877405887,4,2.138220411726917
9,qb_637--10/10_282457.txt#0_0,1,bvlgari,2,-0.01826409250497818,0.9819016852382959,0.017933543109986183,-4.529153490846511,0.010789805877405887,4,2.138220411726917
9,qb_637--10/10_282457.txt#0_0,1,bvlgari,3,-0.00015889335190877318,0.9998411192709713,0.00015886800681716892,-4.529153490846511,0.010789805877405887,4,2.138220411726917
9,qb_637--10/10_282457.txt#0_0,2,Frédéric Cavaillès,0,-4.688591003417969,0.009199639288955912,0.043133345904889174,-14.356642335653305,5.82089083990028e-07,7,2.138220411726917
9,qb_637--10/10_282457.txt#0_0,2,Frédéric Cavaillès,1,-1.0638030767440796,0.3451407145850238,0.36716175398519857,-14.356642335653305,5.82089083990028e-07,7,2.138220411726917
9,qb_637--10/10_282457.txt#0_0,2,Frédéric Cavaillès,2,-0.5333280563354492,0.586649315249059,0.31287653895230283,-14.356642335653305,5.82089083990028e-07,7,2.138220411726917
9,qb_637--10/10_282457.txt#0_0,2,Frédéric Cavaillès,3,-0.7286043167114258,0.48258205199565524,0.3516113661514922,-14.356642335653305,5.82089083990028e-07,7,2.138220411726917
9,qb_637--10/10_282457.txt#0_0,2,Frédéric Cavaillès,4,-6.0178422927856445,0.0024349177706152873,0.014652951039464013,-14.356642335653305,5.82089083990028e-07,7,2.138220411726917
9,qb_637--10/10_282457.txt#0_0,2,Frédéric Cavaillès,5,-0.279830664396286,0.7559117333883518,0.2115272824790107,-14.356642335653305,5.82089083990028e-07,7,2.138220411726917
9,qb_637--10/10_282457.txt#0_0,2,Frédéric Cavaillès,6,-1.0446429252624512,0.3518174220656082,0.3675235808449113,-14.356642335653305,5.82089083990028e-07,7,2.138220411726917
9,qb_637--10/10_282457.txt#0_0,3,rogers,0,-1.3917162418365479,0.24864819778756211,0.3460477352643366,-2.733499526977539,0.06499145189920888,2,2.138220411726917
9,qb_637--10/10_282457.txt#0_0,3,rogers,1,-1.3417832851409912,0.26137913919141176,0.35071415995157684,-2.733499526977539,0.06499145189920888,2,2.138220411726917
9,qb_637--10/10_282457.txt#0_0,4,jostens,0,-2.637809991836548,0.0715177225734303,0.18865016309758867,-2.7138232067227364,0.06628290841039446,3,2.138220411726917
9,qb_637--10/10_282457.txt#0_0,4,jostens,1,-0.05730290338397026,0.9443079919555293,0.05411158952773861,-2.7138232067227364,0.06628290841039446,3,2.138220411726917
9,qb_637--10/10_282457.txt#0_0,4,jostens,2,-0.018710311502218246,0.9814636397922887,0.01836349032861464,-2.7138232067227364,0.06628290841039446,3,2.138220411726917
9,qb_637--10/10_282457.txt#0_0,5,sebring,0,-5.133903503417969,0.0058935101773741885,0.0302567124470508,-7.573232650756836,0.0005140280866280126,2,2.138220411726917
9,qb_637--10/10_282457.txt#0_0,5,sebring,1,-2.439329147338867,0.08721934316859603,0.21275668590290742,-7.573232650756836,0.0005140280866280126,2,2.138220411726917
9,qb_637--10/10_282457.txt#0_0,6,the rogers family of new england,0,-2.680778741836548,0.06850978194197686,0.183659566937909,-16.041146166739054,1.0799875186019118e-07,8,2.138220411726917
9,qb_637--10/10_282457.txt#0_0,6,the rogers family of new england,1,-3.742741346359253,0.023689074081467518,0.08866207692167583,-16.041146166739054,1.0799875186019118e-07,8,2.138220411726917
9,qb_637--10/10_282457.txt#0_0,6,the rogers family of new england,2,-2.033633232116699,0.13085921450524188,0.26611964724654746,-16.041146166739054,1.0799875186019118e-07,8,2.138220411726917
9,qb_637--10/10_282457.txt#0_0,6,the rogers family of new england,3,-0.9322659969329834,0.39366066507508307,0.3669964522795236,-16.041146166739054,1.0799875186019118e-07,8,2.138220411726917
9,qb_637--10/10_282457.txt#0_0,6,the rogers family of new england,4,-2.8563084602355957,0.05748056086588935,0.16418221220032686,-16.041146166739054,1.0799875186019118e-07,8,2.138220411726917
9,qb_637--10/10_282457.txt#0_0,6,the rogers family of new england,5,-1.709921956062317,0.1808799086465982,0.30929052710536437,-16.041146166739054,1.0799875186019118e-07,8,2.138220411726917
9,qb_637--10/10_282457.txt#0_0,6,the rogers family of new england,6,-2.0846598148345947,0.1243494147976093,0.2592262279267744,-16.041146166739054,1.0799875186019118e-07,8,2.138220411726917
9,qb_637--10/10_282457.txt#0_0,6,the rogers family of new england,7,-0.0008366183610633016,0.9991637315065024,0.000835918623486847,-16.041146166739054,1.0799875186019118e-07,8,2.138220411726917
9,qb_637--10/10_282457.txt#0_0,7,new york,0,-3.290153741836548,0.037248122361244876,0.12255204906323541,-3.7423964142799377,0.023697246612450512,2,2.138220411726917
9,qb_637--10/10_282457.txt#0_0,7,new york,1,-0.4522426724433899,0.6361997628397643,0.28771668085450586,-3.7423964142799377,0.023697246612450512,2,2.138220411726917
9,qb_637--10/10_282457.txt#0_0,8,roger taylor,0,-1.3917162418365479,0.24864819778756211,0.3460477352643366,-8.40646779537201,0.00022341762158378106,4,2.138220411726917
9,qb_637--10/10_282457.txt#0_0,8,roger taylor,1,-3.144517660140991,0.04308770195150658,0.13549003962140388,-8.40646779537201,0.00022341762158378106,4,2.138220411726917
9,qb_637--10/10_282457.txt#0_0,8,roger taylor,2,-2.7610912322998047,0.06322274000752848,0.174563753016757,-8.40646779537201,0.00022341762158378106,4,2.138220411726917
9,qb_637--10/10_282457.txt#0_0,8,roger taylor,3,-1.1091426610946655,0.3298416259466022,0.3658414186422057,-8.40646779537201,0.00022341762158378106,4,2.138220411726917
9,qb_637--10/10_282457.txt#0_0,9,the roman numeral society of the united states,0,-2.680778741836548,0.06850978194197686,0.183659566937909,-17.018503179308027,4.064040048349518e-08,9,2.138220411726917
9,qb_637--10/10_282457.txt#0_0,9,the roman numeral society of the united states,1,-4.094304084777832,0.016667341304391525,0.0682411634849565,-17.018503179308027,4.064040048349518e-08,9,2.138220411726917
9,qb_637--10/10_282457.txt#0_0,9,the roman numeral society of the united states,2,-0.3952142298221588,0.6735357323518397,0.26619090561913605,-17.018503179308027,4.064040048349518e-08,9,2.138220411726917
9,qb_637--10/10_282457.txt#0_0,9,the roman numeral society of the united states,3,-0.007352436427026987,0.9926745266118683,0.007298576249642832,-17.018503179308027,4.064040048349518e-08,9,2.138220411726917
9,qb_637--10/10_282457.txt#0_0,9,the roman numeral society of the united states,4,-5.441494464874268,0.004333002908960947,0.023578011245395096,-17.018503179308027,4.064040048349518e-08,9,2.138220411726917
9,qb_637--10/10_282457.txt#0_0,9,the roman numeral society of the united states,5,-1.077348232269287,0.3404972491535897,0.36683410936817484,-17.018503179308027,4.064040048349518e-08,9,2.138220411726917
9,qb_637--10/10_282457.txt#0_0,9,the roman numeral society of the united states,6,-2.7751126289367676,0.062342454729851206,0.1730073333397288,-17.018503179308027,4.064040048349518e-08,9,2.138220411726917
9,qb_637--10/10_282457.txt#0_0,9,the roman numeral society of the united states,7,-0.5386876463890076,0.5835135261923875,0.3143315279607278,-17.018503179308027,4.064040048349518e-08,9,2.138220411726917
9,qb_637--10/10_282457.txt#0_0,9,the roman numeral society of the united states,8,-0.008210713975131512,0.9918229018705779,0.008143574061244222,-17.018503179308027,4.064040048349518e-08,9,2.138220411726917
9,qb_637--10/10_282457.txt#0_0,10,robert greenberg,0,-1.3917162418365479,0.24864819778756211,0.3460477352643366,-7.518319398164749,0.0005430444408655075,4,2.138220411726917
9,qb_637--10/10_282457.txt#0_0,10,robert greenberg,1,-1.2753770351409912,0.2793256327857349,0.3562454972811518,-7.518319398164749,0.0005430444408655075,4,2.138220411726917
9,qb_637--10/10_282457.txt#0_0,10,robert greenberg,2,-4.587963104248047,0.010173559763590152,0.0466759167342141,-7.518319398164749,0.0005430444408655075,4,2.138220411726917
9,qb_637--10/10_282457.txt#0_0,10,robert greenberg,3,-0.2632630169391632,0.768539731757971,0.20232808832021865,-7.518319398164749,0.0005430444408655075,4,2.138220411726917
10,sfq_8322--184/184_1656059.txt#0_0,1,sir charles eck parry.,0,-5.135024070739746,0.005886909801232428,0.030229423431602252,-23.336002672091126,7.333356698493801e-11,8,2.134920527008191
10,sfq_8322--184/184_1656059.txt#0_0,1,sir charles eck parry.,1,-2.7121567726135254,0.06639345659487719,0.1800694628610183,-23.336002672091126,7.333356698493801e-11,8,2.134920527008191
10,sfq_8322--184/184_1656059.txt#0_0,1,sir charles eck parry.,2,-0.02642735280096531,0.9739187937380651,0.025738095461606405,-23.336002672091126,7.333356698493801e-11,8,2.134920527008191
10,sfq_8322--184/184_1656059.txt#0_0,1,sir charles eck parry.,3,-5.233041763305664,0.005337265887021706,0.027930135188651242,-23.336002672091126,7.333356698493801e-11,8,2.134920527008191
10,sfq_8322--184/184_1656059.txt#0_0,1,sir charles eck parry.,4,-0.5986266732215881,0.5495658515838036,0.3289847773498014,-23.336002672091126,7.333356698493801e-11,8,2.134920527008191
10,sfq_8322--184/184_1656059.txt#0_0,1,sir charles eck parry.,5,-5.824828624725342,0.002953310233359717,0.017202525884967963,-23.336002672091126,7.333356698493801e-11,8,2.134920527008191
10,sfq_8322--184/184_1656059.txt#0_0,1,sir charles eck parry.,6,-0.6568633913993835,0.5184750399657734,0.3405672730078488,-23.336002672091126,7.333356698493801e-11,8,2.134920527008191
10,sfq_8322--184/184_1656059.txt#0_0,1,sir charles eck parry.,7,-3.149034023284912,0.042893541023120624,0.13507321996097396,-23.336002672091126,7.333356698493801e-11,8,2.134920527008191
10,sfq_8322--184/184_1656059.txt#0_0,2,Chaim Witz,0,-3.115492820739746,0.04435664188703686,0.13819279925118724,-7.55783162266016,0.0005220059233876176,4,2.134920527008191
10,sfq_8322--184/184_1656059.txt#0_0,2,Chaim Witz,1,-0.08583173900842667,0.9177486395254411,0.07877196160308628,-7.55783162266016,0.0005220059233876176,4,2.134920527008191
10,sfq_8322--184/184_1656059.txt#0_0,2,Chaim Witz,2,-4.178191661834717,0.015326197470639619,0.06403579037945879,-7.55783162266016,0.0005220059233876176,4,2.134920527008191
10,sfq_8322--184/184_1656059.txt#0_0,2,Chaim Witz,3,-0.1783154010772705,0.8366784925710221,0.14919266087552793,-7.55783162266016,0.0005220059233876176,4,2.134920527008191
10,sfq_8322--184/184_1656059.txt#0_0,3,charles-henry wilkinson,0,-1.5549458265304565,0.21120082381246075,0.3284058394469801,-19.28694329969585,4.205202870180437e-09,7,2.134920527008191
10,sfq_8322--184/184_1656059.txt#0_0,3,charles-henry wilkinson,1,-0.026975078508257866,0.97338549944075,0.02625715016621401,-19.28694329969585,4.205202870180437e-09,7,2.134920527008191
10,sfq_8322--184/184_1656059.txt#0_0,3,charles-henry wilkinson,2,-4.12532901763916,0.016158177388110172,0.06665779795133182,-19.28694329969585,4.205202870180437e-09,7,2.134920527008191
10,sfq_8322--184/184_1656059.txt#0_0,3,charles-henry wilkinson,3,-4.300756454467773,0.013558298896259433,0.05831094138969105,-19.28694329969585,4.205202870180437e-09,7,2.134920527008191
10,sfq_8322--184/184_1656059.txt#0_0,3,charles-henry wilkinson,4,-0.2540186047554016,0.7756773706244788,0.1970364833263687,-19.28694329969585,4.205202870180437e-09,7,2.134920527008191
10,sfq_8322--184/184_1656059.txt#0_0,3,charles-henry wilkinson,5,-6.625268459320068,0.0013264242922611223,0.008787916927193561,-19.28694329969585,4.205202870180437e-09,7,2.134920527008191
10,sfq_8322--184/184_1656059.txt#0_0,3,charles-henry wilkinson,6,-2.3996498584747314,0.09074972297356476,0.21776755979013576,-19.28694329969585,4.205202870180437e-09,7,2.134920527008191
10,sfq_8322--184/184_1656059.txt#0_0,4,charles anderson,0,-1.5549458265304565,0.21120082381246075,0.3284058394469801,-5.767792237922549,0.0031266528052759633,4,2.134920527008191
10,sfq_8322--184/184_1656059.txt#0_0,4,charles anderson,1,-0.026975078508257866,0.97338549944075,0.02625715016621401,-5.767792237922549,0.0031266528052759633,4,2.134920527008191
10,sfq_8322--184/184_1656059.txt#0_0,4,charles anderson,2,-3.988610029220581,0.018525446061053722,0.07389077985490379,-5.767792237922549,0.0031266528052759633,4,2.134920527008191
10,sfq_8322--184/184_1656059.txt#0_0,4,charles anderson,3,-0.19726130366325378,0.8209760812247877,0.1619468119587509,-5.767792237922549,0.0031266528052759633,4,2.134920527008191
10,sfq_8322--184/184_1656059.txt#0_0,5,"jim cugnot (also known as jim cugnot, or jimmi, or charlie cugnot)",0,-2.947524070739746,0.052469455917452563,0.15465498419530946,-50.54549792967737,1.1178130205882484e-22,26,2.134920527008191
10,sfq_8322--184/184_1656059.txt#0_0,5,"jim cugnot (also known as jim cugnot, or jimmi, or charlie cugnot)",1,-5.303967475891113,0.004971829112525169,0.026370419808522078,-50.54549792967737,1.1178130205882484e-22,26,2.134920527008191
10,sfq_8322--184/184_1656059.txt#0_0,5,"jim cugnot (also known as jim cugnot, or jimmi, or charlie cugnot)",2,-4.417054653167725,0.012069729522839629,0.05331265485133465,-50.54549792967737,1.1178130205882484e-22,26,2.134920527008191
10,sfq_8322--184/184_1656059.txt#0_0,5,"jim cugnot (also known as jim cugnot, or jimmi, or charlie cugnot)",3,-1.3998596668243408,0.24663157210494424,0.34524959025519064,-50.54549792967737,1.1178130205882484e-22,26,2.134920527008191
10,sfq_8322--184/184_1656059.txt#0_0,5,"jim cugnot (also known as jim cugnot, or jimmi, or charlie cugnot)",4,-5.797438144683838,0.003035320846161043,0.017597084754888057,-50.54549792967737,1.1178130205882484e-22,26,2.134920527008191
10,sfq_8322--184/184_1656059.txt#0_0,5,"jim cugnot (also known as jim cugnot, or jimmi, or charlie cugnot)",5,-0.11934277415275574,0.8875035353453733,0.1059171338784951,-50.54549792967737,1.1178130205882484e-22,26,2.134920527008191
10,sfq_8322--184/184_1656059.txt#0_0,5,"jim cugnot (also known as jim cugnot, or jimmi, or charlie cugnot)",6,-2.06886887550354,0.12632859428800905,0.2613572967085762,-50.54549792967737,1.1178130205882484e-22,26,2.134920527008191
10,sfq_8322--184/184_1656059.txt#0_0,5,"jim cugnot (also known as jim cugnot, or jimmi, or charlie cugnot)",7,-0.26660019159317017,0.765979255199566,0.20421021609259804,-50.54549792967737,1.1178130205882484e-22,26,2.134920527008191
10,sfq_8322--184/184_1656059.txt#0_0,5,"jim cugnot (also known as jim cugnot, or jimmi, or charlie cugnot)",8,-0.0369369313120842,0.9637369150551137,0.03559748413431063,-50.54549792967737,1.1178130205882484e-22,26,2.134920527008191
10,sfq_8322--184/184_1656059.txt#0_0,5,"jim cugnot (also known as jim cugnot, or jimmi, or charlie cugnot)",9,-1.0477757453918457,0.3507169660293413,0.3674727304029597,-50.54549792967737,1.1178130205882484e-22,26,2.134920527008191
10,sfq_8322--184/184_1656059.txt#0_0,5,"jim cugnot (also known as jim cugnot, or jimmi, or charlie cugnot)",10,-1.3258230686187744,0.2655842750228647,0.352117758387707,-50.54549792967737,1.1178130205882484e-22,26,2.134920527008191
10,sfq_8322--184/184_1656059.txt#0_0,5,"jim cugnot (also known as jim cugnot, or jimmi, or charlie cugnot)",11,-0.06841076910495758,0.9338767870473662,0.06388722915117699,-50.54549792967737,1.1178130205882484e-22,26,2.134920527008191
10,sfq_8322--184/184_1656059.txt#0_0,5,"jim cugnot (also known as jim cugnot, or jimmi, or charlie cugnot)",12,-0.027602987363934517,0.9727744939136297,0.026851481963455704,-50.54549792967737,1.1178130205882484e-22,26,2.134920527008191
10,sfq_8322--184/184_1656059.txt#0_0,5,"jim cugnot (also known as jim cugnot, or jimmi, or charlie cugnot)",13,-2.998877763748169,0.049842972583860445,0.14947298206084872,-50.54549792967737,1.1178130205882484e-22,26,2.134920527008191
10,sfq_8322--184/184_1656059.txt#0_0,5,"jim cugnot (also known as jim cugnot, or jimmi, or charlie cugnot)",14,-4.286345958709717,0.013755095266027762,0.058959096905205254,-50.54549792967737,1.1178130205882484e-22,26,2.134920527008191
10,sfq_8322--184/184_1656059.txt#0_0,5,"jim cugnot (also known as jim cugnot, or jimmi, or charlie cugnot)",15,-1.965275526046753,0.1401172753378976,0.27536905189792443,-50.54549792967737,1.1178130205882484e-22,26,2.134920527008191
10,sfq_8322--184/184_1656059.txt#0_0,5,"jim cugnot (also known as jim cugnot, or jimmi, or charlie cugnot)",16,-2.0382065773010254,0.1302621165549931,0.2655011026355397,-50.54549792967737,1.1178130205882484e-22,26,2.134920527008191
10,sfq_8322--184/184_1656059.txt#0_0,5,"jim cugnot (also known as jim cugnot, or jimmi, or charlie cugnot)",17,-2.2843658924102783,0.10183861827711796,0.23263666602243827,-50.54549792967737,1.1178130205882484e-22,26,2.134920527008191
10,sfq_8322--184/184_1656059.txt#0_0,5,"jim cugnot (also known as jim cugnot, or jimmi, or charlie cugnot)",18,-3.872485876083374,0.020806582498132584,0.08057319675358196,-50.54549792967737,1.1178130205882484e-22,26,2.134920527008191
10,sfq_8322--184/184_1656059.txt#0_0,5,"jim cugnot (also known as jim cugnot, or jimmi, or charlie cugnot)",19,-1.5769968032836914,0.20659461173833257,0.32579904218698585,-50.54549792967737,1.1178130205882484e-22,26,2.134920527008191
10,sfq_8322--184/184_1656059.txt#0_0,5,"jim cugnot (also known as jim cugnot, or jimmi, or charlie cugnot)",20,-4.826200485229492,0.00801692389250966,0.03869128188007803,-50.54549792967737,1.1178130205882484e-22,26,2.134920527008191
10,sfq_8322--184/184_1656059.txt#0_0,5,"jim cugnot (also known as jim cugnot, or jimmi, or charlie cugnot)",21,-0.4067945182323456,0.6657809821000022,0.2708360537616283,-50.54549792967737,1.1178130205882484e-22,26,2.134920527008191
10,sfq_8322--184/184_1656059.txt#0_0,5,"jim cugnot (also known as jim cugnot, or jimmi, or charlie cugnot)",22,-1.0339325666427612,0.35560576386029935,0.3676723800410389,-50.54549792967737,1.1178130205882484e-22,26,2.134920527008191
10,sfq_8322--184/184_1656059.txt#0_0,5,"jim cugnot (also known as jim cugnot, or jimmi, or charlie cugnot)",23,-0.06058467924594879,0.9412140643465422,0.0570231520902111,-50.54549792967737,1.1178130205882484e-22,26,2.134920527008191
10,sfq_8322--184/184_1656059.txt#0_0,5,"jim cugnot (also known as jim cugnot, or jimmi, or charlie cugnot)",24,-0.03253757581114769,0.9679860762859315,0.03149592024128889,-50.54549792967737,1.1178130205882484e-22,26,2.134920527008191
10,sfq_8322--184/184_1656059.txt#0_0,5,"jim cugnot (also known as jim cugnot, or jimmi, or charlie cugnot)",25,-0.33568835258483887,0.7148458509669717,0.23996542596321,-50.54549792967737,1.1178130205882484e-22,26,2.134920527008191
10,sfq_8322--184/184_1656059.txt#0_0,6,mark hammill,0,-4.207289695739746,0.014886661091588548,0.0626324957146103,-7.301369860768318,0.0006746140146694205,3,2.134920527008191
10,sfq_8322--184/184_1656059.txt#0_0,6,mark hammill,1,-2.9908342361450195,0.050245502620141075,0.15027596934863222,-7.301369860768318,0.0006746140146694205,3,2.134920527008191
10,sfq_8322--184/184_1656059.txt#0_0,6,mark hammill,2,-0.10324592888355255,0.9019051416806472,0.09311803401767044,-7.301369860768318,0.0006746140146694205,3,2.134920527008191
10,sfq_8322--184/184_1656059.txt#0_0,7,chekhov,0,-5.140883445739746,0.005852517047534831,0.030087107905581466,-8.206813605502248,0.0002727885498675166,3,2.134920527008191
10,sfq_8322--184/184_1656059.txt#0_0,7,chekhov,1,-3.063602924346924,0.046719066362232976,0.14312866823009493,-8.206813605502248,0.0002727885498675166,3,2.134920527008191
10,sfq_8322--184/184_1656059.txt#0_0,7,chekhov,2,-0.0023272354155778885,0.9976754704972561,0.002321825588194522,-8.206813605502248,0.0002727885498675166,3,2.134920527008191
10,sfq_8322--184/184_1656059.txt#0_0,8,terry jones,0,-5.074477195739746,0.006254355388686205,0.03173758369394015,-5.945293992757797,0.002618132523206552,4,2.134920527008191
10,sfq_8322--184/184_1656059.txt#0_0,8,terry jones,1,-0.024850398302078247,0.97545583096176,0.024240465825484385,-5.945293992757797,0.002618132523206552,4,2.134920527008191
10,sfq_8322--184/184_1656059.txt#0_0,8,terry jones,2,-0.609799861907959,0.5434596251635002,0.3314016042772536,-5.945293992757797,0.002618132523206552,4,2.134920527008191
10,sfq_8322--184/184_1656059.txt#0_0,8,terry jones,3,-0.23616653680801392,0.7896491573318163,0.18648870668042158,-5.945293992757797,0.002618132523206552,4,2.134920527008191
10,sfq_8322--184/184_1656059.txt#0_0,9,chris rucker,0,-2.445570945739746,0.08667663311724554,0.21197385552607914,-14.23459279537201,6.576501096037045e-07,4,2.134920527008191
10,sfq_8322--184/184_1656059.txt#0_0,9,chris rucker,1,-1.040796160697937,0.35317338722526714,0.3675815053847439,-14.23459279537201,6.576501096037045e-07,4,2.134920527008191
10,sfq_8322--184/184_1656059.txt#0_0,9,chris rucker,2,-3.583545684814453,0.02777703483331493,0.09954027321386646,-14.23459279537201,6.576501096037045e-07,4,2.134920527008191
10,sfq_8322--184/184_1656059.txt#0_0,9,chris rucker,3,-7.164680004119873,0.0007734264311423447,0.00554135278586336,-14.23459279537201,6.576501096037045e-07,4,2.134920527008191
10,sfq_8322--184/184_1656059.txt#0_0,10,Little Jimmy Osmond,0,-5.352797508239746,0.0047348865701927565,0.025344888934725623,-8.828385505825281,0.00014651459559641554,5,2.134920527008191
10,sfq_8322--184/184_1656059.txt#0_0,10,Little Jimmy Osmond,1,-3.3454113006591797,0.03524571558992226,0.11791141513434536,-8.828385505825281,0.00014651459559641554,5,2.134920527008191
10,sfq_8322--184/184_1656059.txt#0_0,10,Little Jimmy Osmond,2,-0.05289248377084732,0.9484819842067534,0.05016756785659678,-8.828385505825281,0.00014651459559641554,5,2.134920527008191
10,sfq_8322--184/184_1656059.txt#0_0,10,Little Jimmy Osmond,3,-0.05064964294433594,0.9506116656996919,0.048148141346409865,-8.828385505825281,0.00014651459559641554,5,2.134920527008191
10,sfq_8322--184/184_1656059.txt#0_0,10,Little Jimmy Osmond,4,-0.026634570211172104,0.9737170017160072,0.025934533748016964,-8.828385505825281,0.00014651459559641554,5,2.134920527008191
