question_id,question,generated_answers,mu,sigma,se_before,se_after_samples,se_mean,se_std,delta_se,mean_noise,correctness,correctness_bool,se_after_len
qw_11463--117/117_93387.txt#0_0,What is the name for a natural satellite that orbits a planet?,"['What is the name for a natural satellite that orbits a planet? moon', 'What is the name for a natural satellite that orbits a planet? moon', 'What is the name for a natural satellite that orbits a planet? moon', 'What is the name for a natural satellite that orbits a planet? moon', 'What is the name for a natural satellite that orbits a planet? MOON', 'What is the name for a natural satellite that orbits a planet? moon', 'What is the name for a natural satellite that orbits a planet? moon', 'What is the name for a natural satellite that orbits a planet? moon', 'What is the name for a natural satellite that orbits a planet? moon', 'What is the name for a natural satellite that orbits a planet? moon']",0.0,0.5,-0.0,"[-2.220446049250313e-16, -2.220446049250313e-16, -0.0, -0.0, -2.220446049250313e-16, -2.220446049250313e-16, -0.0, 2.2204460492503128e-16, -0.0, -0.0, -0.0, 1.1102230246251565e-16, 1.1102230246251565e-16, -2.220446049250313e-16, -0.0, -2.220446049250313e-16, -0.0, 1.1102230246251565e-16, -0.0, -2.220446049250313e-16, -2.220446049250313e-16, -4.440892098500627e-16, 2.2204460492503128e-16, -2.220446049250313e-16, -0.0, -2.220446049250313e-16, -2.220446049250313e-16, -0.0, 1.1102230246251565e-16, -0.0, -0.0, -2.220446049250313e-16, 1.1102230246251565e-16, -0.0, 1.1102230246251565e-16, -4.440892098500627e-16, 3.330669073875469e-16, -0.0, -2.220446049250313e-16, -0.0, -0.0, -2.220446049250313e-16, -2.220446049250313e-16, -0.0, 1.1102230246251565e-16, 1.1102230246251565e-16, -2.220446049250313e-16, -2.220446049250313e-16, -0.0, -2.220446049250313e-16, 2.2204460492503128e-16, -2.220446049250313e-16, 1.1102230246251565e-16, -2.220446049250313e-16, -0.0, -0.0, 2.2204460492503128e-16, 1.1102230246251565e-16, -2.220446049250313e-16, -2.220446049250313e-16, 1.1102230246251565e-16, -0.0, -0.0, -4.440892098500627e-16, -2.220446049250313e-16, -0.0, -0.0, -2.220446049250313e-16, 2.2204460492503128e-16, 1.1102230246251565e-16, -0.0, -2.220446049250313e-16, 1.1102230246251565e-16, 3.330669073875469e-16, 2.2204460492503128e-16, -4.440892098500627e-16, 1.1102230246251565e-16, -0.0, -4.440892098500627e-16, -2.220446049250313e-16, -0.0, 1.1102230246251565e-16, -2.220446049250313e-16, 1.1102230246251565e-16, -0.0, -0.0, -0.0, -2.220446049250313e-16, -0.0, -4.440892098500627e-16, -0.0, -2.220446049250313e-16, -2.220446049250313e-16, -0.0, -2.220446049250313e-16, -2.220446049250313e-16, -2.220446049250313e-16, -0.0, -2.220446049250313e-16, -0.0]",-6.439293542825907e-17,1.7776054015095463e-16,-6.439293542825907e-17,-5.589571446766323e-05,1,True,100
qw_11463--117/117_93387.txt#0_0,What is the name for a natural satellite that orbits a planet?,"['What is the name for a natural satellite that orbits a planet? moon', 'What is the name for a natural satellite that orbits a planet? moon', 'What is the name for a natural satellite that orbits a planet? moon', 'What is the name for a natural satellite that orbits a planet? moon', 'What is the name for a natural satellite that orbits a planet? MOON', 'What is the name for a natural satellite that orbits a planet? moon', 'What is the name for a natural satellite that orbits a planet? moon', 'What is the name for a natural satellite that orbits a planet? moon', 'What is the name for a natural satellite that orbits a planet? moon', 'What is the name for a natural satellite that orbits a planet? moon']",0.0,1.0,-0.0,"[-0.0, -2.220446049250313e-16, -2.220446049250313e-16, -2.220446049250313e-16, 1.1102230246251565e-16, -0.0, -0.0, -0.0, -2.220446049250313e-16, -0.0, -2.220446049250313e-16, -0.0, -4.440892098500627e-16, 1.1102230246251565e-16, -0.0, -2.220446049250313e-16, -0.0, -0.0, -0.0, -2.220446049250313e-16, 2.2204460492503128e-16, -2.220446049250313e-16, -0.0, -0.0, -0.0, 1.1102230246251565e-16, -0.0, -0.0, -2.220446049250313e-16, -0.0, 1.1102230246251565e-16, 1.1102230246251565e-16, -2.220446049250313e-16, -0.0, 3.330669073875469e-16, -4.440892098500627e-16, -0.0, 1.1102230246251565e-16, 1.1102230246251565e-16, -2.220446049250313e-16, 1.1102230246251565e-16, -2.220446049250313e-16, 1.1102230246251565e-16, -0.0, 1.1102230246251565e-16, 1.1102230246251565e-16, -2.220446049250313e-16, -0.0, -0.0, -2.220446049250313e-16, -0.0, 2.2204460492503128e-16, -2.220446049250313e-16, -0.0, 2.2204460492503128e-16, -2.220446049250313e-16, 1.1102230246251565e-16, -0.0, 2.2204460492503128e-16, 1.1102230246251565e-16, 4.4408920985006257e-16, -2.220446049250313e-16, 2.2204460492503128e-16, -2.220446049250313e-16, -2.220446049250313e-16, -0.0, -0.0, -2.220446049250313e-16, -2.220446049250313e-16, 1.1102230246251565e-16, -0.0, 2.2204460492503128e-16, -2.220446049250313e-16, 1.1102230246251565e-16, -2.220446049250313e-16, -2.220446049250313e-16, -2.220446049250313e-16, -0.0, -0.0, -2.220446049250313e-16, 2.2204460492503128e-16, 1.1102230246251565e-16, -4.440892098500627e-16, -2.220446049250313e-16, -2.220446049250313e-16, -0.0, 1.1102230246251565e-16, -2.220446049250313e-16, 1.1102230246251565e-16, -2.220446049250313e-16, -0.0, -2.220446049250313e-16, -0.0, 1.1102230246251565e-16, -0.0, -2.220446049250313e-16, -2.220446049250313e-16, -0.0, 2.2204460492503128e-16, -0.0]",-3.9968028886505634e-17,1.7308088535643655e-16,-3.9968028886505634e-17,-0.000523777193468668,1,True,100
qw_11463--117/117_93387.txt#0_0,What is the name for a natural satellite that orbits a planet?,"['What is the name for a natural satellite that orbits a planet? moon', 'What is the name for a natural satellite that orbits a planet? moon', 'What is the name for a natural satellite that orbits a planet? moon', 'What is the name for a natural satellite that orbits a planet? moon', 'What is the name for a natural satellite that orbits a planet? MOON', 'What is the name for a natural satellite that orbits a planet? moon', 'What is the name for a natural satellite that orbits a planet? moon', 'What is the name for a natural satellite that orbits a planet? moon', 'What is the name for a natural satellite that orbits a planet? moon', 'What is the name for a natural satellite that orbits a planet? moon']",0.0,2.0,-0.0,"[1.1102230246251565e-16, -2.220446049250313e-16, -0.0, -2.220446049250313e-16, -0.0, -2.220446049250313e-16, 1.1102230246251565e-16, -4.440892098500627e-16, -2.220446049250313e-16, 1.1102230246251565e-16, -2.220446049250313e-16, -0.0, -2.220446049250313e-16, -0.0, -0.0, -0.0, -0.0, 1.1102230246251565e-16, -0.0, -0.0, -2.220446049250313e-16, -0.0, 1.1102230246251565e-16, -2.220446049250313e-16, 2.2204460492503128e-16, -0.0, -0.0, -0.0, 1.1102230246251565e-16, -0.0, -0.0, 1.1102230246251565e-16, -2.220446049250313e-16, -2.220446049250313e-16, -2.220446049250313e-16, -2.220446049250313e-16, -0.0, -0.0, 1.1102230246251565e-16, -2.220446049250313e-16, -2.220446049250313e-16, -2.220446049250313e-16, -0.0, -0.0, -0.0, -0.0, -0.0, -0.0, 2.2204460492503128e-16, -0.0, -0.0, -0.0, -0.0, 2.2204460492503128e-16, -2.220446049250313e-16, -2.220446049250313e-16, -2.220446049250313e-16, 1.1102230246251565e-16, -0.0, -4.440892098500627e-16, -2.220446049250313e-16, -0.0, -0.0, -2.220446049250313e-16, -4.440892098500627e-16, 1.1102230246251565e-16, -0.0, -0.0, -2.220446049250313e-16, -2.220446049250313e-16, -0.0, -2.220446049250313e-16, -2.220446049250313e-16, -0.0, -0.0, -2.220446049250313e-16, -2.220446049250313e-16, -0.0, -0.0, -2.220446049250313e-16, -2.220446049250313e-16, -0.0, -0.0, -2.220446049250313e-16, -2.220446049250313e-16, -2.220446049250313e-16, -0.0, -4.440892098500627e-16, -0.0, -2.220446049250313e-16, 2.2204460492503128e-16, -2.220446049250313e-16, 1.1102230246251565e-16, -0.0, -2.220446049250313e-16, -2.220446049250313e-16, -2.220446049250313e-16, 1.1102230246251565e-16, -0.0, -2.220446049250313e-16]",-7.771561172376095e-17,1.5343587468447387e-16,-7.771561172376095e-17,0.00028867252801715134,1,True,100
qw_11463--117/117_93387.txt#0_0,What is the name for a natural satellite that orbits a planet?,"['What is the name for a natural satellite that orbits a planet? moon', 'What is the name for a natural satellite that orbits a planet? moon', 'What is the name for a natural satellite that orbits a planet? moon', 'What is the name for a natural satellite that orbits a planet? moon', 'What is the name for a natural satellite that orbits a planet? MOON', 'What is the name for a natural satellite that orbits a planet? moon', 'What is the name for a natural satellite that orbits a planet? moon', 'What is the name for a natural satellite that orbits a planet? moon', 'What is the name for a natural satellite that orbits a planet? moon', 'What is the name for a natural satellite that orbits a planet? moon']",0.5,0.5,-0.0,"[-2.220446049250313e-16, -0.0, -0.0, -2.220446049250313e-16, -2.220446049250313e-16, -2.220446049250313e-16, -2.220446049250313e-16, -2.220446049250313e-16, 1.1102230246251565e-16, 2.2204460492503128e-16, -2.220446049250313e-16, 1.1102230246251565e-16, 1.1102230246251565e-16, -0.0, -2.220446049250313e-16, -0.0, -0.0, -2.220446049250313e-16, 1.1102230246251565e-16, -0.0, -0.0, -0.0, -2.220446049250313e-16, -0.0, 2.2204460492503128e-16, -0.0, -0.0, -2.220446049250313e-16, 2.2204460492503128e-16, 1.1102230246251565e-16, 2.2204460492503128e-16, -0.0, -2.220446049250313e-16, 1.1102230246251565e-16, -0.0, -0.0, -2.220446049250313e-16, -4.440892098500627e-16, -2.220446049250313e-16, -0.0, -2.220446049250313e-16, -2.220446049250313e-16, 1.1102230246251565e-16, -2.220446049250313e-16, -2.220446049250313e-16, 1.1102230246251565e-16, -0.0, -0.0, -0.0, -2.220446049250313e-16, -0.0, -0.0, -2.220446049250313e-16, -2.220446049250313e-16, 1.1102230246251565e-16, -4.440892098500627e-16, -0.0, 1.1102230246251565e-16, -0.0, -2.220446049250313e-16, -2.220446049250313e-16, -0.0, 2.2204460492503128e-16, -2.220446049250313e-16, 1.1102230246251565e-16, -4.440892098500627e-16, 2.2204460492503128e-16, -2.220446049250313e-16, 1.1102230246251565e-16, 2.2204460492503128e-16, -0.0, -0.0, 3.330669073875469e-16, -2.220446049250313e-16, -2.220446049250313e-16, -4.440892098500627e-16, -2.220446049250313e-16, -0.0, -0.0, -0.0, 1.1102230246251565e-16, -2.220446049250313e-16, -0.0, -0.0, -2.220446049250313e-16, -2.220446049250313e-16, -0.0, -0.0, -2.220446049250313e-16, -0.0, -0.0, -0.0, -0.0, -0.0, 2.2204460492503128e-16, 2.2204460492503128e-16, -0.0, 2.2204460492503128e-16, -4.440892098500627e-16, 1.1102230246251565e-16]",-5.2180482157382354e-17,1.7515857454682407e-16,-5.2180482157382354e-17,0.5000170036886492,1,True,100
qw_11463--117/117_93387.txt#0_0,What is the name for a natural satellite that orbits a planet?,"['What is the name for a natural satellite that orbits a planet? moon', 'What is the name for a natural satellite that orbits a planet? moon', 'What is the name for a natural satellite that orbits a planet? moon', 'What is the name for a natural satellite that orbits a planet? moon', 'What is the name for a natural satellite that orbits a planet? MOON', 'What is the name for a natural satellite that orbits a planet? moon', 'What is the name for a natural satellite that orbits a planet? moon', 'What is the name for a natural satellite that orbits a planet? moon', 'What is the name for a natural satellite that orbits a planet? moon', 'What is the name for a natural satellite that orbits a planet? moon']",0.5,1.0,-0.0,"[-0.0, 1.1102230246251565e-16, 2.2204460492503128e-16, -2.220446049250313e-16, -2.220446049250313e-16, -2.220446049250313e-16, 2.2204460492503128e-16, 1.1102230246251565e-16, -2.220446049250313e-16, 2.2204460492503128e-16, -0.0, -2.220446049250313e-16, -0.0, -0.0, -2.220446049250313e-16, -2.220446049250313e-16, 2.2204460492503128e-16, -0.0, -2.220446049250313e-16, -0.0, -0.0, -2.220446049250313e-16, -0.0, -2.220446049250313e-16, -2.220446049250313e-16, -4.440892098500627e-16, -2.220446049250313e-16, -2.220446049250313e-16, 2.2204460492503128e-16, -0.0, -4.440892098500627e-16, -2.220446049250313e-16, 1.1102230246251565e-16, -4.440892098500627e-16, -0.0, -2.220446049250313e-16, -0.0, -0.0, -2.220446049250313e-16, -0.0, -4.440892098500627e-16, -0.0, -0.0, -2.220446049250313e-16, -0.0, 1.1102230246251565e-16, -0.0, -2.220446049250313e-16, -0.0, -2.220446049250313e-16, 2.2204460492503128e-16, 2.2204460492503128e-16, -2.220446049250313e-16, -2.220446049250313e-16, 2.2204460492503128e-16, -0.0, -2.220446049250313e-16, -2.220446049250313e-16, -0.0, 2.2204460492503128e-16, -0.0, -2.220446049250313e-16, -2.220446049250313e-16, -0.0, 1.1102230246251565e-16, -0.0, -0.0, -0.0, -2.220446049250313e-16, -0.0, -0.0, -0.0, -0.0, -0.0, -0.0, -0.0, -2.220446049250313e-16, -2.220446049250313e-16, 1.1102230246251565e-16, -0.0, -0.0, -0.0, -2.220446049250313e-16, -4.440892098500627e-16, 1.1102230246251565e-16, -2.220446049250313e-16, 2.2204460492503128e-16, -2.220446049250313e-16, -4.440892098500627e-16, -2.220446049250313e-16, -0.0, -0.0, -0.0, -2.220446049250313e-16, 2.2204460492503128e-16, -0.0, -2.220446049250313e-16, -4.440892098500627e-16, 1.1102230246251565e-16, -0.0]",-7.327471962526034e-17,1.7778827406798916e-16,-7.327471962526034e-17,0.49996241787654283,1,True,100
qw_11463--117/117_93387.txt#0_0,What is the name for a natural satellite that orbits a planet?,"['What is the name for a natural satellite that orbits a planet? moon', 'What is the name for a natural satellite that orbits a planet? moon', 'What is the name for a natural satellite that orbits a planet? moon', 'What is the name for a natural satellite that orbits a planet? moon', 'What is the name for a natural satellite that orbits a planet? MOON', 'What is the name for a natural satellite that orbits a planet? moon', 'What is the name for a natural satellite that orbits a planet? moon', 'What is the name for a natural satellite that orbits a planet? moon', 'What is the name for a natural satellite that orbits a planet? moon', 'What is the name for a natural satellite that orbits a planet? moon']",0.5,2.0,-0.0,"[-0.0, 2.2204460492503128e-16, -0.0, -2.220446049250313e-16, -0.0, -0.0, -0.0, -0.0, -2.220446049250313e-16, -0.0, -0.0, 1.1102230246251565e-16, 2.2204460492503128e-16, -2.220446049250313e-16, -0.0, -0.0, -0.0, -0.0, -2.220446049250313e-16, -0.0, -0.0, -0.0, -0.0, -0.0, -0.0, -2.220446049250313e-16, -2.220446049250313e-16, -0.0, -0.0, -0.0, -2.220446049250313e-16, 2.2204460492503128e-16, -0.0, -2.220446049250313e-16, -0.0, 1.1102230246251565e-16, -2.220446049250313e-16, -0.0, -0.0, -2.220446049250313e-16, -0.0, -0.0, -2.220446049250313e-16, -2.220446049250313e-16, -2.220446049250313e-16, -2.220446049250313e-16, -2.220446049250313e-16, -0.0, -2.220446049250313e-16, -0.0, -0.0, -0.0, -0.0, -0.0, -2.220446049250313e-16, -0.0, -0.0, -2.220446049250313e-16, -0.0, -0.0, -0.0, 2.2204460492503128e-16, -0.0, -2.220446049250313e-16, -0.0, 3.330669073875469e-16, -0.0, -2.220446049250313e-16, -2.220446049250313e-16, -0.0, 1.1102230246251565e-16, 1.1102230246251565e-16, -2.220446049250313e-16, -0.0, -0.0, -0.0, 1.1102230246251565e-16, -0.0, -2.220446049250313e-16, -2.220446049250313e-16, -2.220446049250313e-16, -0.0, -2.220446049250313e-16, -4.440892098500627e-16, -0.0, -2.220446049250313e-16, -0.0, 1.1102230246251565e-16, -2.220446049250313e-16, 2.2204460492503128e-16, -2.220446049250313e-16, 2.2204460492503128e-16, -2.220446049250313e-16, -0.0, -0.0, -0.0, -0.0, -0.0, -0.0, -0.0]",-4.773959005888173e-17,1.3889329327993832e-16,-4.773959005888173e-17,0.49939502604322944,1,True,100
qw_11463--117/117_93387.txt#0_0,What is the name for a natural satellite that orbits a planet?,"['What is the name for a natural satellite that orbits a planet? moon', 'What is the name for a natural satellite that orbits a planet? moon', 'What is the name for a natural satellite that orbits a planet? moon', 'What is the name for a natural satellite that orbits a planet? moon', 'What is the name for a natural satellite that orbits a planet? MOON', 'What is the name for a natural satellite that orbits a planet? moon', 'What is the name for a natural satellite that orbits a planet? moon', 'What is the name for a natural satellite that orbits a planet? moon', 'What is the name for a natural satellite that orbits a planet? moon', 'What is the name for a natural satellite that orbits a planet? moon']",1.0,0.5,-0.0,"[-2.220446049250313e-16, -2.220446049250313e-16, -0.0, 1.1102230246251565e-16, -2.220446049250313e-16, -0.0, -0.0, -0.0, -0.0, 2.2204460492503128e-16, -0.0, -2.220446049250313e-16, 3.330669073875469e-16, -0.0, -0.0, -0.0, 2.2204460492503128e-16, -0.0, 1.1102230246251565e-16, -0.0, 1.1102230246251565e-16, -0.0, 1.1102230246251565e-16, -4.440892098500627e-16, 1.1102230246251565e-16, 1.1102230246251565e-16, -0.0, -0.0, -0.0, -0.0, -4.440892098500627e-16, -2.220446049250313e-16, -2.220446049250313e-16, 2.2204460492503128e-16, -2.220446049250313e-16, -2.220446049250313e-16, -0.0, -2.220446049250313e-16, -2.220446049250313e-16, 1.1102230246251565e-16, 1.1102230246251565e-16, 2.2204460492503128e-16, -4.440892098500627e-16, -2.220446049250313e-16, -2.220446049250313e-16, -0.0, -4.440892098500627e-16, 1.1102230246251565e-16, -0.0, -4.440892098500627e-16, 2.2204460492503128e-16, -0.0, 1.1102230246251565e-16, -0.0, -4.440892098500627e-16, -0.0, 2.2204460492503128e-16, 1.1102230246251565e-16, -2.220446049250313e-16, -2.220446049250313e-16, -4.440892098500627e-16, 1.1102230246251565e-16, -0.0, -0.0, -0.0, -0.0, -0.0, 1.1102230246251565e-16, 1.1102230246251565e-16, -0.0, -0.0, -0.0, -0.0, -0.0, -0.0, -0.0, 1.1102230246251565e-16, -0.0, -2.220446049250313e-16, -0.0, -2.220446049250313e-16, -0.0, -0.0, 1.1102230246251565e-16, -0.0, -0.0, -2.220446049250313e-16, -4.440892098500627e-16, -2.220446049250313e-16, -0.0, -0.0, -0.0, -0.0, -0.0, -2.220446049250313e-16, -2.220446049250313e-16, -2.220446049250313e-16, -0.0, 1.1102230246251565e-16, -0.0]",-4.6629367034256585e-17,1.7355026775395585e-16,-4.6629367034256585e-17,1.000031408006513,1,True,100
qw_11463--117/117_93387.txt#0_0,What is the name for a natural satellite that orbits a planet?,"['What is the name for a natural satellite that orbits a planet? moon', 'What is the name for a natural satellite that orbits a planet? moon', 'What is the name for a natural satellite that orbits a planet? moon', 'What is the name for a natural satellite that orbits a planet? moon', 'What is the name for a natural satellite that orbits a planet? MOON', 'What is the name for a natural satellite that orbits a planet? moon', 'What is the name for a natural satellite that orbits a planet? moon', 'What is the name for a natural satellite that orbits a planet? moon', 'What is the name for a natural satellite that orbits a planet? moon', 'What is the name for a natural satellite that orbits a planet? moon']",1.0,1.0,-0.0,"[-2.220446049250313e-16, -0.0, -2.220446049250313e-16, -2.220446049250313e-16, -0.0, -0.0, 2.2204460492503128e-16, 1.1102230246251565e-16, 2.2204460492503128e-16, -2.220446049250313e-16, -0.0, 1.1102230246251565e-16, -0.0, -0.0, -0.0, 2.2204460492503128e-16, -0.0, -2.220446049250313e-16, -2.220446049250313e-16, -4.440892098500627e-16, -0.0, -2.220446049250313e-16, -0.0, -0.0, 2.2204460492503128e-16, -0.0, -2.220446049250313e-16, -0.0, -2.220446049250313e-16, -2.220446049250313e-16, -0.0, -2.220446049250313e-16, -0.0, -2.220446049250313e-16, -0.0, 1.1102230246251565e-16, -2.220446049250313e-16, -2.220446049250313e-16, -2.220446049250313e-16, -2.220446049250313e-16, -0.0, -0.0, 1.1102230246251565e-16, -0.0, -2.220446049250313e-16, -4.440892098500627e-16, -4.440892098500627e-16, -2.220446049250313e-16, -0.0, 2.2204460492503128e-16, -0.0, -2.220446049250313e-16, -0.0, -0.0, -0.0, -2.220446049250313e-16, -2.220446049250313e-16, -2.220446049250313e-16, 1.1102230246251565e-16, -4.440892098500627e-16, -2.220446049250313e-16, -0.0, -2.220446049250313e-16, -0.0, 1.1102230246251565e-16, -0.0, -0.0, -0.0, -4.440892098500627e-16, 1.1102230246251565e-16, 2.2204460492503128e-16, 1.1102230246251565e-16, -2.220446049250313e-16, 1.1102230246251565e-16, 1.1102230246251565e-16, -2.220446049250313e-16, -0.0, -0.0, 1.1102230246251565e-16, -0.0, -0.0, -2.220446049250313e-16, -0.0, -2.220446049250313e-16, 1.1102230246251565e-16, -2.220446049250313e-16, -0.0, -0.0, -0.0, 2.2204460492503128e-16, 1.1102230246251565e-16, -0.0, -0.0, -0.0, -0.0, -2.220446049250313e-16, -2.220446049250313e-16, -0.0, -2.220446049250313e-16, -2.220446049250313e-16]",-6.550315845288423e-17,1.6399388370367495e-16,-6.550315845288423e-17,1.000045255784475,1,True,100
qw_11463--117/117_93387.txt#0_0,What is the name for a natural satellite that orbits a planet?,"['What is the name for a natural satellite that orbits a planet? moon', 'What is the name for a natural satellite that orbits a planet? moon', 'What is the name for a natural satellite that orbits a planet? moon', 'What is the name for a natural satellite that orbits a planet? moon', 'What is the name for a natural satellite that orbits a planet? MOON', 'What is the name for a natural satellite that orbits a planet? moon', 'What is the name for a natural satellite that orbits a planet? moon', 'What is the name for a natural satellite that orbits a planet? moon', 'What is the name for a natural satellite that orbits a planet? moon', 'What is the name for a natural satellite that orbits a planet? moon']",1.0,2.0,-0.0,"[-0.0, -2.220446049250313e-16, 1.1102230246251565e-16, -0.0, -0.0, -2.220446049250313e-16, -2.220446049250313e-16, -2.220446049250313e-16, 1.1102230246251565e-16, -0.0, -0.0, 2.2204460492503128e-16, 1.1102230246251565e-16, -0.0, 1.1102230246251565e-16, 1.1102230246251565e-16, -0.0, 2.2204460492503128e-16, -0.0, -0.0, -0.0, -0.0, -0.0, -0.0, -0.0, -2.220446049250313e-16, -2.220446049250313e-16, -0.0, -2.220446049250313e-16, 1.1102230246251565e-16, -0.0, -0.0, 1.1102230246251565e-16, -0.0, -2.220446049250313e-16, -0.0, -0.0, -0.0, 1.1102230246251565e-16, -2.220446049250313e-16, -2.220446049250313e-16, -0.0, -0.0, -0.0, -0.0, -2.220446049250313e-16, -2.220446049250313e-16, -0.0, -0.0, -0.0, -0.0, -0.0, -2.220446049250313e-16, -0.0, -0.0, 1.1102230246251565e-16, 1.1102230246251565e-16, -2.220446049250313e-16, -0.0, -0.0, 2.2204460492503128e-16, -2.220446049250313e-16, -0.0, -2.220446049250313e-16, -0.0, -0.0, -0.0, -2.220446049250313e-16, -2.220446049250313e-16, 2.2204460492503128e-16, 1.1102230246251565e-16, -2.220446049250313e-16, -2.220446049250313e-16, -0.0, -2.220446049250313e-16, -0.0, -0.0, -2.220446049250313e-16, -2.220446049250313e-16, -0.0, -0.0, -0.0, -0.0, -2.220446049250313e-16, -2.220446049250313e-16, -0.0, -2.220446049250313e-16, -2.220446049250313e-16, 1.1102230246251565e-16, -0.0, 1.1102230246251565e-16, -2.220446049250313e-16, -0.0, 2.2204460492503128e-16, -0.0, -0.0, -0.0, 2.2204460492503128e-16, -0.0, -2.220446049250313e-16]",-3.663735981263017e-17,1.323495745418159e-16,-3.663735981263017e-17,0.9999552206659471,1,True,100
qw_11463--117/117_93387.txt#0_0,What is the name for a natural satellite that orbits a planet?,"['What is the name for a natural satellite that orbits a planet? moon', 'What is the name for a natural satellite that orbits a planet? moon', 'What is the name for a natural satellite that orbits a planet? moon', 'What is the name for a natural satellite that orbits a planet? moon', 'What is the name for a natural satellite that orbits a planet? MOON', 'What is the name for a natural satellite that orbits a planet? moon', 'What is the name for a natural satellite that orbits a planet? moon', 'What is the name for a natural satellite that orbits a planet? moon', 'What is the name for a natural satellite that orbits a planet? moon', 'What is the name for a natural satellite that orbits a planet? moon']",2.0,0.5,-0.0,"[1.1102230246251565e-16, -2.220446049250313e-16, -4.440892098500627e-16, -2.220446049250313e-16, -0.0, -2.220446049250313e-16, -2.220446049250313e-16, 2.2204460492503128e-16, -0.0, -0.0, 2.2204460492503128e-16, -0.0, -0.0, -0.0, 2.2204460492503128e-16, -0.0, -2.220446049250313e-16, -0.0, -0.0, 2.2204460492503128e-16, 1.1102230246251565e-16, -0.0, -0.0, -0.0, -0.0, 2.2204460492503128e-16, -0.0, -2.220446049250313e-16, 2.2204460492503128e-16, -4.440892098500627e-16, -0.0, 2.2204460492503128e-16, -2.220446049250313e-16, -0.0, -2.220446049250313e-16, -2.220446049250313e-16, 1.1102230246251565e-16, 1.1102230246251565e-16, -4.440892098500627e-16, -0.0, 2.2204460492503128e-16, -0.0, -0.0, 1.1102230246251565e-16, 1.1102230246251565e-16, -0.0, -2.220446049250313e-16, -0.0, -0.0, -4.440892098500627e-16, 2.2204460492503128e-16, -0.0, 1.1102230246251565e-16, -4.440892098500627e-16, -2.220446049250313e-16, -2.220446049250313e-16, -0.0, -0.0, -0.0, -0.0, -2.220446049250313e-16, -0.0, 4.4408920985006257e-16, 1.1102230246251565e-16, -2.220446049250313e-16, -2.220446049250313e-16, -2.220446049250313e-16, -4.440892098500627e-16, 1.1102230246251565e-16, -0.0, -0.0, 1.1102230246251565e-16, -0.0, 1.1102230246251565e-16, -0.0, -2.220446049250313e-16, 1.1102230246251565e-16, -2.220446049250313e-16, -0.0, -0.0, 2.2204460492503128e-16, -0.0, -0.0, -0.0, -2.220446049250313e-16, -0.0, -0.0, -0.0, 4.4408920985006257e-16, -0.0, -0.0, -0.0, -0.0, -0.0, 1.1102230246251565e-16, -2.220446049250313e-16, -2.220446049250313e-16, 2.2204460492503128e-16, -0.0, 1.1102230246251565e-16]",-2.4424906541753447e-17,1.8078576652888925e-16,-2.4424906541753447e-17,2.000046974695004,1,True,100
qw_11463--117/117_93387.txt#0_0,What is the name for a natural satellite that orbits a planet?,"['What is the name for a natural satellite that orbits a planet? moon', 'What is the name for a natural satellite that orbits a planet? moon', 'What is the name for a natural satellite that orbits a planet? moon', 'What is the name for a natural satellite that orbits a planet? moon', 'What is the name for a natural satellite that orbits a planet? MOON', 'What is the name for a natural satellite that orbits a planet? moon', 'What is the name for a natural satellite that orbits a planet? moon', 'What is the name for a natural satellite that orbits a planet? moon', 'What is the name for a natural satellite that orbits a planet? moon', 'What is the name for a natural satellite that orbits a planet? moon']",2.0,1.0,-0.0,"[-2.220446049250313e-16, -2.220446049250313e-16, -0.0, 1.1102230246251565e-16, -2.220446049250313e-16, -0.0, -0.0, -2.220446049250313e-16, 1.1102230246251565e-16, -0.0, -0.0, -2.220446049250313e-16, -2.220446049250313e-16, 2.2204460492503128e-16, -0.0, -0.0, -0.0, 2.2204460492503128e-16, -0.0, 2.2204460492503128e-16, -0.0, -0.0, -2.220446049250313e-16, -2.220446049250313e-16, -2.220446049250313e-16, -0.0, -2.220446049250313e-16, 1.1102230246251565e-16, -0.0, -2.220446049250313e-16, -0.0, -2.220446049250313e-16, 1.1102230246251565e-16, -2.220446049250313e-16, -0.0, 1.1102230246251565e-16, -0.0, 2.2204460492503128e-16, -2.220446049250313e-16, -2.220446049250313e-16, -0.0, -2.220446049250313e-16, -0.0, -0.0, -2.220446049250313e-16, -4.440892098500627e-16, -2.220446049250313e-16, -0.0, -0.0, -0.0, -0.0, -0.0, -2.220446049250313e-16, -0.0, -2.220446049250313e-16, -0.0, -4.440892098500627e-16, 1.1102230246251565e-16, -2.220446049250313e-16, -0.0, -2.220446049250313e-16, -0.0, -0.0, 1.1102230246251565e-16, -0.0, -0.0, 1.1102230246251565e-16, 2.2204460492503128e-16, -0.0, -0.0, -2.220446049250313e-16, -4.440892098500627e-16, -2.220446049250313e-16, -0.0, 1.1102230246251565e-16, -0.0, -0.0, 1.1102230246251565e-16, -4.440892098500627e-16, -0.0, -0.0, -2.220446049250313e-16, -0.0, 2.2204460492503128e-16, -2.220446049250313e-16, 2.2204460492503128e-16, -0.0, -2.220446049250313e-16, -2.220446049250313e-16, -0.0, -0.0, -0.0, 1.1102230246251565e-16, 2.2204460492503128e-16, -2.220446049250313e-16, -2.220446049250313e-16, 1.1102230246251565e-16, -0.0, -2.220446049250313e-16, -0.0]",-5.551115123125783e-17,1.597332773821476e-16,-5.551115123125783e-17,1.9998354810195023,1,True,100
qw_11463--117/117_93387.txt#0_0,What is the name for a natural satellite that orbits a planet?,"['What is the name for a natural satellite that orbits a planet? moon', 'What is the name for a natural satellite that orbits a planet? moon', 'What is the name for a natural satellite that orbits a planet? moon', 'What is the name for a natural satellite that orbits a planet? moon', 'What is the name for a natural satellite that orbits a planet? MOON', 'What is the name for a natural satellite that orbits a planet? moon', 'What is the name for a natural satellite that orbits a planet? moon', 'What is the name for a natural satellite that orbits a planet? moon', 'What is the name for a natural satellite that orbits a planet? moon', 'What is the name for a natural satellite that orbits a planet? moon']",2.0,2.0,-0.0,"[-0.0, -0.0, 1.1102230246251565e-16, -0.0, -0.0, 2.2204460492503128e-16, 2.2204460492503128e-16, 1.1102230246251565e-16, -0.0, -0.0, -0.0, -2.220446049250313e-16, -0.0, -0.0, -0.0, -2.220446049250313e-16, -2.220446049250313e-16, 2.2204460492503128e-16, -0.0, -0.0, -0.0, -0.0, -2.220446049250313e-16, -0.0, -0.0, -0.0, -2.220446049250313e-16, -2.220446049250313e-16, 1.1102230246251565e-16, -2.220446049250313e-16, -2.220446049250313e-16, -0.0, 2.2204460492503128e-16, -0.0, -0.0, -0.0, -2.220446049250313e-16, -0.0, 1.1102230246251565e-16, -0.0, 2.2204460492503128e-16, -0.0, -0.0, -2.220446049250313e-16, -0.0, -0.0, -2.220446049250313e-16, -2.220446049250313e-16, -2.220446049250313e-16, -0.0, -0.0, -0.0, -0.0, -0.0, -4.440892098500627e-16, -0.0, -2.220446049250313e-16, 1.1102230246251565e-16, -2.220446049250313e-16, -2.220446049250313e-16, -2.220446049250313e-16, -2.220446049250313e-16, -2.220446049250313e-16, -0.0, -4.440892098500627e-16, -0.0, -0.0, -0.0, -0.0, -0.0, 1.1102230246251565e-16, 1.1102230246251565e-16, -2.220446049250313e-16, 1.1102230246251565e-16, -0.0, -0.0, -2.220446049250313e-16, -2.220446049250313e-16, -2.220446049250313e-16, -0.0, -0.0, -0.0, -2.220446049250313e-16, 3.330669073875469e-16, -0.0, 1.1102230246251565e-16, -2.220446049250313e-16, -2.220446049250313e-16, 1.1102230246251565e-16, -0.0, -2.220446049250313e-16, -0.0, -4.440892098500627e-16, -0.0, -2.220446049250313e-16, 2.2204460492503128e-16, -2.220446049250313e-16, 1.1102230246251565e-16, -0.0, -0.0]",-4.884981308350689e-17,1.5248499985700013e-16,-4.884981308350689e-17,1.9996506918592853,1,True,100
wh_2955--50/50_794801.txt#0_0,"Irish writer and poet Oscar Wilde, who died in 1900, is buried in which European country?","['Irish writer and poet Oscar Wilde, who died in 1900, is buried in which European country? France', 'Irish writer and poet Oscar Wilde, who died in 1900, is buried in which European country? ireland', 'Irish writer and poet Oscar Wilde, who died in 1900, is buried in which European country? france', 'Irish writer and poet Oscar Wilde, who died in 1900, is buried in which European country? france', 'Irish writer and poet Oscar Wilde, who died in 1900, is buried in which European country? france', 'Irish writer and poet Oscar Wilde, who died in 1900, is buried in which European country? ireland', 'Irish writer and poet Oscar Wilde, who died in 1900, is buried in which European country? france', 'Irish writer and poet Oscar Wilde, who died in 1900, is buried in which European country? ireland', 'Irish writer and poet Oscar Wilde, who died in 1900, is buried in which European country? france', 'Irish writer and poet Oscar Wilde, who died in 1900, is buried in which European country? france']",0.0,0.5,0.5298384616627879,"[0.49678931574096685, 0.5475682740343653, 0.5372362841416609, 0.5115709320461722, 0.5268125266116934, 0.5225190476992445, 0.544106222708343, 0.5478636804127202, 0.5288470830118357, 0.5415760053757321, 0.49246070172159173, 0.5531787279696423, 0.5740893839937207, 0.5359131113619291, 0.540552254060793, 0.4884395848157536, 0.5282539755585745, 0.5556289386476029, 0.5343347713015018, 0.5211556540090152, 0.5509651850638111, 0.5556832371789522, 0.5479550046339738, 0.5483405352066619, 0.5050035391125157, 0.5739065337208396, 0.5261625115410182, 0.5235723858298357, 0.5543078757602894, 0.5115716976860154, 0.5565502867958407, 0.5530731404394149, 0.5509528150647074, 0.5340257077287562, 0.5004877377606308, 0.5352513699726285, 0.5575405092199625, 0.5280329026311971, 0.5078999920007092, 0.5495856451600961, 0.5250391776804034, 0.5116290977510557, 0.543446442970296, 0.5489301958332142, 0.5270679468062428, 0.5434939125309947, 0.5340643554141874, 0.4272943618165541, 0.4725825141991933, 0.5224512938080066, 0.5186960834398535, 0.5364633252568736, 0.5435802927169523, 0.5280466856582655, 0.5196158108653668, 0.521568436567484, 0.527498794061715, 0.5359610941234731, 0.5254331622061593, 0.5662367473027432, 0.5421224261369619, 0.4986901682728331, 0.523439568887565, 0.5055512908407416, 0.5465859414373622, 0.5644251449439366, 0.5169586084157624, 0.5447646234049498, 0.531153716508226, 0.5400256887628019, 0.5197914375634389, 0.5486332490514911, 0.5438730780647548, 0.5524695899088917, 0.5080574433435653, 0.5195812373131371, 0.5630126054717113, 0.5144670739421633, 0.5531472674176248, 0.5037443011583465, 0.5771253852261437, 0.5371341241032215, 0.5434836353484168, 0.5314404309923044, 0.5320046744812141, 0.557589508575527, 0.5421477394658324, 0.505426309675118, 0.5417619016255102, 0.4997882473147268, 0.5485611319115569, 0.5305647191528904, 0.5284191160011164, 0.5131188314088807, 0.5612570025124974, 0.5385267841854975, 0.5778048495804875, 0.5203262025024248, 0.537002583151287, 0.5741889638446048]",0.5331703142064527,0.023148121040812774,0.0033318525436647484,1.2768107915313559e-05,1,True,100
wh_2955--50/50_794801.txt#0_0,"Irish writer and poet Oscar Wilde, who died in 1900, is buried in which European country?","['Irish writer and poet Oscar Wilde, who died in 1900, is buried in which European country? France', 'Irish writer and poet Oscar Wilde, who died in 1900, is buried in which European country? ireland', 'Irish writer and poet Oscar Wilde, who died in 1900, is buried in which European country? france', 'Irish writer and poet Oscar Wilde, who died in 1900, is buried in which European country? france', 'Irish writer and poet Oscar Wilde, who died in 1900, is buried in which European country? france', 'Irish writer and poet Oscar Wilde, who died in 1900, is buried in which European country? ireland', 'Irish writer and poet Oscar Wilde, who died in 1900, is buried in which European country? france', 'Irish writer and poet Oscar Wilde, who died in 1900, is buried in which European country? ireland', 'Irish writer and poet Oscar Wilde, who died in 1900, is buried in which European country? france', 'Irish writer and poet Oscar Wilde, who died in 1900, is buried in which European country? france']",0.0,1.0,0.5298384616627879,"[0.5836487315539098, 0.5174199987301076, 0.5320130794337368, 0.5533358137016143, 0.5547839367553066, 0.46455819682439575, 0.6083767477742349, 0.45672426126369275, 0.487606696765634, 0.4883460904630635, 0.6350119283002764, 0.537568291922835, 0.5310271987639896, 0.5842588371111692, 0.5068482185753926, 0.49450325927487226, 0.4523274539022934, 0.5849437636452718, 0.6056372960683262, 0.4621805737366481, 0.5125946126605639, 0.5634694175286405, 0.5719539902256008, 0.4897117567293324, 0.5543705167231696, 0.5146620525931264, 0.5409915804673278, 0.5221835648597857, 0.5477202945348753, 0.5648792214718475, 0.5564737321459605, 0.4664050122978622, 0.6002760149181419, 0.5760269373341035, 0.48757941969646645, 0.6164349325902605, 0.6030050813172223, 0.5274266238502057, 0.5198942603235475, 0.5153357422443815, 0.5643767601683984, 0.5577843306502451, 0.5820075082725183, 0.6132656393233243, 0.4897203978219149, 0.49357601748527447, 0.5359453379532191, 0.6161032555841779, 0.5371934650490645, 0.5836487362457067, 0.5425861790705964, 0.5237241117446386, 0.5431288558130509, 0.5731703559022128, 0.6278034619936097, 0.5121793181423215, 0.5086424472390842, 0.4231206352402259, 0.5754478362073822, 0.5320585585714893, 0.5210759318092307, 0.5516721500812553, 0.5102105806113021, 0.5683119826728935, 0.523385808590644, 0.5683793499890382, 0.4676695186228286, 0.5758666665703255, 0.4956773152978481, 0.5313593803190082, 0.5163121914287839, 0.5075637174396708, 0.5665645939720358, 0.5696980368150649, 0.5039844682865633, 0.46170078795569536, 0.4535625707819786, 0.5549236555777017, 0.5956955557086033, 0.5331410427723099, 0.5806445612329403, 0.46306662351065464, 0.5271264110587592, 0.554575208649285, 0.4650701016016877, 0.5496809576641968, 0.4922837673263023, 0.5602518766556026, 0.5874724743079549, 0.5717813679193486, 0.5698020885736632, 0.5265774899926166, 0.5903704009859531, 0.5597498713527889, 0.5867781156181958, 0.5017882025582067, 0.6055117920050055, 0.6218136013538129, 0.530173188567627, 0.5407524079136872]",0.5399002416170873,0.04570033900509447,0.010061779954299355,0.0003107235874435408,1,True,100
wh_2955--50/50_794801.txt#0_0,"Irish writer and poet Oscar Wilde, who died in 1900, is buried in which European country?","['Irish writer and poet Oscar Wilde, who died in 1900, is buried in which European country? France', 'Irish writer and poet Oscar Wilde, who died in 1900, is buried in which European country? ireland', 'Irish writer and poet Oscar Wilde, who died in 1900, is buried in which European country? france', 'Irish writer and poet Oscar Wilde, who died in 1900, is buried in which European country? france', 'Irish writer and poet Oscar Wilde, who died in 1900, is buried in which European country? france', 'Irish writer and poet Oscar Wilde, who died in 1900, is buried in which European country? ireland', 'Irish writer and poet Oscar Wilde, who died in 1900, is buried in which European country? france', 'Irish writer and poet Oscar Wilde, who died in 1900, is buried in which European country? ireland', 'Irish writer and poet Oscar Wilde, who died in 1900, is buried in which European country? france', 'Irish writer and poet Oscar Wilde, who died in 1900, is buried in which European country? france']",0.0,2.0,0.5298384616627879,"[0.4471840047611848, 0.5144177310459894, 0.6326721158408162, 0.5903101924574473, 0.4969402260735652, 0.6894516301051206, 0.5772287972830459, 0.5515296584060728, 0.589396161960852, 0.5173909570201283, 0.6525630355903222, 0.45143272172214427, 0.5245350962066944, 0.526627928875792, 0.5147982989655497, 0.6737402158738931, 0.47606913275341656, 0.6288862942028255, 0.5874762887795107, 0.4879965188640204, 0.5972008264379519, 0.4352834820392054, 0.46342815851535724, 0.4803534088724559, 0.6054695875236038, 0.6148324388543075, 0.5022348389984631, 0.5721721423429127, 0.4164558691066378, 0.5798081033182684, 0.5914644455104066, 0.6231295134023686, 0.6297974053790036, 0.6289530368826817, 0.4150661669962262, 0.43832788546380497, 0.550710857430255, 0.5310179738927924, 0.5065266960917206, 0.5253320796763565, 0.41597253078309737, 0.5527832761301023, 0.5604579485617214, 0.6128239130141618, 0.6034006779749229, 0.5700404808441514, 0.609821931945257, 0.5606939819512314, 0.5513150032409218, 0.5136303845895211, 0.6053219427202146, 0.49291248397131104, 0.683721333711681, 0.6299481089648973, 0.469775984365495, 0.4689389046487066, 0.5746026478268034, 0.5161076407734854, 0.5879865350850786, 0.6392180981829793, 0.6442842399798228, 0.5747203961712156, 0.3943523715323298, 0.5129374296980169, 0.6738246511365684, 0.3813599662633772, 0.5554455816066096, 0.3505224898757956, 0.5656060414409103, 0.4546200142641512, 0.6231550318066379, 0.6265146110926145, 0.6531969258668302, 0.5692480529344999, 0.5310512056112608, 0.6151660288080693, 0.6785055585245247, 0.46076215007071364, 0.4561930703217565, 0.5148159384471777, 0.5765204388937558, 0.690043069176941, 0.5124136939256755, 0.403300433437841, 0.47510839027696933, 0.5171248226589027, 0.5644756437317973, 0.6330292848567365, 0.548274971514431, 0.6055499107607089, 0.6308849708402893, 0.5909245765900754, 0.5833482094727354, 0.6006213426917311, 0.5965975103720234, 0.5413570523446565, 0.6046343695874503, 0.595091896649107, 0.6338347404057623, 0.6139182714903135]",0.5541102108793969,0.07574276630730885,0.024271749216609018,-0.00031232976161907306,1,True,100
wh_2955--50/50_794801.txt#0_0,"Irish writer and poet Oscar Wilde, who died in 1900, is buried in which European country?","['Irish writer and poet Oscar Wilde, who died in 1900, is buried in which European country? France', 'Irish writer and poet Oscar Wilde, who died in 1900, is buried in which European country? ireland', 'Irish writer and poet Oscar Wilde, who died in 1900, is buried in which European country? france', 'Irish writer and poet Oscar Wilde, who died in 1900, is buried in which European country? france', 'Irish writer and poet Oscar Wilde, who died in 1900, is buried in which European country? france', 'Irish writer and poet Oscar Wilde, who died in 1900, is buried in which European country? ireland', 'Irish writer and poet Oscar Wilde, who died in 1900, is buried in which European country? france', 'Irish writer and poet Oscar Wilde, who died in 1900, is buried in which European country? ireland', 'Irish writer and poet Oscar Wilde, who died in 1900, is buried in which European country? france', 'Irish writer and poet Oscar Wilde, who died in 1900, is buried in which European country? france']",0.5,0.5,0.5298384616627879,"[0.5141458732630769, 0.5225880821017227, 0.53269611853919, 0.5416085082775017, 0.519816090789842, 0.5137590022342216, 0.5311193924228481, 0.5264856395664248, 0.5098009979972548, 0.524478172612868, 0.5638139172624109, 0.5447470859086859, 0.533432919268199, 0.5456361578681428, 0.5000312595089382, 0.5228852140543856, 0.5779175663953907, 0.5787430818983283, 0.5685758337748327, 0.5389013052261028, 0.5095658050370843, 0.50878263255127, 0.55531914559378, 0.5270314836495806, 0.5359744741429099, 0.49343278151815717, 0.57852312723064, 0.5859190650995877, 0.5905110577854378, 0.49169441332593616, 0.5228453092864479, 0.5199574261893836, 0.4994750365124137, 0.5332031968195665, 0.543804350870311, 0.5426641409133166, 0.5452449189437842, 0.49827286093385537, 0.5321063211029675, 0.5047578570523373, 0.47247617805959696, 0.5284977916262135, 0.541468967050323, 0.5069219848596908, 0.5476845694777245, 0.5708516501912848, 0.49391888989938715, 0.5179351508646873, 0.5462419214741097, 0.5369955389201102, 0.5616719637997984, 0.5497728933130499, 0.5101104652442761, 0.5101156474479005, 0.5319939411514827, 0.506086829167992, 0.497056538848455, 0.47231031561028636, 0.5092462412841183, 0.4812598301000991, 0.46911596472486594, 0.5519220559315416, 0.5507670363689674, 0.5549071383716537, 0.495073618413586, 0.5418778923608567, 0.5777920789179725, 0.541585325784316, 0.5515464856722552, 0.5348194613445265, 0.5421532594921352, 0.5138261074054129, 0.5321154599625909, 0.5162149727633081, 0.5271570070139613, 0.557682747965903, 0.5507055639999874, 0.5366860274789879, 0.5320200167784577, 0.5208138596575698, 0.5005638469286613, 0.5362822812494277, 0.5204309787281285, 0.5276817153518336, 0.529992572065648, 0.5473485823211179, 0.5813586464641877, 0.49436947191560904, 0.5335572985619126, 0.5834690486150522, 0.5063254056077777, 0.5475712969586499, 0.5176340339376144, 0.5393135374621623, 0.5298063233828341, 0.515235730157903, 0.5378828195016365, 0.5528169620778473, 0.5282668510324556, 0.5019935585176238]",0.5305356797316666,0.02584456638931767,0.00069721806887868,0.5000195770082528,1,True,100
wh_2955--50/50_794801.txt#0_0,"Irish writer and poet Oscar Wilde, who died in 1900, is buried in which European country?","['Irish writer and poet Oscar Wilde, who died in 1900, is buried in which European country? France', 'Irish writer and poet Oscar Wilde, who died in 1900, is buried in which European country? ireland', 'Irish writer and poet Oscar Wilde, who died in 1900, is buried in which European country? france', 'Irish writer and poet Oscar Wilde, who died in 1900, is buried in which European country? france', 'Irish writer and poet Oscar Wilde, who died in 1900, is buried in which European country? france', 'Irish writer and poet Oscar Wilde, who died in 1900, is buried in which European country? ireland', 'Irish writer and poet Oscar Wilde, who died in 1900, is buried in which European country? france', 'Irish writer and poet Oscar Wilde, who died in 1900, is buried in which European country? ireland', 'Irish writer and poet Oscar Wilde, who died in 1900, is buried in which European country? france', 'Irish writer and poet Oscar Wilde, who died in 1900, is buried in which European country? france']",0.5,1.0,0.5298384616627879,"[0.600081386191307, 0.5726245435002979, 0.47443314800820713, 0.5361880047582741, 0.5233612598879362, 0.5549754775283056, 0.54558316715464, 0.4846143911436426, 0.6248991914226388, 0.5270706286102677, 0.5437112696739241, 0.5781485450625596, 0.5299419138730417, 0.4976685116973786, 0.5890287435096406, 0.5600619334953711, 0.5188179559179364, 0.491706593309879, 0.5218788815140267, 0.457885003348769, 0.55239526158873, 0.5215868628312805, 0.5881502118574448, 0.5510691209372547, 0.5700752240911011, 0.525759154172491, 0.5617201867935273, 0.5621257734313415, 0.5885803295285497, 0.48613891061182546, 0.5084823166415811, 0.5935864452515223, 0.496494299620699, 0.4566721873792562, 0.5519850581767133, 0.5678129169982803, 0.5473612522234785, 0.590125233362358, 0.5882423842375939, 0.5406713471175891, 0.4944101198618239, 0.4841342183079671, 0.5885019321939517, 0.48051114902152675, 0.5319102824805377, 0.44961232807068763, 0.4931310767384401, 0.5094144276943332, 0.568902210404026, 0.5293941647057678, 0.5585592738271183, 0.5175229326064588, 0.5371971923767249, 0.5658624409239695, 0.5665710063900505, 0.5839222201879423, 0.5409567389598621, 0.4186291699667784, 0.5646218576503053, 0.4857247982389593, 0.5388200903308044, 0.5552828772019696, 0.5930520852238369, 0.5186072517407319, 0.49349805087792015, 0.6310506191130036, 0.5238716788109447, 0.5957834999220974, 0.5688525474002929, 0.5331124561760003, 0.6344337429238724, 0.46844190176840894, 0.48559668216396834, 0.5333356153262527, 0.4522819163218006, 0.5667278419394721, 0.5567542794801938, 0.5779789268734536, 0.5286860600172594, 0.5100743404756124, 0.520863746275984, 0.5665943593384571, 0.5564501004851126, 0.5014820004108622, 0.42616746834368596, 0.5430942856891345, 0.5853614590478615, 0.5604901626981211, 0.4438676895453958, 0.5255420121711458, 0.4684349265761546, 0.5952459044076877, 0.5265689213274044, 0.5252112447946614, 0.6188678012102307, 0.46711995314084265, 0.5579789224919701, 0.6067337517096999, 0.5621536990092115, 0.5464899846795623]",0.5372216542450896,0.04575867552211045,0.00738319258230169,0.5001547869907815,1,True,100
wh_2955--50/50_794801.txt#0_0,"Irish writer and poet Oscar Wilde, who died in 1900, is buried in which European country?","['Irish writer and poet Oscar Wilde, who died in 1900, is buried in which European country? France', 'Irish writer and poet Oscar Wilde, who died in 1900, is buried in which European country? ireland', 'Irish writer and poet Oscar Wilde, who died in 1900, is buried in which European country? france', 'Irish writer and poet Oscar Wilde, who died in 1900, is buried in which European country? france', 'Irish writer and poet Oscar Wilde, who died in 1900, is buried in which European country? france', 'Irish writer and poet Oscar Wilde, who died in 1900, is buried in which European country? ireland', 'Irish writer and poet Oscar Wilde, who died in 1900, is buried in which European country? france', 'Irish writer and poet Oscar Wilde, who died in 1900, is buried in which European country? ireland', 'Irish writer and poet Oscar Wilde, who died in 1900, is buried in which European country? france', 'Irish writer and poet Oscar Wilde, who died in 1900, is buried in which European country? france']",0.5,2.0,0.5298384616627879,"[0.47786637035747914, 0.5743946978779779, 0.6285198666164753, 0.4941377561319191, 0.6158033917720263, 0.6271504201267684, 0.6390957180520703, 0.5829943556663507, 0.6246074365785668, 0.5132166929552325, 0.528860098603449, 0.5047234071753246, 0.4155176924747994, 0.5267438063113516, 0.47553870571915313, 0.6325663910498147, 0.636568072648803, 0.6242758478420203, 0.5396937215827096, 0.5831117996221598, 0.6600701563291103, 0.44740259420342693, 0.5057351510395212, 0.6209879065649262, 0.6300826303296614, 0.67983063445965, 0.5904557623014157, 0.6281353034150983, 0.41393725347953714, 0.5768165612277683, 0.5765673460748271, 0.595795047330266, 0.6117457351753857, 0.6404210506344152, 0.48179327096446634, 0.47082659923349246, 0.5977054276021775, 0.6430114260287112, 0.5048464248673337, 0.5887579177168604, 0.6093838294012586, 0.30565447894275866, 0.5394431252636818, 0.6045260254628666, 0.49542264848796846, 0.5152243720961228, 0.6309567172913202, 0.500868714632839, 0.5291372975439967, 0.5562406261502939, 0.5622571941520207, 0.5979189144095409, 0.38680337608790016, 0.5038739395602101, 0.627765983307351, 0.5650758873125816, 0.5800716449386076, 0.49405360176088436, 0.5949808895371353, 0.447869173661697, 0.4674730711033119, 0.6031683146554183, 0.46604361057123833, 0.6419784369070445, 0.5294786238132843, 0.5704200551215666, 0.5597265218736612, 0.5434179584145771, 0.5447564887801295, 0.5531591075769622, 0.6173690676792307, 0.5512887216670905, 0.5867096705568358, 0.5344136603901204, 0.5319602081434566, 0.49388773087600396, 0.589068411989482, 0.43307057553657624, 0.5261281394019298, 0.4942889266558416, 0.5915441848336263, 0.5349921513652556, 0.6756935693881254, 0.43214521400840544, 0.5614832692407176, 0.5339362126197661, 0.586322128364066, 0.5215532511948797, 0.5553566679603786, 0.5681380240991396, 0.45968386993232857, 0.3743356469638075, 0.34256712248819127, 0.5908956514528437, 0.5856872958547619, 0.6503144087306478, 0.47155588057374737, 0.621581284611596, 0.3764340239539772, 0.6624154513317546]",0.548922814988253,0.07623120877413238,0.019084353325465098,0.4998408302083327,1,True,100
wh_2955--50/50_794801.txt#0_0,"Irish writer and poet Oscar Wilde, who died in 1900, is buried in which European country?","['Irish writer and poet Oscar Wilde, who died in 1900, is buried in which European country? France', 'Irish writer and poet Oscar Wilde, who died in 1900, is buried in which European country? ireland', 'Irish writer and poet Oscar Wilde, who died in 1900, is buried in which European country? france', 'Irish writer and poet Oscar Wilde, who died in 1900, is buried in which European country? france', 'Irish writer and poet Oscar Wilde, who died in 1900, is buried in which European country? france', 'Irish writer and poet Oscar Wilde, who died in 1900, is buried in which European country? ireland', 'Irish writer and poet Oscar Wilde, who died in 1900, is buried in which European country? france', 'Irish writer and poet Oscar Wilde, who died in 1900, is buried in which European country? ireland', 'Irish writer and poet Oscar Wilde, who died in 1900, is buried in which European country? france', 'Irish writer and poet Oscar Wilde, who died in 1900, is buried in which European country? france']",1.0,0.5,0.5298384616627879,"[0.4820812536089464, 0.5443508597680947, 0.49721288911949335, 0.48957557247267913, 0.5555960402085415, 0.5679356521924459, 0.5434801118423277, 0.5245329864558281, 0.5476672579950029, 0.5680805522086625, 0.48646285933815714, 0.5000253000345914, 0.5226003863570432, 0.5223141254408656, 0.556369590201297, 0.49772533982461264, 0.5175751542025604, 0.5408408781292097, 0.5448940176250154, 0.5421600314766739, 0.5052747388953919, 0.4790946358486829, 0.5335010089475737, 0.553138038080043, 0.4930864386004976, 0.5814935621219726, 0.5354034721801479, 0.5124655279702902, 0.5310221097524215, 0.5225374061999253, 0.5202180762979477, 0.5427465242155454, 0.5258888563444302, 0.5688846602214688, 0.4885972234246058, 0.5546701275575114, 0.49887991647646124, 0.5372808026987097, 0.49231011826212656, 0.5267684393751816, 0.5727748033175831, 0.5502243617986078, 0.5775076921865815, 0.4901393693947418, 0.47910269159762675, 0.5425827144984167, 0.5385427342289535, 0.5607845687598746, 0.5265749820401054, 0.5056407564096426, 0.5406560927302209, 0.576384217345955, 0.5380181363606158, 0.5520618868415315, 0.5631368428775385, 0.5657729980464138, 0.49672926858585653, 0.5478293425157856, 0.5543187613132728, 0.5203114584575336, 0.5608697798699979, 0.5315018708560734, 0.529110800878702, 0.5212264643428137, 0.542433615809647, 0.5210602268606959, 0.5201157002605828, 0.5116457502183451, 0.5580752650980473, 0.5019194981260732, 0.48070726513997075, 0.5813621626948873, 0.5389385615939009, 0.5871752642779736, 0.48654067770428616, 0.5557329594120857, 0.5458562151038023, 0.516164624661553, 0.5342248703217932, 0.5330944751447881, 0.5226480115191309, 0.5467060499373997, 0.5487250450791972, 0.5479886157862761, 0.5462470816506376, 0.5390750810416747, 0.536960196796159, 0.5694556857744101, 0.5143323839506453, 0.5436948358387317, 0.5645852213840553, 0.5451184538485303, 0.553331043540334, 0.49445045446817393, 0.5036323828461562, 0.5533786758774268, 0.49648045119579165, 0.5459032482085786, 0.5673283286831041, 0.5529943464247665]",0.5330462786350705,0.02683338095301208,0.0032078169722825622,1.0000529220544236,1,True,100
wh_2955--50/50_794801.txt#0_0,"Irish writer and poet Oscar Wilde, who died in 1900, is buried in which European country?","['Irish writer and poet Oscar Wilde, who died in 1900, is buried in which European country? France', 'Irish writer and poet Oscar Wilde, who died in 1900, is buried in which European country? ireland', 'Irish writer and poet Oscar Wilde, who died in 1900, is buried in which European country? france', 'Irish writer and poet Oscar Wilde, who died in 1900, is buried in which European country? france', 'Irish writer and poet Oscar Wilde, who died in 1900, is buried in which European country? france', 'Irish writer and poet Oscar Wilde, who died in 1900, is buried in which European country? ireland', 'Irish writer and poet Oscar Wilde, who died in 1900, is buried in which European country? france', 'Irish writer and poet Oscar Wilde, who died in 1900, is buried in which European country? ireland', 'Irish writer and poet Oscar Wilde, who died in 1900, is buried in which European country? france', 'Irish writer and poet Oscar Wilde, who died in 1900, is buried in which European country? france']",1.0,1.0,0.5298384616627879,"[0.572424012118634, 0.5739674241213761, 0.5196267473641656, 0.5754146888082077, 0.5587809337933229, 0.5064354585387123, 0.5479127964950303, 0.5545036575849772, 0.5663631429081054, 0.5368046698366609, 0.5322984980512399, 0.5999035724367687, 0.501931668223423, 0.5795270591907083, 0.5957785531072066, 0.5945469014813374, 0.5497553091195234, 0.4827335515057739, 0.5363122172075819, 0.5155008207006825, 0.4935267809012804, 0.4104905360167149, 0.5891049129006612, 0.5113571161302966, 0.5264280121111343, 0.5494599837156999, 0.5733972784892387, 0.5888935748182891, 0.512835242305523, 0.48705079800730344, 0.5645819155261953, 0.5098630539862359, 0.5289297250199906, 0.5423892043753324, 0.4373075792493961, 0.4522463945392994, 0.6102313952919989, 0.47274061326082717, 0.5883525628952269, 0.614808464939727, 0.5295035606198306, 0.5610311872448126, 0.6038079308585538, 0.5822980554822572, 0.45657522028807107, 0.573383175380269, 0.6348782896846342, 0.527590079312595, 0.5450943384065559, 0.5142006811611689, 0.5249414694296135, 0.5780968077189593, 0.52914026484985, 0.5537505452116189, 0.5503393462993353, 0.4696377937844669, 0.5511306186633396, 0.5965696347531553, 0.4739088350815338, 0.57627727151861, 0.5466307575715337, 0.5352682748308768, 0.5569437807307926, 0.5174040722500987, 0.599830235626287, 0.5337787852057392, 0.5232460560674498, 0.41221556145014704, 0.5377047290814949, 0.5549377018340015, 0.4458726300355326, 0.5806750133485092, 0.4916510707710946, 0.5707602887773243, 0.5586575139138275, 0.5734038262255573, 0.5166824666655366, 0.5648444227409559, 0.5672563657096907, 0.5184872541184704, 0.4731599169316302, 0.570714965860699, 0.5877075586071125, 0.5981390698916674, 0.5990933853300018, 0.6035152282785516, 0.5665878097275393, 0.4927976084382914, 0.5783928332153203, 0.41375165164103866, 0.5429783389484863, 0.5097922745481195, 0.501724943328331, 0.5110553188158244, 0.5499868172166493, 0.5621703091995477, 0.544634127683728, 0.5028854649763467, 0.5342883289447338, 0.565773595697423]",0.54012072287059,0.04626175049226153,0.010282261207802068,0.9999496152591917,1,True,100
wh_2955--50/50_794801.txt#0_0,"Irish writer and poet Oscar Wilde, who died in 1900, is buried in which European country?","['Irish writer and poet Oscar Wilde, who died in 1900, is buried in which European country? France', 'Irish writer and poet Oscar Wilde, who died in 1900, is buried in which European country? ireland', 'Irish writer and poet Oscar Wilde, who died in 1900, is buried in which European country? france', 'Irish writer and poet Oscar Wilde, who died in 1900, is buried in which European country? france', 'Irish writer and poet Oscar Wilde, who died in 1900, is buried in which European country? france', 'Irish writer and poet Oscar Wilde, who died in 1900, is buried in which European country? ireland', 'Irish writer and poet Oscar Wilde, who died in 1900, is buried in which European country? france', 'Irish writer and poet Oscar Wilde, who died in 1900, is buried in which European country? ireland', 'Irish writer and poet Oscar Wilde, who died in 1900, is buried in which European country? france', 'Irish writer and poet Oscar Wilde, who died in 1900, is buried in which European country? france']",1.0,2.0,0.5298384616627879,"[0.5922113156322637, 0.550302731154029, 0.36582460508233483, 0.6386278472019682, 0.6437937572285688, 0.6084522620141972, 0.5739063309992833, 0.5880709464279923, 0.6286218809213082, 0.33171262599332957, 0.5819211228526406, 0.5849332413550636, 0.42388058257249606, 0.677877795835826, 0.4809808597998413, 0.6886042409692948, 0.5946750145886505, 0.5480353396184556, 0.4444454742394224, 0.6589931126701598, 0.5294911525098861, 0.3442817060260983, 0.5693344469958607, 0.5361808587640198, 0.5532088506358721, 0.4732904922529128, 0.4439253624149567, 0.4939619221275837, 0.6593900735168905, 0.566449846217737, 0.5188234414369866, 0.4547083572659197, 0.38741348921246, 0.5632661620806112, 0.5642897774554543, 0.4382996245494497, 0.43893689967035365, 0.5223881015323528, 0.5733216083189694, 0.6013322520020468, 0.6726010368801805, 0.3757636313050562, 0.5819977269954174, 0.5421471125103801, 0.44436623939279113, 0.5982465281989654, 0.6239892718302346, 0.6281560712199468, 0.6010078712469265, 0.46509654668631667, 0.4122238977819861, 0.4518838135407964, 0.4137722529595743, 0.4557301080053692, 0.6074785315089554, 0.3069279894541598, 0.5079764218569871, 0.6408332727761049, 0.5205352407362371, 0.6110776990638824, 0.33060205834700257, 0.44511015003554266, 0.5937235964611338, 0.5382602023342895, 0.6569304189027896, 0.39804638022044947, 0.5544673440497141, 0.3976940249817642, 0.4855408525290923, 0.5330378447684607, 0.4030430231179082, 0.5923170117491321, 0.6572851854958877, 0.6050242026852789, 0.5481948455632258, 0.5092942866044834, 0.6861093233090196, 0.6551321822724635, 0.5865258949749457, 0.6383802986412566, 0.5107535480779128, 0.6182957422450879, 0.5177792709614394, 0.6580680062916682, 0.602869584151757, 0.5863333302059202, 0.47574167202331796, 0.587862597005543, 0.5293747805068845, 0.6379522421087847, 0.6157167514785419, 0.5349323454884447, 0.5550990519541679, 0.5687538418607555, 0.5280890892887954, 0.5077201741774247, 0.612553164117231, 0.588898960546707, 0.5873023624473033, 0.48505950280702803]",0.5402385192088236,0.08941474764337594,0.01040005754603568,1.0002961010523057,1,True,100
wh_2955--50/50_794801.txt#0_0,"Irish writer and poet Oscar Wilde, who died in 1900, is buried in which European country?","['Irish writer and poet Oscar Wilde, who died in 1900, is buried in which European country? France', 'Irish writer and poet Oscar Wilde, who died in 1900, is buried in which European country? ireland', 'Irish writer and poet Oscar Wilde, who died in 1900, is buried in which European country? france', 'Irish writer and poet Oscar Wilde, who died in 1900, is buried in which European country? france', 'Irish writer and poet Oscar Wilde, who died in 1900, is buried in which European country? france', 'Irish writer and poet Oscar Wilde, who died in 1900, is buried in which European country? ireland', 'Irish writer and poet Oscar Wilde, who died in 1900, is buried in which European country? france', 'Irish writer and poet Oscar Wilde, who died in 1900, is buried in which European country? ireland', 'Irish writer and poet Oscar Wilde, who died in 1900, is buried in which European country? france', 'Irish writer and poet Oscar Wilde, who died in 1900, is buried in which European country? france']",2.0,0.5,0.5298384616627879,"[0.5379869429424645, 0.5127059247175915, 0.5516762121139482, 0.5217058028569606, 0.5625652983197448, 0.5040362785423601, 0.5551151713424103, 0.5223188732651645, 0.543602937318848, 0.5188960764558473, 0.5750422542313218, 0.543845561810574, 0.5526042814330365, 0.5295945508830717, 0.573475367741126, 0.5170552141308092, 0.5296309299958598, 0.504153442206639, 0.5449330115875174, 0.5062590609425067, 0.5207238753675941, 0.5565594543267963, 0.5195354952328024, 0.5447369548319543, 0.5761497639763904, 0.5042726281840579, 0.5495831527119134, 0.5147748973785962, 0.5899540715772382, 0.5792711249262019, 0.5500916571882696, 0.5024804419847111, 0.5080175720387956, 0.5801950222976715, 0.4834564519193595, 0.5498460831927288, 0.5557585073273674, 0.526857409580768, 0.5541558115938015, 0.5583713496723287, 0.5580714922229149, 0.5293753187362255, 0.5251300319042944, 0.5453264711704391, 0.5109542933037343, 0.5206339681543308, 0.529952369035023, 0.5424148243200733, 0.5585165248883524, 0.5271573064426318, 0.5423728080322868, 0.5592462868111805, 0.5462794052806451, 0.5167158309407527, 0.5308611219197075, 0.5276423460108718, 0.539727231616752, 0.5224622802648096, 0.5395007191294691, 0.5067862712262581, 0.5316586396841503, 0.5585980022705708, 0.5485556956293899, 0.5406525935121977, 0.5004304919394048, 0.526345987926169, 0.520219526595699, 0.5774726466307467, 0.5386880375152621, 0.547268637190109, 0.5634278020510416, 0.5598829769050614, 0.581878208026452, 0.529755692892461, 0.5652640731407765, 0.5392343161817622, 0.5090285352551742, 0.5172620442782772, 0.5495829785503333, 0.5252440409440778, 0.4709786769339945, 0.5209278681002569, 0.5184707371894498, 0.503686574347618, 0.49868381324179284, 0.4993700829029053, 0.5492908767816832, 0.5087478110982984, 0.500405361581112, 0.5655740864117168, 0.4977660588818836, 0.505157436298779, 0.5517379663873466, 0.5588208637930066, 0.557942096791392, 0.5652539253599459, 0.49857155589965785, 0.4906822705515469, 0.5377927902568085, 0.5577527585102409]",0.5349918635799645,0.024694091841444218,0.005153401917176614,2.0000339592616174,1,True,100
wh_2955--50/50_794801.txt#0_0,"Irish writer and poet Oscar Wilde, who died in 1900, is buried in which European country?","['Irish writer and poet Oscar Wilde, who died in 1900, is buried in which European country? France', 'Irish writer and poet Oscar Wilde, who died in 1900, is buried in which European country? ireland', 'Irish writer and poet Oscar Wilde, who died in 1900, is buried in which European country? france', 'Irish writer and poet Oscar Wilde, who died in 1900, is buried in which European country? france', 'Irish writer and poet Oscar Wilde, who died in 1900, is buried in which European country? france', 'Irish writer and poet Oscar Wilde, who died in 1900, is buried in which European country? ireland', 'Irish writer and poet Oscar Wilde, who died in 1900, is buried in which European country? france', 'Irish writer and poet Oscar Wilde, who died in 1900, is buried in which European country? ireland', 'Irish writer and poet Oscar Wilde, who died in 1900, is buried in which European country? france', 'Irish writer and poet Oscar Wilde, who died in 1900, is buried in which European country? france']",2.0,1.0,0.5298384616627879,"[0.5146317274707295, 0.6185155821393713, 0.521336100237305, 0.5154738899186441, 0.5212892472240475, 0.5786874377147649, 0.5904921461180742, 0.5507096120075965, 0.609411059433125, 0.5186062183352846, 0.5896848886578568, 0.5246254897222908, 0.5243246442187779, 0.5351072185636602, 0.5132558449552828, 0.5680066673033677, 0.5297870481064814, 0.5637183451524383, 0.5778985164690971, 0.5139134117605337, 0.513719553016321, 0.5311486868916726, 0.6173835543369294, 0.562630504463801, 0.4645904690122904, 0.6147777239206094, 0.5109184944635953, 0.4904401333918915, 0.5214694920645504, 0.5176906508210696, 0.5572015715918289, 0.5137927118644264, 0.6033416881964622, 0.5235738599467639, 0.557648839762565, 0.5055114418412481, 0.5885690950756692, 0.5645304305974668, 0.5662448535022271, 0.5389073982415489, 0.5432827505982877, 0.4925010810699192, 0.5589290629198648, 0.5714300353352346, 0.5317374962330343, 0.604877643592316, 0.38775426946769687, 0.5651161953162817, 0.5496414374266896, 0.5327185561661117, 0.5592140998696493, 0.544484413897167, 0.4702372527367805, 0.5171849218775876, 0.49636638317426873, 0.5300668760693317, 0.5843731375392973, 0.565637479775694, 0.6320484537745705, 0.555735268924236, 0.6061643381978324, 0.5195215412077867, 0.5393952274552805, 0.5938126331272253, 0.5645527076443655, 0.5114364253251616, 0.5466497488928223, 0.5409769904687165, 0.5860132523519269, 0.4785453399223772, 0.5130271561562639, 0.5766917776719199, 0.5664785832349615, 0.5330039278953174, 0.47770246184680265, 0.4535229629349141, 0.5777834859215621, 0.47446516927355376, 0.4398033796474692, 0.5605559920477758, 0.5514370639836326, 0.6133571304674856, 0.6118842286969819, 0.5711955040593384, 0.5476785094577971, 0.5023240963966, 0.5705069088399191, 0.4554268216856035, 0.49973192191821525, 0.597449916700648, 0.5361384126278579, 0.5208698673717175, 0.6455770724645333, 0.5511601521099779, 0.5727841579549438, 0.5595756035357257, 0.5761933535697712, 0.4786916947393738, 0.6019735613164161, 0.5784049652385994]",0.5443936710863485,0.044944437547884006,0.014555209423560589,2.000032415717451,1,True,100
wh_2955--50/50_794801.txt#0_0,"Irish writer and poet Oscar Wilde, who died in 1900, is buried in which European country?","['Irish writer and poet Oscar Wilde, who died in 1900, is buried in which European country? France', 'Irish writer and poet Oscar Wilde, who died in 1900, is buried in which European country? ireland', 'Irish writer and poet Oscar Wilde, who died in 1900, is buried in which European country? france', 'Irish writer and poet Oscar Wilde, who died in 1900, is buried in which European country? france', 'Irish writer and poet Oscar Wilde, who died in 1900, is buried in which European country? france', 'Irish writer and poet Oscar Wilde, who died in 1900, is buried in which European country? ireland', 'Irish writer and poet Oscar Wilde, who died in 1900, is buried in which European country? france', 'Irish writer and poet Oscar Wilde, who died in 1900, is buried in which European country? ireland', 'Irish writer and poet Oscar Wilde, who died in 1900, is buried in which European country? france', 'Irish writer and poet Oscar Wilde, who died in 1900, is buried in which European country? france']",2.0,2.0,0.5298384616627879,"[0.47581767590976165, 0.6688658195098518, 0.3651421447659927, 0.6180524900436873, 0.5482359697845138, 0.6098181259460723, 0.623005243587441, 0.5551348443373858, 0.5523348407054791, 0.4657663812711559, 0.6040964649799916, 0.5764700727668011, 0.5631223501456731, 0.6644103043301601, 0.5718470492456129, 0.536698028096281, 0.4426609344874214, 0.5731597825198602, 0.51637316044129, 0.562320299674674, 0.5505306155642649, 0.6681395480962242, 0.5222296002091616, 0.4140640649715642, 0.5952044039601836, 0.6679603995606408, 0.5992462112289969, 0.41379091806147184, 0.5686503780755122, 0.46275108759974404, 0.6415385708434862, 0.598071917342287, 0.5978698965768194, 0.5028121400461291, 0.6286534965187469, 0.6598137308912451, 0.42034903261446716, 0.4847500861864038, 0.5523477581202983, 0.5021295704544104, 0.47375094118561323, 0.4650448766189087, 0.6594009610790879, 0.5874317880294984, 0.5796526642523996, 0.5507465531856521, 0.37933531289308126, 0.6119467706184314, 0.4762988313005496, 0.5357995338292914, 0.5625073869114019, 0.418211581003655, 0.5082951274045647, 0.5401412571736923, 0.5098352917725046, 0.5799180320045607, 0.5576074364620738, 0.3902236027035889, 0.6458679273456802, 0.5916076227646001, 0.5916972837323553, 0.6283843503341151, 0.4265422922261517, 0.5830852796916397, 0.6270221608760831, 0.5950280174903191, 0.6055414828523104, 0.6328027638972764, 0.5091343283088893, 0.5206146312252868, 0.6251765990679448, 0.4232752932958105, 0.508188983152963, 0.6748238582775166, 0.6131693308688927, 0.5825170781942769, 0.5337952271616097, 0.5820482863628705, 0.5239150405311273, 0.5887610667281775, 0.550870683110743, 0.46211914971203594, 0.6150285928147574, 0.6339387467063665, 0.5223924976057274, 0.5365523118479015, 0.4853600316639905, 0.5623947582687436, 0.6677940159385509, 0.5802660339812759, 0.4567531012941829, 0.4947943757409283, 0.46443682041611023, 0.526877724019205, 0.6108082351732743, 0.547438900465526, 0.573392225959823, 0.5215072044822616, 0.4424561314481875, 0.448360064927279]",0.5484692386786248,0.07362995401660806,0.01863077701583693,1.9999641015869163,1,True,100
qg_4089--181/181_2265370.txt#0_2,"What was the 42nd state to join the Union on Nov 11, 1889?","['What was the 42nd state to join the Union on Nov 11, 1889? washington', 'What was the 42nd state to join the Union on Nov 11, 1889? washington', 'What was the 42nd state to join the Union on Nov 11, 1889? oregon', 'What was the 42nd state to join the Union on Nov 11, 1889? washington', 'What was the 42nd state to join the Union on Nov 11, 1889? washington', 'What was the 42nd state to join the Union on Nov 11, 1889? washington', 'What was the 42nd state to join the Union on Nov 11, 1889? washington', 'What was the 42nd state to join the Union on Nov 11, 1889? washington', 'What was the 42nd state to join the Union on Nov 11, 1889? washington', 'What was the 42nd state to join the Union on Nov 11, 1889? montana']",0.0,0.5,0.1949610450979702,"[0.20097688384005866, 0.20735812435902973, 0.2017419268502072, 0.14316428432887035, 0.23115659076241915, 0.24082893094109575, 0.2142290845575168, 0.20893606921497943, 0.19932726183605948, 0.18809241419172068, 0.1801671658996573, 0.21397618038004668, 0.2678061330336047, 0.13635340946657865, 0.2106178739684434, 0.24061424213475385, 0.13939833939467378, 0.20374766603417188, 0.2162001211147515, 0.15847655647803321, 0.19828072781801725, 0.17586228372082524, 0.13588569931111188, 0.23058761119035714, 0.20658091142305646, 0.24682182425746527, 0.19261376687253243, 0.20354820210834457, 0.25073897167910103, 0.17752639464981484, 0.17245835968803394, 0.2068327186589295, 0.20972987540559765, 0.17836243892062104, 0.20517687127508258, 0.2560722071272573, 0.2010663280839874, 0.2666673987513357, 0.19240167349527615, 0.15016417033105517, 0.14185015590666125, 0.18382840446906218, 0.22752777591494588, 0.21136096707031526, 0.21995057056233408, 0.2335907980123581, 0.1625553283170214, 0.14348019464682327, 0.1816153988589348, 0.19511319449701942, 0.23066884030236762, 0.18810943178779965, 0.16225894803979135, 0.13368403219824537, 0.1606614062076804, 0.1530288037060914, 0.23337595628785074, 0.16844420958735276, 0.14503787046546043, 0.2046865598918047, 0.1894408157575021, 0.2225248980281826, 0.1835040350135734, 0.19166693249197322, 0.2462048337711382, 0.23849943143290953, 0.17036132300577958, 0.23785006583982882, 0.2597558822272872, 0.20930528641682594, 0.19334168149466596, 0.24982595598898588, 0.18201093511521477, 0.20644670126045184, 0.14312422840257258, 0.20441552201664007, 0.17935196686992785, 0.17902890094739587, 0.16630442522850047, 0.17799142311105728, 0.24607067750650352, 0.22553889404945682, 0.20580780216559114, 0.22390991336033145, 0.208124763560663, 0.1772980501640573, 0.20620665098933913, 0.20165678175855511, 0.174007070640687, 0.21831441705941831, 0.2032532717456919, 0.16689971999175363, 0.1953757877400955, 0.1583078885704503, 0.21699106210747657, 0.24582203908235845, 0.22238959831020064, 0.24029790649345306, 0.18842192526920712, 0.25936727689972283]",0.19956393282169824,0.032802399412841826,0.00460288772372805,4.555307094425608e-05,1,True,100
qg_4089--181/181_2265370.txt#0_2,"What was the 42nd state to join the Union on Nov 11, 1889?","['What was the 42nd state to join the Union on Nov 11, 1889? washington', 'What was the 42nd state to join the Union on Nov 11, 1889? washington', 'What was the 42nd state to join the Union on Nov 11, 1889? oregon', 'What was the 42nd state to join the Union on Nov 11, 1889? washington', 'What was the 42nd state to join the Union on Nov 11, 1889? washington', 'What was the 42nd state to join the Union on Nov 11, 1889? washington', 'What was the 42nd state to join the Union on Nov 11, 1889? washington', 'What was the 42nd state to join the Union on Nov 11, 1889? washington', 'What was the 42nd state to join the Union on Nov 11, 1889? washington', 'What was the 42nd state to join the Union on Nov 11, 1889? montana']",0.0,1.0,0.1949610450979702,"[0.13442376668733647, 0.13966285179195398, 0.19181429917427983, 0.2663309486791319, 0.12136431257897345, 0.25206293141902536, 0.197016113407981, 0.20879320396838563, 0.13807380961479995, 0.3015930177632014, 0.33730328356090306, 0.2157642952250312, 0.1759636090432337, 0.23182588245990615, 0.2319955455357366, 0.21408694440322792, 0.10398174950589606, 0.19988709591652304, 0.21645661375471037, 0.22438483766859416, 0.22762335218686924, 0.20135539205620961, 0.23682096063997116, 0.23016777048838188, 0.21962736784403852, 0.26955977265207237, 0.20788917852239708, 0.23452273774530785, 0.18255924790471736, 0.26156412463959416, 0.24993895792183402, 0.05684820242579953, 0.2595608488114167, 0.11135718331677072, 0.2620248570963609, 0.2552816580831907, 0.2670745546658415, 0.19473359544369429, 0.2967746042076134, 0.20981681546129619, 0.17936402672685064, 0.26612034980889465, 0.3516986207197964, 0.24069381407348003, 0.25075457685088837, 0.11658453218615014, 0.36305348257404985, 0.15209278905720816, 0.29469460912636525, 0.30346849644997786, 0.2472342622232303, 0.25905213202913846, 0.16850302209450246, 0.15447235349794497, 0.27400521950384277, 0.1188671832028233, 0.2975953169266159, 0.14745747152345026, 0.18976182827400484, 0.23663262885410377, 0.2023320203869564, 0.11225185302107825, 0.13981862003552045, 0.24536953757009267, 0.17644033669720682, 0.3498499536132539, 0.1434942053530827, 0.12143594133817881, 0.1306348185314806, 0.1939236113290432, 0.1655524747109727, 0.08343862530462409, 0.2474882443224933, 0.13432093679089074, 0.1563485491800382, 0.22488565476224334, 0.2700121363539981, 0.07473092213495187, 0.2485034628840631, 0.19704772202703358, 0.1965871481158359, 0.33417776734894156, 0.15310101322485425, 0.2294259379268268, 0.3513479123738843, 0.0555962736595709, 0.1886973833079533, 0.3061010042224463, 0.32414712651018585, 0.19285122141973127, 0.26095277367551767, 0.34825328460607907, 0.16254995368768146, 0.18077492959308308, 0.2584705869871736, 0.17472705299691021, 0.19478377789104304, 0.2578272879652632, 0.23244923956694274, 0.24625534821552175]",0.21416949659618176,0.06824128160186657,0.01920845149821157,-0.00016337037465532275,1,True,100
qg_4089--181/181_2265370.txt#0_2,"What was the 42nd state to join the Union on Nov 11, 1889?","['What was the 42nd state to join the Union on Nov 11, 1889? washington', 'What was the 42nd state to join the Union on Nov 11, 1889? washington', 'What was the 42nd state to join the Union on Nov 11, 1889? oregon', 'What was the 42nd state to join the Union on Nov 11, 1889? washington', 'What was the 42nd state to join the Union on Nov 11, 1889? washington', 'What was the 42nd state to join the Union on Nov 11, 1889? washington', 'What was the 42nd state to join the Union on Nov 11, 1889? washington', 'What was the 42nd state to join the Union on Nov 11, 1889? washington', 'What was the 42nd state to join the Union on Nov 11, 1889? washington', 'What was the 42nd state to join the Union on Nov 11, 1889? montana']",0.0,2.0,0.1949610450979702,"[0.0749123395007732, 0.27455986964640877, 0.4488074041493948, 0.04055865006874433, 0.28557133912362054, 0.14248230541322823, 0.12605455807998306, 0.300519947027589, 0.0838167173178892, 0.1197261467477829, 0.2502871748067455, 0.21271797998918734, 0.35363502261580776, 0.04031685376837979, 0.16735597050799994, 0.34900133284391205, 0.14033924823747085, 0.38897842732351956, 0.20412809896313877, 0.1500582474322396, 0.37988462943458967, 0.22322668965036008, 0.032516473151806294, 0.15119223102703272, 0.11947551257414166, 0.19971721721425342, 0.18712707698911474, 0.12028458742825726, 0.07714062515919981, 0.18439255402292926, 0.5479025372457199, 0.09611781066781142, 0.21370769708264992, 0.15174888599532868, 0.24170987202966326, 0.28907814651319885, 0.23659855177603645, 0.1532906063030035, 0.24351305082155572, 0.5016314291218285, 0.24221280447908697, 0.11414009174470877, 0.3312246776789183, 0.43450904772300125, 0.04875519538125328, 0.0972780275183391, 0.2590726535931498, 0.1329051661602006, 0.1389918122946316, 0.5851781674713905, 0.2811716862011516, 0.2411642582245535, 0.17391554303478135, 0.2066215992776898, 0.06163360800257503, 0.3701944999677504, 0.08490151430720401, 0.10474786953837179, 0.18418900687954082, 0.37458030875993964, 0.19882283642076592, 0.21820805623397121, 0.21411507198701277, 0.09364553495682977, 0.3423151252179873, 0.1250569731215465, 0.17583647098033633, 0.23865549634500013, 0.2920320953897998, 0.16444590525936884, 0.23481227450033437, 0.11690340905811006, 0.18248386347511766, 0.46669126351919055, 0.23833863030193767, 0.36492738159058236, 0.20081828966330645, 0.10164107848589134, 0.13886080299487477, 0.507533296127633, 0.12164578461750461, 0.31639814530865384, 0.24985794866594388, 0.40416411777385775, 0.10892556940276982, 0.3199662078791001, 0.16565492015904684, 0.1989512818721979, 0.41411564294097536, 0.4154647925490558, 0.1463088616797506, 0.17431396752921527, 0.12573413270318834, 0.2790015679660198, 0.296440496080522, 0.06542206732502384, 0.5321481162099403, 0.13026846080177928, 0.08508606875390959, 0.10132531989391577]",0.22238808681752503,0.12510364128973117,0.027427041719554845,-0.0003049366714355303,1,True,100
qg_4089--181/181_2265370.txt#0_2,"What was the 42nd state to join the Union on Nov 11, 1889?","['What was the 42nd state to join the Union on Nov 11, 1889? washington', 'What was the 42nd state to join the Union on Nov 11, 1889? washington', 'What was the 42nd state to join the Union on Nov 11, 1889? oregon', 'What was the 42nd state to join the Union on Nov 11, 1889? washington', 'What was the 42nd state to join the Union on Nov 11, 1889? washington', 'What was the 42nd state to join the Union on Nov 11, 1889? washington', 'What was the 42nd state to join the Union on Nov 11, 1889? washington', 'What was the 42nd state to join the Union on Nov 11, 1889? washington', 'What was the 42nd state to join the Union on Nov 11, 1889? washington', 'What was the 42nd state to join the Union on Nov 11, 1889? montana']",0.5,0.5,0.1949610450979702,"[0.276437346386186, 0.20055213075544892, 0.20320066697468026, 0.24553923197968464, 0.21796621216785508, 0.18227447173656924, 0.1706581898423537, 0.1739197329227366, 0.1727121540812802, 0.1753987709592594, 0.23368417530090327, 0.24611385671621178, 0.21295855475875808, 0.24762926463492851, 0.1667816953045204, 0.18041159381900743, 0.21337146847447436, 0.2538315287247678, 0.2523934815169469, 0.1901849101339083, 0.20721489621306383, 0.19181217215672913, 0.16186843704483744, 0.1437414183078775, 0.17240051091784153, 0.1833849993706599, 0.2060349313054824, 0.225733384103448, 0.1799797898689731, 0.2460064450153127, 0.14129269143106127, 0.16644589836723117, 0.1919956055246552, 0.2506904374401025, 0.1990642606532789, 0.1956357766092606, 0.26470271103536147, 0.1770263154462559, 0.1584761143823683, 0.22315763972289118, 0.17491185265753026, 0.16180191660915388, 0.26588018271893965, 0.1770541504186936, 0.19893117013986322, 0.22060407115484834, 0.16778288486114512, 0.21050944765966456, 0.24652259207273303, 0.23281683885655274, 0.24236938690778892, 0.18317151268466153, 0.16596019152680241, 0.19849218012990535, 0.1999643987893058, 0.21572100184937643, 0.21588199796653368, 0.16332316779190292, 0.1936662895180099, 0.2085255368605664, 0.15935387664205103, 0.17003351252215262, 0.22518957736437795, 0.18642061266176188, 0.18685772984014437, 0.24492629526534093, 0.1468911765909627, 0.2245971683126235, 0.21174632223504591, 0.24132934851940335, 0.21115702045170454, 0.18215249404756823, 0.21118499803480917, 0.24131907382868534, 0.20945681846170386, 0.12293352532853534, 0.2233610135875002, 0.21161337476080008, 0.1792620271541791, 0.18691633043365447, 0.16101433604070195, 0.18743249611356919, 0.21418561796274538, 0.13063486260737472, 0.18824660862891013, 0.25355166208147417, 0.18592428724938553, 0.20347761916175183, 0.22131840806069947, 0.16422472025738405, 0.15504719775168818, 0.16704838622528723, 0.18577558060074112, 0.1441201357902767, 0.24742532635954123, 0.15889656910316735, 0.21575305008750362, 0.1432895704632858, 0.19335694468910336, 0.2862872284726917]",0.19930287547031436,0.03435866833259088,0.004341830372344174,0.5000028229254201,1,True,100
qg_4089--181/181_2265370.txt#0_2,"What was the 42nd state to join the Union on Nov 11, 1889?","['What was the 42nd state to join the Union on Nov 11, 1889? washington', 'What was the 42nd state to join the Union on Nov 11, 1889? washington', 'What was the 42nd state to join the Union on Nov 11, 1889? oregon', 'What was the 42nd state to join the Union on Nov 11, 1889? washington', 'What was the 42nd state to join the Union on Nov 11, 1889? washington', 'What was the 42nd state to join the Union on Nov 11, 1889? washington', 'What was the 42nd state to join the Union on Nov 11, 1889? washington', 'What was the 42nd state to join the Union on Nov 11, 1889? washington', 'What was the 42nd state to join the Union on Nov 11, 1889? washington', 'What was the 42nd state to join the Union on Nov 11, 1889? montana']",0.5,1.0,0.1949610450979702,"[0.07108641161149803, 0.16638140237289226, 0.2553573404202796, 0.2837682684458671, 0.24995307819565188, 0.24560618003148055, 0.1685893268373147, 0.1688205470678528, 0.17102890805234178, 0.27232036684669036, 0.21734893085658855, 0.16984329664133782, 0.2698025391254829, 0.20410219809231556, 0.21558052704121222, 0.2606110913496615, 0.1462504278289125, 0.2170563674986557, 0.15677064528033813, 0.16609286167368026, 0.23076374643208042, 0.25227585716159484, 0.15235075800037473, 0.12893455674642978, 0.08553559295436639, 0.18155715670038025, 0.11470173077902157, 0.14406085461248622, 0.22598110564692947, 0.2843668930283431, 0.10928841838333403, 0.2593839165079971, 0.31491967662594134, 0.24097435622220015, 0.17178860960141706, 0.1403743761940739, 0.21396690142432137, 0.24207047713919416, 0.10576275702376475, 0.3733891371240745, 0.24854877707245657, 0.2987499813242655, 0.24439694323722289, 0.14280191977552245, 0.24945603862775023, 0.23138925827514306, 0.18025754955903006, 0.21510593869543443, 0.27277019395078017, 0.1216560200033227, 0.3008541006806614, 0.19288320385917002, 0.13972147502260573, 0.23333539819062782, 0.19046882034651613, 0.24630042338111408, 0.3402559826960838, 0.1991321409340427, 0.17261255976705203, 0.23169915837495736, 0.3303276322735551, 0.12898954280007432, 0.2734083192750444, 0.1862741273093279, 0.2936849800093313, 0.22018977632641268, 0.24471268296193446, 0.2549554456580856, 0.22736057813794455, 0.1946279767061077, 0.2798018383076798, 0.08358295471307253, 0.17800543077463685, 0.20648979424060718, 0.14153875080392786, 0.2231153539750515, 0.1459939984048869, 0.20490257762495007, 0.16512039423689379, 0.24183321691809834, 0.17384856529963477, 0.21958978725236045, 0.35852641901234955, 0.0866729209785462, 0.20872093830453836, 0.21828584511747934, 0.23727325515057227, 0.181872110637381, 0.15205663463724586, 0.1589483058785283, 0.36418629573568384, 0.25624982022215487, 0.2711334046898316, 0.18164264008258663, 0.09418836500437183, 0.1290098012059084, 0.22032501699455131, 0.14833715736911723, 0.11122179422856761, 0.25770470363457354]",0.2075592263024574,0.06488693961281952,0.012598181204487219,0.49990025166725216,1,True,100
qg_4089--181/181_2265370.txt#0_2,"What was the 42nd state to join the Union on Nov 11, 1889?","['What was the 42nd state to join the Union on Nov 11, 1889? washington', 'What was the 42nd state to join the Union on Nov 11, 1889? washington', 'What was the 42nd state to join the Union on Nov 11, 1889? oregon', 'What was the 42nd state to join the Union on Nov 11, 1889? washington', 'What was the 42nd state to join the Union on Nov 11, 1889? washington', 'What was the 42nd state to join the Union on Nov 11, 1889? washington', 'What was the 42nd state to join the Union on Nov 11, 1889? washington', 'What was the 42nd state to join the Union on Nov 11, 1889? washington', 'What was the 42nd state to join the Union on Nov 11, 1889? washington', 'What was the 42nd state to join the Union on Nov 11, 1889? montana']",0.5,2.0,0.1949610450979702,"[0.2312768177510045, 0.08663015930831061, 0.29655822808971766, 0.3016940820391689, 0.09262786626006231, 0.06046050660681827, 0.08791587467590761, 0.14392848843602463, 0.2919600115811646, 0.18033458416978704, 0.36673485854315424, 0.14352701914053015, 0.452245423090617, 0.11265891928290045, 0.35628364012856706, 0.12592510259443826, 0.12255504941482853, 0.15054119430211452, 0.05288392189620825, 0.09297146641991302, 0.23181170545536905, 0.0961028897509815, 0.11491666513660347, 0.27202985231726584, 0.19779812443241257, 0.26132588849586813, 0.17357639768682379, 0.25449724798670315, 0.17677411150560046, 0.2657279419714481, 0.24632563953405903, 0.12232270057328144, 0.2534053282672587, 0.5356053693617591, 0.15776648182837247, 0.18788331786714446, 0.10582841708686974, 0.37310560173532104, 0.27676279515973945, 0.10158060909021406, 0.20642632099670694, 0.41249558478253345, 0.24084657553372776, 0.22646127029492066, 0.48395810647259796, 0.06331235062630604, 0.24387015375113985, 0.3726375278057279, 0.25558720871471297, 0.18742254000692044, 0.18828826349962796, 0.12786190810467382, 0.26210308543111627, 0.07400266033723413, 0.17947867481802784, 0.1884387688669712, 0.2513710238394178, 0.08181148195148166, 0.09801729344744194, 0.3807519365898353, 0.4231701850550549, 0.23815827519623972, 0.36054263656420976, 0.43002495578479394, 0.2516852957501599, 0.06200379588341107, 0.29995010360561764, 0.19749864090288635, 0.15122776330035642, 0.13890159473559768, 0.35456894085438545, 0.17742985794305008, 0.13873646191891084, 0.33536997133008234, 0.08311055535303691, 0.15404385124215034, 0.2513585412997332, 0.2723810139966485, 0.33299341857222736, 0.4669328826009649, 0.33172635243127896, 0.1263341076608536, 0.07520313046523011, 0.12809321646139066, 0.09296168394285745, 0.21442682141891903, 0.10986605867510921, 0.2061554556081513, 0.3037515570629126, 0.2889683647767422, 0.10864346839216173, 0.10025494269811176, 0.2658278260359547, 0.3023892796735554, 0.21017875737825054, 0.3503767268501812, 0.09895677238393463, 0.12203022402261303, 0.22452458690705931, 0.24322850854060643]",0.21703989618120847,0.1095840447138087,0.022078851083238288,0.5003082313918575,1,True,100
qg_4089--181/181_2265370.txt#0_2,"What was the 42nd state to join the Union on Nov 11, 1889?","['What was the 42nd state to join the Union on Nov 11, 1889? washington', 'What was the 42nd state to join the Union on Nov 11, 1889? washington', 'What was the 42nd state to join the Union on Nov 11, 1889? oregon', 'What was the 42nd state to join the Union on Nov 11, 1889? washington', 'What was the 42nd state to join the Union on Nov 11, 1889? washington', 'What was the 42nd state to join the Union on Nov 11, 1889? washington', 'What was the 42nd state to join the Union on Nov 11, 1889? washington', 'What was the 42nd state to join the Union on Nov 11, 1889? washington', 'What was the 42nd state to join the Union on Nov 11, 1889? washington', 'What was the 42nd state to join the Union on Nov 11, 1889? montana']",1.0,0.5,0.1949610450979702,"[0.17261196040143512, 0.18286303006533378, 0.19459718860917263, 0.23087251094527192, 0.1683824071734829, 0.17809475098454844, 0.1771801639274495, 0.180419484589017, 0.20726971939622865, 0.16484215159483345, 0.157130597680869, 0.19783556075419184, 0.25861394342721317, 0.14352012712037449, 0.23072462065742955, 0.2046183875112687, 0.1992603381718093, 0.2191512690825433, 0.21884150409650766, 0.18195795333068876, 0.18870833775860857, 0.18058640074458024, 0.20711614690918273, 0.1889284532910372, 0.1455807855363475, 0.18976362851422257, 0.16892550272500179, 0.2561462620525559, 0.231833552364129, 0.2208376099532254, 0.26375334151541624, 0.2010817193596989, 0.22769307313502418, 0.22832890180720666, 0.17137001588180972, 0.21189482353846636, 0.16485040146308017, 0.18443813960505376, 0.1998102162484563, 0.18690065863524408, 0.23477692454810412, 0.17495413788960984, 0.1914243274890455, 0.17773405661884198, 0.18730967132484583, 0.2159679599232985, 0.19744024548861733, 0.20117446131903577, 0.2002155996452861, 0.17901664223836355, 0.17533683513878195, 0.19570467912743533, 0.22789892844043552, 0.17966990144570252, 0.21073253434015138, 0.2682138090123279, 0.20984261018691203, 0.1687551253206008, 0.1854330067485075, 0.20458283569786964, 0.1941811874172136, 0.20636317865922887, 0.3506214592242278, 0.1932089272932408, 0.2349571512163512, 0.2266530724133194, 0.25566612054220855, 0.16194823641952044, 0.16903816685798484, 0.2021244430608894, 0.24477803395362294, 0.22888171452826328, 0.177028796738947, 0.21080990891321366, 0.21329264658996594, 0.15373670903382966, 0.22041437128344676, 0.20646826895641568, 0.2222586859972619, 0.16810143154295668, 0.2516926676507131, 0.19075501885355697, 0.22846937070665274, 0.19638990648005583, 0.25739081912466655, 0.23731011433939647, 0.2003860948579525, 0.1866665675511334, 0.1730077918658733, 0.205092414088657, 0.15747677776818095, 0.14431268093201094, 0.18101293175979344, 0.1803533060712122, 0.18634413159372473, 0.1895749742230269, 0.17864510873128114, 0.20494506396030693, 0.19460531175934254, 0.18476759719992691]",0.2004325109266136,0.031431387079331304,0.005471465828643413,1.0000076509758193,1,True,100
qg_4089--181/181_2265370.txt#0_2,"What was the 42nd state to join the Union on Nov 11, 1889?","['What was the 42nd state to join the Union on Nov 11, 1889? washington', 'What was the 42nd state to join the Union on Nov 11, 1889? washington', 'What was the 42nd state to join the Union on Nov 11, 1889? oregon', 'What was the 42nd state to join the Union on Nov 11, 1889? washington', 'What was the 42nd state to join the Union on Nov 11, 1889? washington', 'What was the 42nd state to join the Union on Nov 11, 1889? washington', 'What was the 42nd state to join the Union on Nov 11, 1889? washington', 'What was the 42nd state to join the Union on Nov 11, 1889? washington', 'What was the 42nd state to join the Union on Nov 11, 1889? washington', 'What was the 42nd state to join the Union on Nov 11, 1889? montana']",1.0,1.0,0.1949610450979702,"[0.15096470513854332, 0.23880474807949875, 0.1963132878253172, 0.13842514717295762, 0.14076433640143998, 0.2366225406853065, 0.2089638157313266, 0.21967900063896356, 0.19538051008480867, 0.1235111611812211, 0.26407492068941973, 0.2879956141970069, 0.12997426187462519, 0.10221396871210343, 0.12718026460776966, 0.14628657521382837, 0.28645208504900116, 0.231112299216855, 0.28521387605115994, 0.19352232452921714, 0.21093217885405266, 0.48237329194768086, 0.15715857935658883, 0.3214932948937298, 0.21858666897521312, 0.0610950109718426, 0.08813426308895053, 0.31921200206159583, 0.0948838867014871, 0.20737588097908893, 0.2174203124496921, 0.2586744044351099, 0.24923416458415326, 0.19352048789948328, 0.29627825511654365, 0.25418131786545156, 0.3377848281562814, 0.18612868978348135, 0.21245237695972935, 0.3036187768534294, 0.17576192244697386, 0.18863103506573087, 0.1690513831191184, 0.10317639941946102, 0.24056241440888948, 0.24013449302803375, 0.2395995500636774, 0.17409703717854597, 0.19038115841651754, 0.25332225816303283, 0.24943293603058936, 0.13049265921279318, 0.20812759006597176, 0.09773075613668031, 0.18461122851646633, 0.31122001103611957, 0.13870064720539815, 0.1158213015040489, 0.28638223623263737, 0.3773070350241997, 0.1982466835154403, 0.11031825262542534, 0.22160385866490923, 0.26697436135268926, 0.22194129660145862, 0.15064597162148252, 0.25341347438107303, 0.15219861249622435, 0.2416964825544229, 0.11326943742241635, 0.19797822822213829, 0.1115154625442673, 0.25445134062126723, 0.2934576053649185, 0.12398333671575343, 0.1588071753658885, 0.127675377602334, 0.18234352203588233, 0.11890416451981423, 0.2967954079953702, 0.2265547986914837, 0.13281899653895418, 0.21649484462305063, 0.15139756441286376, 0.18244175541852967, 0.22649697502089403, 0.33482586744043585, 0.34694285450612783, 0.18258888602784767, 0.22736252707338533, 0.19394310833663925, 0.14085202650790782, 0.1645007429481413, 0.09777744174838657, 0.17409201396620805, 0.2209995499733476, 0.14217529619549713, 0.15878926568422658, 0.2993201806200339, 0.2720335538614844]",0.20537166469107462,0.07302408009705591,0.010410619593104437,0.9998051187702278,1,True,100
qg_4089--181/181_2265370.txt#0_2,"What was the 42nd state to join the Union on Nov 11, 1889?","['What was the 42nd state to join the Union on Nov 11, 1889? washington', 'What was the 42nd state to join the Union on Nov 11, 1889? washington', 'What was the 42nd state to join the Union on Nov 11, 1889? oregon', 'What was the 42nd state to join the Union on Nov 11, 1889? washington', 'What was the 42nd state to join the Union on Nov 11, 1889? washington', 'What was the 42nd state to join the Union on Nov 11, 1889? washington', 'What was the 42nd state to join the Union on Nov 11, 1889? washington', 'What was the 42nd state to join the Union on Nov 11, 1889? washington', 'What was the 42nd state to join the Union on Nov 11, 1889? washington', 'What was the 42nd state to join the Union on Nov 11, 1889? montana']",1.0,2.0,0.1949610450979702,"[0.1518359862345568, 0.28064382574877256, 0.14250800510121203, 0.29646925687029707, 0.23221656119522469, 0.18272549165924729, 0.364879160846775, 0.46323182291084186, 0.2423023148763517, 0.13043301565929577, 0.170989995297609, 0.22849647722094205, 0.0579978265222366, 0.09030884950012637, 0.06359513749364852, 0.10834477545646867, 0.26481284853632164, 0.21599797228427126, 0.14614278130459663, 0.2265748470651172, 0.1507101567312371, 0.11903057742792895, 0.3926643579059242, 0.513661622760355, 0.16999118224433257, 0.37093505619964656, 0.17177160613479264, 0.12323499956632632, 0.3006471963666394, 0.23836591812980037, 0.1504602481925864, 0.15242730812455318, 0.37175024662404815, 0.1795871743981307, 0.05076069530298791, 0.5310378860077212, 0.11648422342019038, 0.3471791808881195, 0.6394312677633429, 0.3762861326454391, 0.19658601940585035, 0.15104957390163418, 0.14595914936362578, 0.32332138187510956, 0.18159213132197344, 0.30783132269535357, 0.14761017880454352, 0.2985037816187114, 0.2426913975122203, 0.24525772253340594, 0.4768102128871824, 0.25755996957730276, 0.3758016930292801, 0.093140970887714, 0.3650959728919517, 0.1824648984126917, 0.07577415065627494, 0.07801817495983826, 0.7186519542049828, 0.27769608761418946, 0.35732204535590895, 0.2951618480105899, 0.15374721987320844, 0.12660868657229915, 0.28059581434084796, 0.35806886058994447, 0.24121221030635198, 0.13015935816258514, 0.07274188604459078, 0.29687625641124765, 0.22456094292358844, 0.1800979482113314, 0.08801823424250849, 0.3359910337464542, 0.20046843220619054, 0.4289332368228914, 0.3783940626744805, 0.15371963306961328, 0.36742789257013736, 0.15482979892214666, 0.2612950865632791, 0.17456126591609106, 0.19247510206845944, 0.13144809167877455, 0.023560071296320293, 0.20069204563516946, 0.18212758504538917, 0.2464613656550399, 0.09945253171619539, 0.1764055864759096, 0.2185865468805248, 0.42737406566689035, 0.4628510544806885, 0.15093855916241866, 0.14178686071991342, 0.25914203840235844, 0.22825163844401225, 0.26702814229402244, 0.16600967042853487, 0.17512621628189884]",0.2367884965864066,0.12728071438682967,0.04182745148843642,0.9994119303779669,1,True,100
qg_4089--181/181_2265370.txt#0_2,"What was the 42nd state to join the Union on Nov 11, 1889?","['What was the 42nd state to join the Union on Nov 11, 1889? washington', 'What was the 42nd state to join the Union on Nov 11, 1889? washington', 'What was the 42nd state to join the Union on Nov 11, 1889? oregon', 'What was the 42nd state to join the Union on Nov 11, 1889? washington', 'What was the 42nd state to join the Union on Nov 11, 1889? washington', 'What was the 42nd state to join the Union on Nov 11, 1889? washington', 'What was the 42nd state to join the Union on Nov 11, 1889? washington', 'What was the 42nd state to join the Union on Nov 11, 1889? washington', 'What was the 42nd state to join the Union on Nov 11, 1889? washington', 'What was the 42nd state to join the Union on Nov 11, 1889? montana']",2.0,0.5,0.1949610450979702,"[0.23004433390344733, 0.2509323430931085, 0.2846605844526121, 0.3101684085877495, 0.21018516154232042, 0.18220041761863612, 0.21996565590619513, 0.16181245727598953, 0.22196143674878765, 0.152510390015815, 0.19981100782126915, 0.17108840830906258, 0.2449654638409386, 0.15735479399772728, 0.21129427025464198, 0.22823396226959258, 0.2031491182539159, 0.17536927941187075, 0.18137399012944905, 0.22231769077356617, 0.17518429384977469, 0.20366426018655637, 0.20844741924345392, 0.13952368739583326, 0.2290000113441245, 0.18967538059897115, 0.23167839192730094, 0.2532713026258736, 0.21299615253931858, 0.3347526629189428, 0.18767479798641973, 0.26818413148375586, 0.18471909067984713, 0.20168544733669336, 0.18531294254251945, 0.19940321505936204, 0.19465646764869232, 0.169259612877876, 0.13811161371649577, 0.18816526925003474, 0.18975616605592807, 0.19065161427321725, 0.1597964386720179, 0.11758918409634488, 0.15102893318213145, 0.2364674967811757, 0.1800325023136831, 0.17942468000524497, 0.16663060344689862, 0.14136519003422918, 0.21277260641441267, 0.21578075359752796, 0.14733705128557542, 0.17601599667710222, 0.2387664549876975, 0.16167104832022006, 0.22285178397041766, 0.13549795637956327, 0.14131788636310927, 0.18301497637497227, 0.18441471725897057, 0.19444953303857307, 0.16721305029645286, 0.23512021024976693, 0.21430378912632017, 0.16162003598468805, 0.22849406315266887, 0.1971902912432085, 0.1987396668719288, 0.2294557314478398, 0.16935271880847957, 0.23803316692245496, 0.1608833330895756, 0.2702773304663865, 0.14943814158068697, 0.17993269392621175, 0.1836125481579837, 0.21212655827266713, 0.17804580880073917, 0.22129550030329997, 0.09664432345246671, 0.2186736033879764, 0.22177247727481977, 0.19186514228564594, 0.17791752444042586, 0.14745403370323815, 0.2091481184151974, 0.15720115171483512, 0.14095363369726133, 0.16595708830033556, 0.19331990617705164, 0.2106365983375367, 0.20329365046564124, 0.25276380583013314, 0.22100545467707827, 0.21569236347347598, 0.23253516368892393, 0.24894102633018472, 0.15261359677362837, 0.27305354483237215]",0.1976797574490714,0.040004026607488224,0.0027187123511012157,1.999956896485112,1,True,100
qg_4089--181/181_2265370.txt#0_2,"What was the 42nd state to join the Union on Nov 11, 1889?","['What was the 42nd state to join the Union on Nov 11, 1889? washington', 'What was the 42nd state to join the Union on Nov 11, 1889? washington', 'What was the 42nd state to join the Union on Nov 11, 1889? oregon', 'What was the 42nd state to join the Union on Nov 11, 1889? washington', 'What was the 42nd state to join the Union on Nov 11, 1889? washington', 'What was the 42nd state to join the Union on Nov 11, 1889? washington', 'What was the 42nd state to join the Union on Nov 11, 1889? washington', 'What was the 42nd state to join the Union on Nov 11, 1889? washington', 'What was the 42nd state to join the Union on Nov 11, 1889? washington', 'What was the 42nd state to join the Union on Nov 11, 1889? montana']",2.0,1.0,0.1949610450979702,"[0.20336816267966001, 0.28072280428991037, 0.16923128896288103, 0.16600534036898607, 0.15862569553158679, 0.1340630377340926, 0.20142489201384994, 0.21221507136968693, 0.11918530098714528, 0.18794635244026164, 0.21904269433448648, 0.14640890982637533, 0.09512683789260923, 0.28160517223381454, 0.14505149272858878, 0.14172145848550088, 0.17254295756060709, 0.24097094660334833, 0.08553831579763718, 0.11155508420352873, 0.22692772617302925, 0.22546537542021364, 0.09485024234043321, 0.1519520488435986, 0.20679632186052743, 0.28972957855949044, 0.20222016867185802, 0.12748536382309386, 0.07579669015713714, 0.17710297332965347, 0.14600965534785865, 0.2649586075344316, 0.31141051605459436, 0.2120137746620499, 0.35609264178730093, 0.18045292295193213, 0.3485704127408684, 0.21469493650689792, 0.19547703762609597, 0.11691761856073274, 0.3228198808998068, 0.1678760895579568, 0.22945301206498875, 0.24391075467083867, 0.1919786936170791, 0.16518726004275583, 0.2816879244338541, 0.1394998300414074, 0.19154237850214653, 0.17758226829637908, 0.11532047049793626, 0.23646129314095485, 0.1652591536092554, 0.17838502711357926, 0.26007039826171235, 0.18399803641380416, 0.2134997392059717, 0.34537475217612223, 0.26318435713132865, 0.20017478338701075, 0.22351904176680887, 0.12809203493756027, 0.1559838021044146, 0.18410454857893316, 0.21809582514808365, 0.18037408895604645, 0.21341010867928095, 0.17266258041662574, 0.13048480289118825, 0.1137318266524855, 0.22928870706727383, 0.14285993925001175, 0.24627904931634115, 0.08531796746622909, 0.20503314588843607, 0.2285132857101741, 0.13661697853320098, 0.260023403841271, 0.19467003926093465, 0.294901492134676, 0.33079093137125803, 0.1392668878096593, 0.2132841771135135, 0.2467532959645832, 0.29738754059427697, 0.14998097377808078, 0.2670017517035818, 0.1942555483601671, 0.3949257199619702, 0.2343887139002999, 0.18737982225238065, 0.3094736711077413, 0.2108152404923123, 0.24313172928000415, 0.1941402080658057, 0.18893403090926117, 0.28133188184504465, 0.2082716688544437, 0.1519374840187573, 0.24635052490237935]",0.2030430700294674,0.06499238898634072,0.008082024931497206,2.000004140107034,1,True,100
qg_4089--181/181_2265370.txt#0_2,"What was the 42nd state to join the Union on Nov 11, 1889?","['What was the 42nd state to join the Union on Nov 11, 1889? washington', 'What was the 42nd state to join the Union on Nov 11, 1889? washington', 'What was the 42nd state to join the Union on Nov 11, 1889? oregon', 'What was the 42nd state to join the Union on Nov 11, 1889? washington', 'What was the 42nd state to join the Union on Nov 11, 1889? washington', 'What was the 42nd state to join the Union on Nov 11, 1889? washington', 'What was the 42nd state to join the Union on Nov 11, 1889? washington', 'What was the 42nd state to join the Union on Nov 11, 1889? washington', 'What was the 42nd state to join the Union on Nov 11, 1889? washington', 'What was the 42nd state to join the Union on Nov 11, 1889? montana']",2.0,2.0,0.1949610450979702,"[0.10924265946415232, 0.17819727487426018, 0.12733209098225, 0.3573701319078611, 0.21664579810406703, 0.1374281748870093, 0.44549661481623126, 0.16895434177419338, 0.41987059060455956, 0.15500605093301695, 0.2226041641776079, 0.3939458967239604, 0.20273286760530687, 0.16185112845970717, 0.30115661126670706, 0.14764300867492405, 0.2281679517946401, 0.1337544135026195, 0.07898926439689082, 0.15011816012809426, 0.120709913286827, 0.17382150286831788, 0.3300350640797893, 0.2156890104809686, 0.08625763878363905, 0.14021638301877748, 0.11844789528857835, 0.17976810227296205, 0.45502702227792735, 0.13262370261816542, 0.05645547184884197, 0.39384177506799517, 0.10825143155985963, 0.1068938424778553, 0.5836058323705668, 0.15245765461156113, 0.06175750178116789, 0.1470421419084792, 0.15398041370439047, 0.24483716514696827, 0.09706482545174495, 0.4273440272563386, 0.33180860635978965, 0.11766238111127796, 0.27936838146204473, 0.22964602629330058, 0.1523187265318906, 0.22991657587021444, 0.1790958207109271, 0.16596212448853503, 0.42508934333679693, 0.25097888998447904, 0.2654837052134328, 0.29685515972853005, 0.14807815730489116, 0.38276798159013425, 0.37646958819413323, 0.1295297734298664, 0.26115324793954375, 0.37165588879721734, 0.10976347079878637, 0.4631071262716975, 0.7073905698672187, 0.09664137835086205, 0.37625774700760417, 0.4064318239755496, 0.1803002752300866, 0.33604140060835846, 0.3634571762782807, 0.173350803216695, 0.4131476188305989, 0.12866441945355114, 0.45354975987229595, 0.06782377395136638, 0.14195689354603572, 0.20856761535276722, 0.1902078435594103, 0.3974219158850869, 0.0997754195555692, 0.19733104231584866, 0.06071705656160152, 0.08775302941625726, 0.16756852662546404, 0.08780960181085051, 0.48170606419301676, 0.034336392821164484, 0.4881464874588357, 0.11209144508776764, 0.07777272202223333, 0.04790278207191037, 0.15084805098440915, 0.06169636768500086, 0.12045813553675283, 0.2482838533499075, 0.1510926846731821, 0.406576309060607, 0.14881804115176822, 0.41699423677637537, 0.12827908827344237, 0.12287880459586581]",0.22529393645670864,0.13681565656394104,0.030332891358738456,2.000104816415381,1,True,100
bb_5497--152/152_643813.txt#0_2,Which country in 2001 became the first to decriminalize recreational drug use?,"['Which country in 2001 became the first to decriminalize recreational drug use? portugal', 'Which country in 2001 became the first to decriminalize recreational drug use? the netherlands', 'Which country in 2001 became the first to decriminalize recreational drug use? portugal', 'Which country in 2001 became the first to decriminalize recreational drug use? netherlands', 'Which country in 2001 became the first to decriminalize recreational drug use? The Netherlands', 'Which country in 2001 became the first to decriminalize recreational drug use? portugal', 'Which country in 2001 became the first to decriminalize recreational drug use? portugal', 'Which country in 2001 became the first to decriminalize recreational drug use? netherlands', 'Which country in 2001 became the first to decriminalize recreational drug use? portugal', 'Which country in 2001 became the first to decriminalize recreational drug use? portugal']",0.0,0.5,0.5343522583278759,"[0.538113399976763, 0.5125111837088404, 0.5516564379591107, 0.5148603810536214, 0.5553416166539344, 0.5479213446916374, 0.5396996063953338, 0.5307220462038803, 0.536456837710143, 0.5475624942027357, 0.523206444542395, 0.5546885695524273, 0.5391250144133581, 0.5849277696759043, 0.5541499933215659, 0.5220602524587902, 0.5431101677347763, 0.5318583808197254, 0.5116032387702505, 0.5436055859373281, 0.5116610659720966, 0.5145716451530044, 0.502321465304033, 0.5549765290749654, 0.5296996713288752, 0.5677420379096658, 0.5645973147702988, 0.505805657342218, 0.5322717923352084, 0.5244451119077951, 0.539322335149132, 0.5269699391386338, 0.5645038722925205, 0.5556474967771243, 0.5277228227120441, 0.550971064567442, 0.5552503405903703, 0.5200284528672503, 0.5155809819333447, 0.5544943244648439, 0.5380940205416771, 0.5267468476892953, 0.5400825435262541, 0.5530778700496639, 0.5101355729549747, 0.5056114991160623, 0.5696053291953715, 0.5413208709767203, 0.5059490235938595, 0.5177612092405929, 0.5094104873757636, 0.53336094289763, 0.5401242725021564, 0.5416369197060675, 0.5429166351525206, 0.5348209143398732, 0.5580977085921108, 0.5107494035060605, 0.5283665668700501, 0.5380152662779247, 0.5525926315649845, 0.5510854785246573, 0.5226717037784636, 0.5683940146915287, 0.5179482444151408, 0.5385187703140719, 0.5226879350684681, 0.5326875733153724, 0.5431849748126537, 0.5339211014527658, 0.5175722505659996, 0.5574211141561705, 0.5149866737290075, 0.4963643327178535, 0.5352698120727695, 0.549958545621567, 0.5416786040486671, 0.5525006303893298, 0.5261609833757364, 0.5263280824358055, 0.5589959277838636, 0.5451210378805287, 0.54233747931837, 0.5629002126705345, 0.5295471779282608, 0.5519733661829376, 0.5109934472298021, 0.5140863586564899, 0.5379280162963855, 0.5501771741468667, 0.5066197399608957, 0.5549386307398263, 0.5305967098467339, 0.5561291530902562, 0.5282077513821787, 0.5291087100650512, 0.519500978445953, 0.4982457816833019, 0.5279637161216214, 0.5345558372197154]",0.535395092551786,0.018222561149257223,0.0010428342239100497,5.423947421302055e-05,1,True,100
bb_5497--152/152_643813.txt#0_2,Which country in 2001 became the first to decriminalize recreational drug use?,"['Which country in 2001 became the first to decriminalize recreational drug use? portugal', 'Which country in 2001 became the first to decriminalize recreational drug use? the netherlands', 'Which country in 2001 became the first to decriminalize recreational drug use? portugal', 'Which country in 2001 became the first to decriminalize recreational drug use? netherlands', 'Which country in 2001 became the first to decriminalize recreational drug use? The Netherlands', 'Which country in 2001 became the first to decriminalize recreational drug use? portugal', 'Which country in 2001 became the first to decriminalize recreational drug use? portugal', 'Which country in 2001 became the first to decriminalize recreational drug use? netherlands', 'Which country in 2001 became the first to decriminalize recreational drug use? portugal', 'Which country in 2001 became the first to decriminalize recreational drug use? portugal']",0.0,1.0,0.5343522583278759,"[0.5371038334236689, 0.5893375276857447, 0.539976948528019, 0.5022456648330471, 0.5160025679296798, 0.5387018311019822, 0.5515590952654627, 0.5588435079051002, 0.47250707181920804, 0.5887704904080749, 0.5183214655484811, 0.5657952725309391, 0.4843335825377816, 0.4988270078543195, 0.4722998560213877, 0.5443035890649454, 0.5425602706155105, 0.5389241446643842, 0.5677229344026349, 0.5710838217671798, 0.6588481226335018, 0.42561731435581407, 0.5941626244484703, 0.571137907602932, 0.585484030979649, 0.5937342236665197, 0.5493249677489885, 0.5699552761014093, 0.5791528311180687, 0.5472653913906798, 0.5530981216525441, 0.5591640855442788, 0.5537798336271594, 0.4521013085586477, 0.5909339451501742, 0.5437368415958449, 0.4983176075118577, 0.5270348462236141, 0.5017581328676441, 0.5964997795403004, 0.5093220706919083, 0.5537018893856055, 0.526671375709765, 0.5894173201981512, 0.47750077360177, 0.5204144387222407, 0.5456265647955312, 0.484169625954571, 0.5238553624979592, 0.524072623514735, 0.537588252649567, 0.5445287065422136, 0.4922642783444141, 0.5337820899299381, 0.5601641504080607, 0.5383959151844752, 0.5192116899440534, 0.45819408426558694, 0.5344957841666661, 0.5385987132794077, 0.4819440298284695, 0.5241291418189957, 0.48179664142651973, 0.4862412170811157, 0.5101440741151148, 0.5289102883047655, 0.5275361543164567, 0.5301866804285558, 0.524862903135609, 0.4824167075676299, 0.41757144163054094, 0.5272004087237305, 0.5504965039443515, 0.4713164564606135, 0.5703757644022764, 0.5431436800724783, 0.5700403833947515, 0.5872507095601516, 0.4503399299185402, 0.558293752401525, 0.5420587168179203, 0.5186119892309493, 0.6019543737321627, 0.5704274755136913, 0.5085641060857509, 0.5322210890515854, 0.6192939734295757, 0.5409845233445806, 0.5409527966653055, 0.5746332684626758, 0.5254666630816142, 0.5953862271047128, 0.5013144502132263, 0.5055359777375521, 0.590546389163705, 0.5158921512461873, 0.5323857486313467, 0.5619134384234619, 0.5102439052134612, 0.6043231015884805]",0.535792106192824,0.04192839723487992,0.0014398478649481072,-7.315533787661972e-05,1,True,100
bb_5497--152/152_643813.txt#0_2,Which country in 2001 became the first to decriminalize recreational drug use?,"['Which country in 2001 became the first to decriminalize recreational drug use? portugal', 'Which country in 2001 became the first to decriminalize recreational drug use? the netherlands', 'Which country in 2001 became the first to decriminalize recreational drug use? portugal', 'Which country in 2001 became the first to decriminalize recreational drug use? netherlands', 'Which country in 2001 became the first to decriminalize recreational drug use? The Netherlands', 'Which country in 2001 became the first to decriminalize recreational drug use? portugal', 'Which country in 2001 became the first to decriminalize recreational drug use? portugal', 'Which country in 2001 became the first to decriminalize recreational drug use? netherlands', 'Which country in 2001 became the first to decriminalize recreational drug use? portugal', 'Which country in 2001 became the first to decriminalize recreational drug use? portugal']",0.0,2.0,0.5343522583278759,"[0.6563663636995296, 0.5307258029973284, 0.6175417215638204, 0.6026079941319973, 0.5159637923454784, 0.3203353249778191, 0.5766750734797794, 0.47055819253042774, 0.6168407346250384, 0.47978099854445055, 0.6399934494251982, 0.3730986545821131, 0.4442873421431376, 0.5519379934266924, 0.45993888824043405, 0.5395374635199695, 0.5926434240169098, 0.4771509318416724, 0.47996514195234646, 0.4830960753328058, 0.49354739628436883, 0.48604197897251944, 0.509594964765728, 0.5552637885499511, 0.617633802898778, 0.5517852031143045, 0.5892593642896624, 0.48770523759064666, 0.46276973278699407, 0.5527148705510614, 0.5672730054622388, 0.407273459877812, 0.3713159188952606, 0.45875501139887803, 0.6181290537113122, 0.618114767442093, 0.44658154250682436, 0.6566640319808881, 0.5695187565346691, 0.4677670491954049, 0.5701291548814058, 0.5987033424361706, 0.5004241153109357, 0.6103882025724185, 0.4515322673698392, 0.525681810827705, 0.33598191908066877, 0.5846953147703307, 0.4572130853529651, 0.5229499275737355, 0.6758022867351031, 0.6030080297524697, 0.598365863359551, 0.5984036394362012, 0.5913403582576857, 0.5253070881520843, 0.4864426002057036, 0.3771074845980379, 0.499318106613593, 0.5666861791869128, 0.6344738777940137, 0.6854063660593257, 0.6074855893242637, 0.5200423101455779, 0.6237672373724992, 0.6415303351078571, 0.6257561942447478, 0.602846461893851, 0.622142957643503, 0.530924700847049, 0.598836432676377, 0.5856132484663739, 0.5343061255085043, 0.6318664445306981, 0.42736699489662133, 0.4569275853085907, 0.6368549446839846, 0.579243380482816, 0.5433825393562617, 0.566277623313782, 0.5766619053850003, 0.49493179385220115, 0.6158540323753415, 0.625644525959899, 0.6407634821789236, 0.45966256510878933, 0.3885283110689365, 0.4663897131237105, 0.27086935643052384, 0.5439070293225265, 0.5437799454686294, 0.6042884656554567, 0.5711238757958467, 0.6761344092793214, 0.6071245198928856, 0.6372588251012974, 0.5315694872505787, 0.4511707491323462, 0.6313928882682958, 0.5497541221235639]",0.5413809642909063,0.08425478594353811,0.007028705963030402,3.379799711695104e-05,1,True,100
bb_5497--152/152_643813.txt#0_2,Which country in 2001 became the first to decriminalize recreational drug use?,"['Which country in 2001 became the first to decriminalize recreational drug use? portugal', 'Which country in 2001 became the first to decriminalize recreational drug use? the netherlands', 'Which country in 2001 became the first to decriminalize recreational drug use? portugal', 'Which country in 2001 became the first to decriminalize recreational drug use? netherlands', 'Which country in 2001 became the first to decriminalize recreational drug use? The Netherlands', 'Which country in 2001 became the first to decriminalize recreational drug use? portugal', 'Which country in 2001 became the first to decriminalize recreational drug use? portugal', 'Which country in 2001 became the first to decriminalize recreational drug use? netherlands', 'Which country in 2001 became the first to decriminalize recreational drug use? portugal', 'Which country in 2001 became the first to decriminalize recreational drug use? portugal']",0.5,0.5,0.5343522583278759,"[0.525967813208805, 0.508648263676531, 0.5675169652534675, 0.5297293570116266, 0.5373867594661427, 0.5657690680381215, 0.518679909826625, 0.5348152337487747, 0.5353203040175969, 0.5754576509590879, 0.5056777713573524, 0.5455353926006697, 0.5458084377987049, 0.541447186918017, 0.5156726578861823, 0.5500574393555436, 0.5389869336291165, 0.5275694921046018, 0.5228308137577948, 0.5323365845748036, 0.5355877481913154, 0.5474110264749427, 0.5544755524550828, 0.5255120346889584, 0.5518592218067773, 0.5391820482702967, 0.5513786324822263, 0.5342891866166674, 0.5144396725194964, 0.5036921276983346, 0.5598403105664329, 0.5390809257716855, 0.5417992125082699, 0.5502710257541785, 0.5127956956844416, 0.5198322980700021, 0.5080468884152898, 0.507063719516334, 0.5562772067444897, 0.5215945861221718, 0.5344278869747535, 0.5274179370428309, 0.5080458970740684, 0.5147544228652773, 0.5364824609035077, 0.552661602424072, 0.5244377707570222, 0.5524480623693344, 0.5265645528074225, 0.5434046511551661, 0.5363904088565821, 0.5334482132153835, 0.5412237270562963, 0.5442267499749188, 0.5528367347156184, 0.5134335330629263, 0.5588451900811016, 0.5670032807071068, 0.5097291748396319, 0.5185981863748087, 0.5707530939676965, 0.5392981240218192, 0.5220900106890647, 0.5471470566926028, 0.5290066437695885, 0.5512945923219873, 0.5296747268469802, 0.5331761780570576, 0.5261431060316054, 0.5537261912173481, 0.5507199422875673, 0.5216195312005685, 0.5150742046288065, 0.591300672568876, 0.5539760960455721, 0.5500698994800265, 0.5027231699221832, 0.574499813934013, 0.543459320427155, 0.5770531696922635, 0.5321829168191299, 0.5246932878665189, 0.5478258026791817, 0.5361998302532485, 0.5372573634993405, 0.5269305715092454, 0.5123008676869187, 0.552439182885373, 0.5404360707946354, 0.5421206894082158, 0.5420522052489021, 0.518320543072458, 0.5737463029779473, 0.5767516638606995, 0.5383162033250677, 0.538406061959992, 0.5334236737259918, 0.5156003750124378, 0.5187546709375869, 0.5411741712317633]",0.5372776159736223,0.01868844176131843,0.002925357645746418,0.4999851127492695,1,True,100
bb_5497--152/152_643813.txt#0_2,Which country in 2001 became the first to decriminalize recreational drug use?,"['Which country in 2001 became the first to decriminalize recreational drug use? portugal', 'Which country in 2001 became the first to decriminalize recreational drug use? the netherlands', 'Which country in 2001 became the first to decriminalize recreational drug use? portugal', 'Which country in 2001 became the first to decriminalize recreational drug use? netherlands', 'Which country in 2001 became the first to decriminalize recreational drug use? The Netherlands', 'Which country in 2001 became the first to decriminalize recreational drug use? portugal', 'Which country in 2001 became the first to decriminalize recreational drug use? portugal', 'Which country in 2001 became the first to decriminalize recreational drug use? netherlands', 'Which country in 2001 became the first to decriminalize recreational drug use? portugal', 'Which country in 2001 became the first to decriminalize recreational drug use? portugal']",0.5,1.0,0.5343522583278759,"[0.5625886207207941, 0.4673028283310048, 0.6193766626428943, 0.5030708317020383, 0.5590176754653571, 0.5555368371294103, 0.5419090874922434, 0.5673262637701633, 0.5380029688723547, 0.49763999540096593, 0.5367855058441389, 0.47664776214085164, 0.5168177012122365, 0.5612755473002767, 0.5463827746396885, 0.55249480180625, 0.4346593188468737, 0.5338441185832514, 0.543450634740692, 0.47140108206475695, 0.564735923642198, 0.5705042524851643, 0.5222998618925461, 0.5437298501114676, 0.5698825477420875, 0.5833890413816017, 0.5356971065399766, 0.5506849329634059, 0.5780042313495016, 0.5520180140988349, 0.5982808794973252, 0.5701690276563589, 0.5421509917494676, 0.546022066088114, 0.5416955463968984, 0.465635205848709, 0.4923817581993077, 0.5216364441798503, 0.5725407241729387, 0.48013367926363304, 0.5993855595288395, 0.5387433145108816, 0.4996885823187762, 0.60713105312003, 0.5922800341718196, 0.4167370323236872, 0.508163284129775, 0.556478430874619, 0.5078317441096505, 0.5713248050902568, 0.5384393750608898, 0.5757856766224239, 0.5651558891670535, 0.5540882182975463, 0.53629975492982, 0.5247957572533697, 0.563638375482021, 0.5067081993342122, 0.5150860752402564, 0.4932620768150697, 0.5411179692023336, 0.5582030954343916, 0.5968177258850534, 0.5127557360217161, 0.4751490960518786, 0.5695075525852497, 0.5490151772624229, 0.5969750277306325, 0.5375835012040094, 0.542209067563009, 0.5891628411874856, 0.5578445426526567, 0.5657265672783554, 0.5389504982792711, 0.49844642640454184, 0.5185089169083971, 0.5351941581394367, 0.5582592691408682, 0.48189222290679373, 0.5992222357214689, 0.5017581727788102, 0.572515139151801, 0.5312885066966957, 0.5292100386373427, 0.5435461350386983, 0.5136576670786739, 0.5598694717005668, 0.5440970572488542, 0.4873750326564399, 0.5724132691891579, 0.5738529578748615, 0.5512082034667409, 0.55553284619879, 0.5663395718649669, 0.4854340713615249, 0.5513913407099077, 0.5501931394905594, 0.5489501092364089, 0.5118051922680025, 0.49546672882735776]",0.5392659262138276,0.03745740498340881,0.004913667885951711,0.49993473065004757,1,True,100
bb_5497--152/152_643813.txt#0_2,Which country in 2001 became the first to decriminalize recreational drug use?,"['Which country in 2001 became the first to decriminalize recreational drug use? portugal', 'Which country in 2001 became the first to decriminalize recreational drug use? the netherlands', 'Which country in 2001 became the first to decriminalize recreational drug use? portugal', 'Which country in 2001 became the first to decriminalize recreational drug use? netherlands', 'Which country in 2001 became the first to decriminalize recreational drug use? The Netherlands', 'Which country in 2001 became the first to decriminalize recreational drug use? portugal', 'Which country in 2001 became the first to decriminalize recreational drug use? portugal', 'Which country in 2001 became the first to decriminalize recreational drug use? netherlands', 'Which country in 2001 became the first to decriminalize recreational drug use? portugal', 'Which country in 2001 became the first to decriminalize recreational drug use? portugal']",0.5,2.0,0.5343522583278759,"[0.41127887400392665, 0.515943779033218, 0.40359584498682693, 0.6058836369875082, 0.5996143881827228, 0.5930664000507844, 0.6517075078245471, 0.5439827841494586, 0.4614530920022165, 0.6080658302126071, 0.6175732833224481, 0.5622898551073223, 0.42206619883975777, 0.5833435703250358, 0.5522492631396402, 0.5972223112383704, 0.5229188469616829, 0.6353757636101975, 0.599225136002173, 0.6055966397773804, 0.6358439210418644, 0.5035248835618753, 0.526023289985152, 0.4763365951821149, 0.5213167195422017, 0.4454586244577677, 0.5378929064074953, 0.5284318787415583, 0.6014761720187161, 0.5758248295316148, 0.41177705281857735, 0.6084456470125741, 0.5324294503898382, 0.5172689859495311, 0.4842310489548317, 0.45550819282872335, 0.6128853955252336, 0.5863555460002623, 0.5721759951757397, 0.5837287071548167, 0.547043562771847, 0.5904848556107981, 0.49967524225660953, 0.6139711718558154, 0.6274922917546149, 0.5332656169097857, 0.5600935253402106, 0.4113181231022951, 0.64139667482893, 0.6273190079396815, 0.4400743475229822, 0.6293831215433249, 0.4216146128937819, 0.3425317994033542, 0.5177218203798651, 0.3604582689648067, 0.640694148865717, 0.42136140394825505, 0.5359376257036496, 0.5868892718834606, 0.5192417067809868, 0.4382501576482896, 0.6054306828987461, 0.3357987068573707, 0.5284908422218582, 0.654551703871852, 0.4996905158958273, 0.5781927659451546, 0.571575228692705, 0.6147245702583051, 0.5661747612499736, 0.6356633440286413, 0.600457446785976, 0.5443776130792165, 0.5474985800415568, 0.46718099868224494, 0.6219456278885869, 0.44039453113292115, 0.30026934682546663, 0.43884060784497025, 0.5629877278681258, 0.45513566906429936, 0.5184963789095665, 0.5794272030228089, 0.3435016606000429, 0.562901389069537, 0.5220005591529435, 0.5216693767039742, 0.5858721418876585, 0.5139591692788049, 0.5182289266573281, 0.6160558776062879, 0.5588072636717965, 0.6338471843831617, 0.39383088075739686, 0.5886610558224775, 0.5683487450125765, 0.6296950213960806, 0.5159679956175176, 0.41234798546333495]",0.5346860729209447,0.08148463962402298,0.0003338145930688041,0.5003797910220822,1,True,100
bb_5497--152/152_643813.txt#0_2,Which country in 2001 became the first to decriminalize recreational drug use?,"['Which country in 2001 became the first to decriminalize recreational drug use? portugal', 'Which country in 2001 became the first to decriminalize recreational drug use? the netherlands', 'Which country in 2001 became the first to decriminalize recreational drug use? portugal', 'Which country in 2001 became the first to decriminalize recreational drug use? netherlands', 'Which country in 2001 became the first to decriminalize recreational drug use? The Netherlands', 'Which country in 2001 became the first to decriminalize recreational drug use? portugal', 'Which country in 2001 became the first to decriminalize recreational drug use? portugal', 'Which country in 2001 became the first to decriminalize recreational drug use? netherlands', 'Which country in 2001 became the first to decriminalize recreational drug use? portugal', 'Which country in 2001 became the first to decriminalize recreational drug use? portugal']",1.0,0.5,0.5343522583278759,"[0.5451598496887651, 0.5378317331029675, 0.5372572101959461, 0.5697636742299841, 0.5536919841765809, 0.5295533994187759, 0.5570181809347958, 0.554352333899294, 0.5639837317323415, 0.5128116012930992, 0.5221829757276, 0.5358873519351287, 0.514051209335961, 0.46835381059277326, 0.5650913182869559, 0.5079424770646659, 0.5654305623559106, 0.5331987285177443, 0.5439060971340554, 0.5445939122750763, 0.5486467183972417, 0.5303151247591148, 0.5827615158369611, 0.5122801467995841, 0.5210360007656101, 0.5195153388539311, 0.5360267915684325, 0.508390360402375, 0.5334462792038397, 0.5885455646533359, 0.532199952431948, 0.5607260456035708, 0.5186267934536541, 0.5419282995690808, 0.5417478333673125, 0.5124808512912916, 0.5294983960613313, 0.5445361855049249, 0.5824065926297949, 0.49295893749761077, 0.5218132323461163, 0.5403200354904892, 0.5419371733167185, 0.5124177557398235, 0.5391533594980512, 0.5541784804412733, 0.5402994731623574, 0.5392237898588199, 0.5221898304898343, 0.5630343783808573, 0.5282285002872588, 0.5187752894154493, 0.5294093789707799, 0.5672849856220171, 0.5367981299519753, 0.5108277908918983, 0.5277901886641508, 0.5363820868777428, 0.500567407588671, 0.5686377333271356, 0.5207508205212671, 0.5340224823868192, 0.5566231408484306, 0.5171738527128242, 0.5554277789055949, 0.5215685282309922, 0.523652549321369, 0.5614619805289803, 0.5257763282001389, 0.5272849723301125, 0.5235931386387218, 0.5213534981554977, 0.5208606880182102, 0.5324568744397897, 0.5050405875992132, 0.5332784404452936, 0.5334237427689679, 0.5391424773892616, 0.5237499624868619, 0.5163504253571043, 0.5631269300875982, 0.5082160596730166, 0.5711132730022983, 0.5422463553622586, 0.5154781623308975, 0.5136492033300721, 0.5470918671720206, 0.5191003313063612, 0.534340820389057, 0.519604483353469, 0.5375044125601974, 0.5333343714971265, 0.5705644074367556, 0.5425822284710013, 0.5244293289556134, 0.5381855932759549, 0.5234831752767648, 0.5469528245575827, 0.5679985204242357, 0.531448592919854]",0.5354284808153837,0.020611591435318762,0.0010762224875078275,1.0000076828589564,1,True,100
bb_5497--152/152_643813.txt#0_2,Which country in 2001 became the first to decriminalize recreational drug use?,"['Which country in 2001 became the first to decriminalize recreational drug use? portugal', 'Which country in 2001 became the first to decriminalize recreational drug use? the netherlands', 'Which country in 2001 became the first to decriminalize recreational drug use? portugal', 'Which country in 2001 became the first to decriminalize recreational drug use? netherlands', 'Which country in 2001 became the first to decriminalize recreational drug use? The Netherlands', 'Which country in 2001 became the first to decriminalize recreational drug use? portugal', 'Which country in 2001 became the first to decriminalize recreational drug use? portugal', 'Which country in 2001 became the first to decriminalize recreational drug use? netherlands', 'Which country in 2001 became the first to decriminalize recreational drug use? portugal', 'Which country in 2001 became the first to decriminalize recreational drug use? portugal']",1.0,1.0,0.5343522583278759,"[0.4638414256398887, 0.5690244739557015, 0.5519703617696397, 0.5840095501254832, 0.5766908996012265, 0.5094867905123808, 0.5275053583454701, 0.5218687915807085, 0.5171962288911077, 0.5470549955724202, 0.5333068741334466, 0.5241027734072339, 0.48039555231305087, 0.5584874812219605, 0.5603847696437325, 0.5743367038874425, 0.5923847809676186, 0.5411910484259741, 0.5110944934345913, 0.5697330799710691, 0.5720154442941039, 0.5442714940004442, 0.5217427721584307, 0.5013921543540301, 0.6140890979282152, 0.5186698074922621, 0.5035431677238603, 0.5500694383150113, 0.5500475365398725, 0.5452669199963773, 0.509495901901911, 0.4837051426560216, 0.565075310579775, 0.5992035618425764, 0.47703901939187804, 0.5433469727087378, 0.5919784585841392, 0.5428830831801472, 0.5973907623776378, 0.5466978115553877, 0.5619721365482189, 0.4956866698717991, 0.5035466383005294, 0.42462914200279317, 0.582369486990872, 0.5105159174151086, 0.5191657735502035, 0.5668148489459939, 0.5801996593275149, 0.4987648992828655, 0.6030737455531752, 0.49473583176690117, 0.5249040218169705, 0.5960821399618543, 0.5811379403429704, 0.49425100337714667, 0.5763482465909151, 0.5191965396747626, 0.51785875465598, 0.4904620362021135, 0.4884437164190517, 0.5636171201916547, 0.534636221534613, 0.5466827139426657, 0.5769492038542274, 0.5812748708284283, 0.5910096248094441, 0.604996294450157, 0.5324634267838022, 0.545716033749425, 0.5761096921111368, 0.5586866598626427, 0.49916289767803557, 0.5524034705200733, 0.5813556028183304, 0.539869369752503, 0.5604668745997683, 0.5913380425322345, 0.5676397974675306, 0.5421502378299524, 0.5208997036657719, 0.5599706137677403, 0.5840586424628942, 0.6093926451572856, 0.573505367588108, 0.5702259541556309, 0.5581773849196023, 0.5582294867437999, 0.45632016446711166, 0.47154300368817553, 0.5473311995860666, 0.5093170591690435, 0.5013440761902048, 0.4512364192664292, 0.5381117661144538, 0.5493656641725058, 0.5503627149691757, 0.6008869456529378, 0.5817300838794318, 0.5287021934781457]",0.5428938868398985,0.03905551661792141,0.008541628512022559,1.0000032212416006,1,True,100
bb_5497--152/152_643813.txt#0_2,Which country in 2001 became the first to decriminalize recreational drug use?,"['Which country in 2001 became the first to decriminalize recreational drug use? portugal', 'Which country in 2001 became the first to decriminalize recreational drug use? the netherlands', 'Which country in 2001 became the first to decriminalize recreational drug use? portugal', 'Which country in 2001 became the first to decriminalize recreational drug use? netherlands', 'Which country in 2001 became the first to decriminalize recreational drug use? The Netherlands', 'Which country in 2001 became the first to decriminalize recreational drug use? portugal', 'Which country in 2001 became the first to decriminalize recreational drug use? portugal', 'Which country in 2001 became the first to decriminalize recreational drug use? netherlands', 'Which country in 2001 became the first to decriminalize recreational drug use? portugal', 'Which country in 2001 became the first to decriminalize recreational drug use? portugal']",1.0,2.0,0.5343522583278759,"[0.5384626878373936, 0.580622012630289, 0.5911347534066063, 0.5626584112120938, 0.5673327686220102, 0.4596058463750591, 0.509798922072586, 0.6640281785153308, 0.6132137120329463, 0.5774308735832753, 0.5152763220996757, 0.6687464844945648, 0.5154751171580025, 0.5346730874728519, 0.5811096915126033, 0.5434431556579904, 0.5406638798852159, 0.580710889351958, 0.6132214975268668, 0.5436947404231612, 0.6017613231698055, 0.4735988234532196, 0.5811463041023974, 0.5617990887383573, 0.6046874544387556, 0.3815313599555187, 0.47571900086042496, 0.43439091508695693, 0.6319918572265131, 0.6198638466772775, 0.5731178185123299, 0.4387621023188196, 0.6460793617237676, 0.5722342857131419, 0.5211553811613059, 0.49027127789619807, 0.5562195537786199, 0.5793713586302301, 0.5385675383588985, 0.3142695531099183, 0.5135291899415568, 0.5146233932747833, 0.6485624438757885, 0.2847529118999978, 0.347707113198591, 0.5146258351319833, 0.4591122582495493, 0.4772484908567647, 0.4460863838469345, 0.5588772886377174, 0.6144291556356207, 0.611372364921142, 0.5469756504995527, 0.6457757428808844, 0.5638479226752848, 0.6451422579246068, 0.5564691906776352, 0.5343786373881689, 0.6132953166311534, 0.530445114543546, 0.5969388888583235, 0.44457879830612074, 0.41889813571274725, 0.6291719318174585, 0.6427261254875654, 0.4846927448577073, 0.6147731831930541, 0.4912921096714603, 0.4869423727853094, 0.5971535888692745, 0.46484488108199185, 0.315666261894822, 0.34318461150459584, 0.6025689190602204, 0.5483200074467596, 0.5083109153355305, 0.4061625567782702, 0.6401998463131059, 0.6614805255577523, 0.5586860118707302, 0.4608227028939901, 0.6167459307620038, 0.6431073307635679, 0.608417781767205, 0.6150293128163351, 0.578797519534066, 0.6466394692885697, 0.5421865613573831, 0.6416665885537531, 0.6531109779014382, 0.40459645068215244, 0.4423675755160983, 0.6178980150609128, 0.5082781902580938, 0.47744717858619834, 0.38526795911459294, 0.5565094441462474, 0.5739610866610907, 0.5364278974089279, 0.5766014931078257]",0.5406756978205746,0.08517558391392288,0.006323439492698646,0.9998111733208142,1,True,100
bb_5497--152/152_643813.txt#0_2,Which country in 2001 became the first to decriminalize recreational drug use?,"['Which country in 2001 became the first to decriminalize recreational drug use? portugal', 'Which country in 2001 became the first to decriminalize recreational drug use? the netherlands', 'Which country in 2001 became the first to decriminalize recreational drug use? portugal', 'Which country in 2001 became the first to decriminalize recreational drug use? netherlands', 'Which country in 2001 became the first to decriminalize recreational drug use? The Netherlands', 'Which country in 2001 became the first to decriminalize recreational drug use? portugal', 'Which country in 2001 became the first to decriminalize recreational drug use? portugal', 'Which country in 2001 became the first to decriminalize recreational drug use? netherlands', 'Which country in 2001 became the first to decriminalize recreational drug use? portugal', 'Which country in 2001 became the first to decriminalize recreational drug use? portugal']",2.0,0.5,0.5343522583278759,"[0.5455085746643386, 0.5490490391583456, 0.5282976871512761, 0.548479197028659, 0.5387333162451936, 0.5385310709823437, 0.5807185382848267, 0.5238425929458532, 0.5004381587370706, 0.5509779947315011, 0.5427976219401629, 0.5516515292059649, 0.5631174333151063, 0.5318041535411584, 0.5226295392895517, 0.5512126505929965, 0.5372150573813212, 0.571890492933185, 0.5068075409315237, 0.5145955070010734, 0.5014847654758116, 0.5499174170063772, 0.5569930218604211, 0.523301664265962, 0.5401632418928008, 0.5412801238695196, 0.520361815189051, 0.5602961491176466, 0.48519832194045753, 0.5308984170490493, 0.5378646715557256, 0.5301010234054977, 0.5806578941788981, 0.48211704608667183, 0.5196209285161493, 0.5332167926986596, 0.5215204994734428, 0.5675161342563222, 0.5328407337665163, 0.5267341663359276, 0.5394808478357096, 0.5223048977493259, 0.5507856876351358, 0.5461040278862554, 0.5395784803664754, 0.5351476393733248, 0.5468683740753324, 0.527090385790111, 0.5233418685494315, 0.5706516757423307, 0.5261510227683603, 0.5099055020112486, 0.5606834460498578, 0.5421625224900416, 0.5338384667377863, 0.5424314186891892, 0.49207794332800175, 0.5082999923565417, 0.5697547934500166, 0.5496222315408079, 0.5370790251720201, 0.5378387618536058, 0.480127163578394, 0.5342824763404805, 0.5561089610997283, 0.5565265462157003, 0.5069204293730487, 0.5520399965805426, 0.5490306966837397, 0.5524357203241658, 0.5334987494755703, 0.5473374658490887, 0.520247352987421, 0.5261687362996403, 0.5254681998837617, 0.5505164343908175, 0.5470014724979727, 0.5527463142071825, 0.5409160093894988, 0.5396916430955829, 0.5455753073729509, 0.5523974460784349, 0.5237004177869529, 0.5078679417947747, 0.5136490056790692, 0.5194556445968233, 0.5350539324226015, 0.5575847516799528, 0.5335547848539697, 0.5729994719406724, 0.513324334841003, 0.5325110353097366, 0.528677465802302, 0.5087565744027398, 0.5611883184414274, 0.5354099779666252, 0.5415350824468004, 0.5239581704928524, 0.541593734723898, 0.5343438014482749]",0.5360578310380747,0.02014272935015097,0.0017055727101987772,2.000010718872717,1,True,100
bb_5497--152/152_643813.txt#0_2,Which country in 2001 became the first to decriminalize recreational drug use?,"['Which country in 2001 became the first to decriminalize recreational drug use? portugal', 'Which country in 2001 became the first to decriminalize recreational drug use? the netherlands', 'Which country in 2001 became the first to decriminalize recreational drug use? portugal', 'Which country in 2001 became the first to decriminalize recreational drug use? netherlands', 'Which country in 2001 became the first to decriminalize recreational drug use? The Netherlands', 'Which country in 2001 became the first to decriminalize recreational drug use? portugal', 'Which country in 2001 became the first to decriminalize recreational drug use? portugal', 'Which country in 2001 became the first to decriminalize recreational drug use? netherlands', 'Which country in 2001 became the first to decriminalize recreational drug use? portugal', 'Which country in 2001 became the first to decriminalize recreational drug use? portugal']",2.0,1.0,0.5343522583278759,"[0.46818227996191575, 0.5665780179090174, 0.5682832573315357, 0.596894845829205, 0.5647977785185707, 0.49396292951960596, 0.5588237686744285, 0.55207921338709, 0.5666292102239319, 0.5375869234628048, 0.5858167581063032, 0.5191795081736509, 0.5162897241616309, 0.5253902950206772, 0.49223614195440824, 0.5613092468745589, 0.588110698973163, 0.5078356242929731, 0.5706766209702274, 0.5984872110822919, 0.5183838002828657, 0.5410478556211613, 0.5366939377469702, 0.47858677123798277, 0.5694390033193755, 0.5269749196507345, 0.5348182985489862, 0.5066445139087824, 0.4895105520998273, 0.5482097449285581, 0.606952197250539, 0.5737168579727185, 0.5397206104354993, 0.5410692607767771, 0.5661498666436351, 0.490565470805592, 0.5079070667853784, 0.5418961755492913, 0.5829439625393964, 0.5633317769294436, 0.5024659905725177, 0.503052561178137, 0.5616044679064711, 0.5619596530415385, 0.5007703623025155, 0.5278614182947264, 0.5635942382129839, 0.5900737096347178, 0.6251990012337124, 0.5287462131444369, 0.5245306059076434, 0.5405383235749829, 0.5149545552418828, 0.509055077449743, 0.5402227726690858, 0.5549213870713936, 0.4673946825194387, 0.5663396649437886, 0.5198145122555575, 0.5178187541628061, 0.4611097025984582, 0.5374449746600745, 0.561390298192409, 0.5902628983859121, 0.5139391637955767, 0.5649369210164988, 0.5628197372593047, 0.5379892647835796, 0.509372557654035, 0.5702351720950287, 0.42278910746796683, 0.5734941836534807, 0.5127072026472979, 0.6167498312432644, 0.5304455955606372, 0.5845725933825907, 0.5444836531185047, 0.5920187787073575, 0.5967821995664329, 0.5715884099700901, 0.6315647266715196, 0.5585497885088454, 0.536722754294041, 0.5628598351508871, 0.5564825709380457, 0.5120733695249533, 0.573934282042539, 0.5124629242587964, 0.5523311783913527, 0.5342819720129178, 0.44485726549310844, 0.510113546348177, 0.4941636133800499, 0.541775248198021, 0.531798767082101, 0.5317576837161342, 0.5202716564668091, 0.5747209789665346, 0.5267822687433131, 0.5352579414301902]",0.5412252526615642,0.0378467601340577,0.006872994333688265,2.0000067250895084,1,True,100
bb_5497--152/152_643813.txt#0_2,Which country in 2001 became the first to decriminalize recreational drug use?,"['Which country in 2001 became the first to decriminalize recreational drug use? portugal', 'Which country in 2001 became the first to decriminalize recreational drug use? the netherlands', 'Which country in 2001 became the first to decriminalize recreational drug use? portugal', 'Which country in 2001 became the first to decriminalize recreational drug use? netherlands', 'Which country in 2001 became the first to decriminalize recreational drug use? The Netherlands', 'Which country in 2001 became the first to decriminalize recreational drug use? portugal', 'Which country in 2001 became the first to decriminalize recreational drug use? portugal', 'Which country in 2001 became the first to decriminalize recreational drug use? netherlands', 'Which country in 2001 became the first to decriminalize recreational drug use? portugal', 'Which country in 2001 became the first to decriminalize recreational drug use? portugal']",2.0,2.0,0.5343522583278759,"[0.602242697186428, 0.6050836225420833, 0.41433577837799385, 0.5152709340468908, 0.5793173514301164, 0.5220181324917711, 0.6188856165420358, 0.547922223852507, 0.5874449327565375, 0.5211588439537225, 0.573089163337543, 0.49070803370918226, 0.5998178562893648, 0.6515206445483134, 0.43281315891432326, 0.5885734994256554, 0.6437556337079542, 0.45173400454476303, 0.4819109590858117, 0.48726331060727834, 0.6177957998093704, 0.434994888308314, 0.510831822058298, 0.5664588561443983, 0.4881672408591064, 0.5347387449106578, 0.4510558574639558, 0.6321220866682296, 0.5503581847460344, 0.5533189258660027, 0.5812896657782358, 0.5798848617896162, 0.5808705999556316, 0.6372830711894648, 0.5803309441529106, 0.5624438169664449, 0.4973769467020349, 0.45956351074978896, 0.5502009075559184, 0.5175443062210979, 0.5100326761576335, 0.5188392488217477, 0.5828499437189555, 0.5940644225620257, 0.5520883232315394, 0.3984807103000695, 0.6290034236883164, 0.5392469712498307, 0.5850451708176045, 0.5956894997863579, 0.5418774948240189, 0.578320420326057, 0.595158421100445, 0.6294596663251517, 0.5855734647771234, 0.5571934945340241, 0.6351849909153301, 0.6402661711368269, 0.4333137380045644, 0.6241665096992937, 0.4670565457732082, 0.6199487207639558, 0.4726063605464763, 0.4911939828806239, 0.5807566404022999, 0.6337851906889234, 0.5055470754376168, 0.6087740197132406, 0.356284365497727, 0.6363106296374046, 0.5162946568449718, 0.5407415127784875, 0.5241991787824355, 0.5971714310788501, 0.387250871078308, 0.6426267265754799, 0.4409291845243283, 0.4455803151616007, 0.5074190515543048, 0.5108340877268893, 0.35046281272573404, 0.572489836729267, 0.6104648708417404, 0.6177554954678253, 0.550980200886134, 0.5519504440684556, 0.5512246208749403, 0.5402714040388044, 0.5323731917907599, 0.606805398179151, 0.4615144707562722, 0.5734124423121951, 0.5373496298354531, 0.6227802995275402, 0.5455398746793616, 0.43598374469301815, 0.6136050185062303, 0.5177450621111432, 0.5605001728737904, 0.49489289577659945]",0.5446076463134425,0.06851371324068459,0.010255387985566577,1.9998801599077682,1,True,100
