question_id,mu,sigma,se_before,se_after_samples,se_mean,se_std,delta_se,mean_noise,correctness,correctness_bool,se_after_len
bt_4353--105/105_2445487.txt#0_0,0,0.5,1.358333035,"[1.3013970171471958, 1.3384213945810797, 1.347190608031778, 1.3559953846962522, 1.324227392904471, 1.3638138241042537, 1.2705444920197364, 1.2952355489564014, 1.3659751123194028, 1.34995537006886, 1.3835826969971945, 1.3837032385704584, 1.3033224538506814, 1.3848001318264787, 1.3400478969136793, 1.2661225060633488, 1.3370919907135368, 1.3187350271639215, 1.287886186882366, 1.3404647208300957, 1.3776227099748604, 1.3413455149991862, 1.3638178334776525, 1.3298733577352881, 1.319590366434983, 1.4199092310404657, 1.4125995219704912, 1.3831424713663005, 1.3530893628095926, 1.3020664492608494, 1.4746734344967725, 1.3288602101093692, 1.3807603726478845, 1.3254025592833254, 1.3408967919973616, 1.3032618468855781, 1.2699442089101605, 1.3541105800568, 1.275699555320517, 1.2724681412976038, 1.3880641108331204, 1.3628342750563156, 1.3189559989135768, 1.369862967816008, 1.3674134731220833, 1.2926652288279274, 1.362086709916069, 1.3676485323233416, 1.3667061408009487, 1.2825920149074328, 1.321878199881003, 1.3773492921259325, 1.3990198428069212, 1.2850066095124155, 1.2878614520330562, 1.306158604775747, 1.3316880421697233, 1.4019258339147957, 1.3403458544094575, 1.3466401748535213, 1.359695662843346, 1.288506956983062, 1.4158231612943124, 1.3528245044166751, 1.3991819029725798, 1.317766364938913, 1.3154497540366052, 1.3718560942309364, 1.358052494120549, 1.3075027796030143, 1.332255205705743, 1.3603441994368337, 1.3192553967934402, 1.3376359961634137, 1.3763460587364988, 1.3137495689105174, 1.4240180474629276, 1.3264343830115983, 1.3558392183328092, 1.4325039467276885, 1.3976247940454807, 1.3568993238925002, 1.3178051875432968, 1.3750741330609801, 1.3605838186276304, 1.3354814611525225, 1.3628339569571084, 1.2573338063256603, 1.3761049423582106, 1.4033154935491048, 1.3996229071747597, 1.3208062738191002, 1.4440276926923785, 1.3573016651839338, 1.3135806300495454, 1.3637518663377879, 1.3578268991993319, 1.3561594732339248, 1.2867858482792556, 1.4229860267063323]",1.346952988,0.042723081,-0.011380047,0.002609839,0,FALSE,100
bt_4353--105/105_2445487.txt#0_0,0,1,1.358333035,"[1.4095647072951136, 1.1086457195983954, 1.3293268898063777, 1.3238672225750359, 1.3648468634060618, 1.3093808608447017, 1.1771817126744337, 1.3384291600152725, 1.2496814441436483, 1.3452804496417787, 1.3605241605815352, 1.280363242470095, 1.1879540833230104, 1.4645607446879036, 1.359766773047716, 1.286952346049733, 1.2881938055509714, 1.4297775041195036, 1.304890875460618, 1.3804729169402057, 1.31829245743638, 1.2408468506370762, 1.115028122143615, 1.319394507383152, 1.3059521142316126, 1.211360698613568, 1.261597104688192, 1.298573656085811, 1.4582802662708811, 1.3809114152964457, 1.4262379195040684, 1.3599271202224423, 1.2322448616934991, 1.430300732716339, 1.312347710054141, 1.29841236970596, 1.183876895378331, 1.213970981205811, 1.272840166968513, 1.4812268696923134, 1.0372305653316196, 1.3401904243209424, 1.4480680210396808, 1.3375981463683728, 1.2983482363290135, 1.3139941872358172, 1.3243226483532669, 1.444547375749038, 1.3354327470950764, 1.4904613570156324, 1.3802816709113888, 1.315134963406152, 1.1447461326969939, 1.3797756180234808, 1.226697139966545, 1.4807583220668141, 1.3773472573621857, 1.213084930419504, 1.338227729079411, 1.263832188517367, 1.3447201643422708, 1.3193562049941034, 1.4064901983902076, 1.2175597190784764, 1.3628439092711884, 1.3143244565362893, 1.3953372874235817, 1.1957129186064008, 1.4710136632456365, 1.3178463114559817, 1.4215689587750708, 1.454961504179886, 1.4618667379197663, 1.2308495311763863, 1.1709771894673917, 1.3426608691570687, 1.3802845171421652, 1.4206814763472488, 1.276331718370586, 1.3736482282908093, 1.1316869175433935, 1.2165370251579253, 1.4212007853119877, 1.3366098131560062, 1.1799052587867738, 1.3069606415505204, 1.1835425678746998, 1.3402294739253813, 1.1406554671227467, 1.3419635939356345, 1.343364856351773, 1.2456680337832589, 1.4086085856418555, 1.2146147188493288, 1.293946332561271, 1.366182999903386, 1.299281369398152, 1.398421711598653, 1.453857989379219, 1.2282460578274481]",1.316418837,0.095061099,-0.041914198,0.00960078,0,FALSE,100
bt_4353--105/105_2445487.txt#0_0,0,2,1.358333035,"[1.3856579437516106, 1.6247104970806752, 1.1570414168600718, 1.0687728296908845, 1.3854810779446378, 1.3543455001055138, 0.9771326833537155, 1.4177363936865732, 1.2384867500468004, 0.8219136756164287, 1.10479587640196, 1.0387533492202954, 1.3831242933432955, 1.2371898475807632, 1.3689578379623322, 1.150371262064896, 1.0061193047017456, 1.2389465595800313, 1.0121270360626935, 0.919058820554518, 0.94910412758081, 1.1409047934940293, 1.3256623592378305, 1.0991183718525128, 1.34250189669283, 1.451777785758565, 1.4949862767475093, 1.3267085434078196, 1.4550430607257219, 1.1679635918396232, 1.5320915221271785, 1.100627227595279, 0.9898530206938214, 0.9803277108774697, 1.1487745047021072, 1.235110462412644, 1.2907823201182542, 1.031430424023419, 1.01144836043543, 1.3164376899462689, 1.3765455294571833, 0.983979733511997, 1.1283732049048862, 1.0890458979690836, 0.33351780346997945, 0.9609113756353649, 1.1576675168971138, 1.3455336307036798, 1.2440178623937665, 1.3497800470349657, 1.0924535163848792, 1.1170886909418536, 1.5346872265370766, 1.545617068620212, 1.4440951318267141, 1.320639421294485, 1.3153566406232433, 1.0634846452412554, 1.3851235984595076, 1.24889505984911, 1.1845072605390752, 1.2975095405881854, 1.0593571260668984, 1.164597910723671, 1.03485487205976, 1.463832714074273, 1.1720550016005031, 1.3059154139202211, 1.26179735703134, 1.2346005269752443, 1.406926106897517, 1.4095183307423322, 1.4965768183582293, 1.134260119251354, 1.0706152060693965, 1.5686260101948677, 1.1822507813208505, 1.1577163656844276, 0.6055334249729715, 1.2396965462636076, 1.6168165971305664, 1.4472217900369753, 1.5377204892920722, 1.3749635068272203, 1.3607676665727098, 1.3689232485150167, 0.9837436167445777, 1.0679145103721477, 1.0313733827195974, 1.3372103745503405, 1.1854517967784328, 1.4161514482786037, 1.3162187517926867, 0.921215698488987, 1.453203092568956, 1.2187018535530685, 1.0229424146999353, 1.5095072689420204, 1.3019464436264048, 1.3545618622934952]",1.225954939,0.21104683,-0.132378096,-0.02667273,0,FALSE,100
bt_4353--105/105_2445487.txt#0_0,0.5,0.5,1.358333035,"[1.362383651565972, 1.3463938412157705, 1.3243539695020567, 1.3567068532343467, 1.3605389931554028, 1.313283630095738, 1.3728430515560135, 1.254342644971404, 1.4018888318898637, 1.3406661336583552, 1.2178560560670255, 1.2563757118074894, 1.3210356068410503, 1.418180530133774, 1.3466783291180386, 1.247676738759356, 1.4029477699683996, 1.4162914815907186, 1.3347639204967985, 1.4517190746385733, 1.2481139115990199, 1.35521332150531, 1.3399661494624564, 1.3725017767135168, 1.4198118390624812, 1.4235624100308524, 1.3027693052408913, 1.3930179515402996, 1.3675450944741583, 1.3790012775066243, 1.2725998649784553, 1.334861248633425, 1.3346110714599115, 1.3844399145156665, 1.358907350779668, 1.3953464533712685, 1.316454167217555, 1.36682029494456, 1.3077160857120211, 1.3567693331733135, 1.3000056358517582, 1.392606272476874, 1.3394419678734988, 1.36808361659582, 1.406886474089223, 1.404804610231447, 1.3745573884709663, 1.2732678586343427, 1.3875911542142145, 1.2739100141524997, 1.3589590586901394, 1.3946004747738343, 1.312143709562574, 1.2921506905871618, 1.3631946253247085, 1.3259209654949675, 1.373138904576251, 1.2883065566811007, 1.3238459823233137, 1.3068293503033785, 1.2878001876115825, 1.3375371759400647, 1.3870421847235175, 1.2469207912000468, 1.334355023709374, 1.417297100834368, 1.335124131435243, 1.4179014744819172, 1.331767663368028, 1.3614239164207191, 1.3865192712035594, 1.3260511867119131, 1.357426345659131, 1.3894768430017743, 1.2394222564376278, 1.3555557908506117, 1.404273566156531, 1.3310239836361295, 1.3474025519551698, 1.3562299611683912, 1.298757428347702, 1.4828754387759662, 1.3307439562962922, 1.331059785088998, 1.3163701439267905, 1.2502896296563044, 1.317843902490539, 1.4033770385023645, 1.341313215510275, 1.330953480780592, 1.3396972376464575, 1.344522209703853, 1.4201646962341739, 1.426440372106166, 1.3397641350062983, 1.3703299290469042, 1.3055330959849156, 1.4116237839077486, 1.2608489385196484, 1.3043115322520724]",1.346145723,0.051073838,-0.012187312,0.499386066,0,FALSE,100
bt_4353--105/105_2445487.txt#0_0,0.5,1,1.358333035,"[1.2976811813957465, 1.2195089047356642, 1.1657088175583945, 1.3510626485598465, 1.2633980761235766, 1.3302490143257582, 1.2562024571580883, 1.3104058526483169, 1.335741589086886, 1.2949390850709976, 1.323950702359282, 1.2488539533842826, 1.3141306823662178, 1.329123096233187, 1.2511291799835365, 1.4777514489051855, 1.3161821331007189, 1.1975338103146163, 1.3254028225057506, 1.415750084347133, 1.275516355712082, 1.4030771198242857, 1.4134152906880144, 1.307092994333744, 1.1825930279674215, 1.2752944762990066, 1.247592584438125, 1.3387292624689255, 1.313637104603219, 1.44552367439492, 1.2893494695323733, 1.2071342888007526, 1.3443008502416132, 1.4401903604293833, 1.2297912817410475, 1.39113809226818, 1.373336073183622, 1.3801500750104212, 1.1957006663114784, 1.2401010901157385, 1.2733515026256366, 1.4467342165982189, 1.3426121791754753, 1.3347289793767756, 1.2709071522382405, 1.2645177120795865, 1.3371397551738056, 1.3290151231331977, 1.1641124349161909, 1.2795664653607242, 1.306027965167548, 1.3140207608586236, 1.3312888959220155, 1.4426373583983305, 1.1658730625500644, 1.3173945119843509, 1.3183616505967124, 1.2502244477453779, 1.2130990729993545, 1.3547779726976412, 1.2158136376476107, 1.1483419533241574, 1.2422923760494504, 1.338824801232042, 1.3585264509351018, 1.4542764809423063, 1.2478144921489955, 1.239520850029925, 1.1384363327653506, 1.4189980860351483, 1.476443290361755, 1.2971244633328436, 1.3486173516232025, 1.3413490013737013, 1.2569036948804098, 1.3390749350309825, 1.3068560401967648, 1.42517872702871, 1.3010334324426776, 1.4187381255993388, 1.2140298019237619, 1.2663400123620114, 1.4098130080039226, 1.2570504183903055, 1.4680926988528054, 1.394118615281979, 1.4217922278380073, 1.2055341582886911, 1.2833237684428254, 1.4340799790518484, 1.3877148080839168, 1.2903504247203013, 1.3905100161199304, 1.2545300612184844, 1.2891166088325363, 1.287502347081526, 1.230673005671723, 1.275393476292506, 1.354223640865908, 1.2483541297825567]",1.310514686,0.079276324,-0.047818349,0.511837155,0,FALSE,100
bt_4353--105/105_2445487.txt#0_0,0.5,2,1.358333035,"[1.1897583539783336, 1.0759828968110512, 1.3316176659551247, 1.1251200135161827, 1.1319667779451965, 1.2675788032664785, 1.07794299422344, 1.257246180238686, 1.2456430925698765, 0.8795381128096952, 0.9786553279702537, 1.2196405731806759, 1.0975658958191614, 1.6236086446297753, 1.3894964025121421, 1.2366056574103261, 1.4206950772452862, 1.3554881460839463, 0.9380987466484175, 1.175449157426183, 0.9807724178613021, 0.9756142603942557, 0.9363012870111114, 1.0873719217887354, 1.0680044282935732, 1.4729220832019048, 1.1147104832048227, 0.9967691421381863, 1.300105799447293, 1.3584387193540421, 1.2729411798571606, 0.9026362757956021, 1.3817223590678975, 1.2371761344381493, 0.8378344137434243, 1.3520101206304034, 1.1229690349283141, 1.2713670867523885, 1.0485030336773802, 0.8157702362945994, 1.2652639286563139, 0.7943581360221394, 1.3000502263601308, 0.8868475173249244, 1.363040165564597, 1.0245924633862802, 1.2355499503002567, 1.3959506244235333, 1.5065729980034028, 1.4048320879949987, 1.2745220553565961, 1.2567361117522504, 1.1995756886878082, 1.5575797073340527, 1.126332078504951, 1.2690189476009768, 1.2780058521952506, 1.136141830917503, 1.3372896936206344, 1.142938437085168, 1.1658088785853837, 1.315122432862366, 1.326972958793951, 1.1067579548009638, 1.2614831655673462, 0.7189209542115721, 1.2619868363407274, 0.9970826121728695, 1.2253338226652115, 0.995322828990626, 1.163225399427101, 1.417307794374373, 1.0727323408950904, 1.4113760260450317, 1.0971127133557939, 1.4655243415969081, 1.4355416082109984, 1.117646872656366, 1.40729798496687, 1.207601327520612, 1.4484238309757442, 1.4241133997225652, 1.3686068571153134, 1.439022369967582, 1.5063222345995746, 1.3632827104696839, 1.429516929411395, 0.8224171360348624, 1.1985820506386446, 1.0127440694133725, 1.2355418546065602, 0.986743012720762, 1.354861325052834, 1.5428487729385985, 1.0652682787171945, 1.1689189073961845, 1.5289869329654198, 1.3198587601464966, 1.3213306213810987, 1.1048929516589217]",1.211192793,0.190939375,-0.147140242,0.474669959,0,FALSE,100
bt_4353--105/105_2445487.txt#0_0,1,0.5,1.358333035,"[1.3403443036766662, 1.3762223998665157, 1.3350942942615032, 1.3042551395744248, 1.2663250874638186, 1.375852728335878, 1.338769209610957, 1.417552557258877, 1.3370114860112468, 1.3234595400617475, 1.3221886593837338, 1.2922636944703756, 1.2623617361274868, 1.3838561525961188, 1.3254918971627687, 1.2903127739221718, 1.3403716467029048, 1.3961293554080214, 1.2628133106710857, 1.3706213620510452, 1.3531412688060376, 1.4326567576172784, 1.2643715542570084, 1.2792899326870977, 1.4302864194554614, 1.3457915502296585, 1.342867437637901, 1.348161862890131, 1.251978031115038, 1.4101320449271046, 1.3654519279583741, 1.416573941304127, 1.3459537849495535, 1.3206930258677676, 1.4041179098834746, 1.3651781483616445, 1.3586759620218198, 1.266171819727377, 1.3514490201175893, 1.3038076364740794, 1.319784518608004, 1.355340355148672, 1.2951203039511068, 1.263611183923158, 1.3341419389412286, 1.3697017032866572, 1.2800267495299111, 1.3836511511018226, 1.324451244733083, 1.3542165807745599, 1.3215733418351825, 1.387916734293177, 1.2745251275093976, 1.352040669211109, 1.4654635000787621, 1.3361468435949364, 1.2888655505305437, 1.3625314392327128, 1.2881943779786398, 1.3215882383977735, 1.327914809068111, 1.3419254607790172, 1.2666303660464098, 1.4172187861926773, 1.3166811245547496, 1.3689855603823458, 1.3493756857216272, 1.3708951949552355, 1.3270747075111733, 1.3982964860867972, 1.297771893959429, 1.2969897741235659, 1.3640593121558762, 1.339220548250547, 1.3671245882021164, 1.3048717575464657, 1.3321305706839859, 1.4039725569939339, 1.3236483731424151, 1.3479919579284514, 1.2512106957046525, 1.3169030007523228, 1.3579862263845461, 1.3799442510432296, 1.3582066014962884, 1.3269876544933576, 1.3331079703015485, 1.3270120096218585, 1.3608629124904443, 1.2595900879968953, 1.2959601415898798, 1.3662296950917838, 1.3119370460329167, 1.2924637013058202, 1.318427109906276, 1.371812366011221, 1.3517221303146987, 1.3165680718664854, 1.3009292390476628, 1.3319105148405965]",1.336894899,0.044248565,-0.021438136,1.003377803,0,FALSE,100
bt_4353--105/105_2445487.txt#0_0,1,1,1.358333035,"[1.481183643841785, 1.3631634760641964, 1.1335960872889432, 1.2702779045842512, 1.350574644330108, 1.3945712757041309, 1.3860156286559608, 1.3456041455087349, 1.3197028572457237, 1.4230220982924306, 1.2283364895334374, 1.404303261329809, 1.3476503907438633, 1.4023712188748036, 1.1860817277202, 1.1535220916755873, 1.398216830363788, 1.2187565528277002, 1.1792668156143813, 1.0903616804335732, 1.3620348383309173, 1.3548279569513384, 1.4619982253679635, 1.2623846508971193, 1.3004389554787568, 1.2373187085744175, 1.3983510682390368, 1.1228045084722624, 1.3469260918839385, 1.3469976699065174, 1.3923235651443138, 1.3473700092476149, 1.1889240455590089, 1.285377117377018, 1.2095476152824811, 1.2503075310114684, 1.2636464693863132, 1.1950309051063281, 1.2924088223626713, 1.3636392602576644, 1.4684473873298722, 1.4242811591149056, 1.3797974649760385, 1.35519092506249, 1.4020331868068534, 1.3455423621670468, 1.3570169947057413, 1.4257939251484477, 1.2523107113262495, 1.2290082231765234, 1.2918311338448427, 1.2824022507939847, 1.4204643681365017, 1.2408109841637678, 1.4142929775789694, 1.3995470100817418, 1.264267418023424, 1.1203142991247792, 1.3760665946076522, 1.2425284609659757, 1.4019129929377387, 1.379853629361246, 1.4333567238850047, 1.3442578165470056, 1.2255339741038864, 1.3916612120388203, 1.2700976502755332, 1.2127029689489395, 1.2711644288665596, 1.4380264057526615, 1.3600507771431114, 1.2955822396833248, 1.3360918592853246, 1.3445429492167724, 1.3358048772663011, 1.2263315652012805, 1.1784974262437427, 1.3962111293192814, 1.2144666163777713, 1.3685814670460648, 1.3444696562867957, 1.2414661809673617, 1.2948221053735454, 1.2433777258904393, 1.4097134892349783, 1.1454072730444322, 1.3286870861061015, 1.2522982359919914, 1.392951622830379, 1.391489064628074, 1.2663069332458121, 1.3070429370617749, 1.3457430092384786, 1.2642360851919692, 1.2443659518985937, 1.181592682586385, 1.2877465175180798, 1.411874836941784, 1.3726713792582446, 1.3950168976389843]",1.312971931,0.088053509,-0.045361104,1.003494296,0,FALSE,100
bt_4353--105/105_2445487.txt#0_0,1,2,1.358333035,"[1.1917640291051086, 1.28656683976467, 1.2179462207182479, 1.2035557248945297, 1.1098900621008847, 1.1021977770052063, 1.200539941349624, 0.9890946948430154, 1.130702537437706, 1.1043847141365506, 0.8875881017566456, 1.60601458951884, 1.079747219066801, 1.5349618035679102, 1.2031187220539858, 1.2248786124792201, 1.3595452424067025, 1.3369361065025878, 1.5156307588104907, 1.0181379321983464, 0.6682322569019858, 1.2611447210222964, 1.3033261923804749, 1.0581991573608476, 0.9212134860131442, 1.018455944703087, 1.3781413666478954, 1.1165282384321307, 0.9684168550389313, 0.9432125490245258, 1.1391915391794902, 1.4367583909719106, 1.390569689888847, 1.4855089959879526, 1.1937572301549801, 0.9980449602176321, 1.2156444215907327, 1.3649868283336093, 0.9970373923092174, 1.3506729015951966, 0.9272658532125406, 1.0582849411080293, 1.2005106761976023, 1.2648203815598866, 1.2022688256273177, 1.3270498381923272, 1.3888207872350304, 1.286601478526219, 1.213086133683202, 1.4713192067902692, 1.297136725158413, 1.319422594960229, 1.1936025340450505, 1.0224901218320948, 1.1815600790847394, 1.3777492932713753, 1.397703553553863, 1.3136403765589015, 1.1402861297283837, 1.0890550597584863, 1.2686705113857994, 1.242671898011865, 0.940156557087481, 1.3583989483151742, 1.1097399232081722, 1.1933935516079004, 1.0876787116457467, 1.433273685691391, 0.8675952585002092, 1.0793543023507506, 1.1190364869396812, 1.473625032207159, 1.379090718850567, 1.2379166016322685, 1.1219181673495477, 1.2037646151651593, 1.1712395927020403, 1.1013840922291884, 1.0489922840784585, 1.3777984272698263, 0.7305612248626909, 1.0292282846941019, 1.0350315725694756, 1.2281749123988055, 1.4669311452432028, 1.3237439223980094, 1.3277686504495418, 1.214844297537291, 0.9088342906512353, 1.2637365559735299, 1.004949187773024, 1.2333134155928234, 1.045886427335874, 0.8875982039284296, 1.1753187777935363, 1.2199748901654301, 1.1341029393111686, 1.2088991040491592, 1.2642154109140396, 1.1944641446869495]",1.188981961,0.174538087,-0.169351074,0.958983104,0,FALSE,100
bt_4353--105/105_2445487.txt#0_0,2,0.5,1.358333035,"[1.3358512926682349, 1.367325346296641, 1.2853067398097695, 1.3755416860641176, 1.4040221181091312, 1.3827019405890646, 1.38470403652515, 1.3668414834136433, 1.3506459034299325, 1.3649858497821463, 1.3054112897428694, 1.2973961531746308, 1.3133550927216107, 1.3068512599541169, 1.235045607414121, 1.2965904191072373, 1.3486827283536438, 1.319332724051896, 1.3696246370000433, 1.3595927652701214, 1.2833386162208524, 1.3078928482757586, 1.3363860539567458, 1.4161059190045564, 1.3195318293830542, 1.3131085398676898, 1.279713874429924, 1.3830727074572557, 1.3851285821728077, 1.3026732836383927, 1.3483958303037227, 1.3538942135675527, 1.2763231836051663, 1.3043475160184916, 1.4031603178692125, 1.3647162758807405, 1.3257758097955754, 1.3183595253271547, 1.3355123517677885, 1.4282953151654498, 1.3215048325498073, 1.3436034492911246, 1.4154553788686797, 1.318877656129686, 1.407594900084649, 1.361432515666651, 1.335110476580729, 1.261361849955368, 1.425273085149989, 1.3349700670196103, 1.405537144222091, 1.381215245596061, 1.3461961212422755, 1.2877742447383158, 1.4018412627714054, 1.398701593644968, 1.33138597318552, 1.3213901232253302, 1.3739004364949257, 1.3772380715323866, 1.3113586852235735, 1.2958020943466988, 1.362327507754903, 1.3599171468534708, 1.4019860850962975, 1.4375426218600997, 1.4129345404811078, 1.4008032920473543, 1.3382135631701495, 1.3553047928660247, 1.299401076053164, 1.376624867663771, 1.361551893853613, 1.4171569082256832, 1.3402007014815145, 1.3979527808235916, 1.3102272953146623, 1.4059937697834857, 1.331609241946929, 1.3260308780058994, 1.290133034856181, 1.2562703985070391, 1.4172225350095524, 1.372359338449609, 1.4327237277817428, 1.2183632248127223, 1.3715375044694194, 1.3470275420022844, 1.3877594123619073, 1.2954486231697968, 1.3719992713308087, 1.3229777183426732, 1.3327861442264652, 1.3871572228680917, 1.372515680646315, 1.3608212650573261, 1.3162078602688405, 1.3855095006041207, 1.3102528273218663, 1.3454735428464224]",1.348433922,0.045602955,-0.009899113,1.993178446,0,FALSE,100
bt_4353--105/105_2445487.txt#0_0,2,1,1.358333035,"[1.3538655822194143, 1.279018555859638, 1.3030651592126246, 1.4319489572052708, 1.3198774022655342, 1.2703551648922822, 1.4661208722135948, 1.3297040221193126, 1.3765767707671688, 1.19190352955598, 1.3066820380927744, 1.3131765467159566, 1.281079984025693, 1.3046081074540599, 1.2728965323341164, 1.3586599124668388, 1.3648560610515303, 1.1301794597693813, 1.3360155475852369, 1.4069495555986333, 1.2842801559571746, 1.384598485652969, 1.3266027660168984, 1.127146249634168, 1.4140283421644106, 1.173458120699458, 1.190947006205313, 1.338992059489658, 1.4030981844890755, 1.1210246073624461, 1.3586731627316575, 1.2582694509416117, 1.363975932737817, 1.4507053549147682, 1.195360798264095, 1.3150871227398366, 1.4746877906590012, 1.435844554364608, 1.5967104541693844, 1.2930887968044755, 1.3327645985563594, 1.1071627534828228, 1.5410363686924222, 1.1199375860894234, 1.3528557556130723, 1.390293419478886, 1.3155879640137846, 1.3921731926572805, 1.2946532141045863, 1.2877790681663464, 1.4623319653000906, 1.2818924896861652, 1.044152460894848, 1.3287636394258924, 1.1260766929460855, 1.484783791571422, 1.189109125220995, 1.3800861802589524, 1.3894761708389205, 1.3702834616846749, 1.3581438879858503, 1.4382286952139518, 1.392035607899261, 1.3191318005165222, 1.2395514243829193, 1.289483877707877, 1.4358916208884167, 1.4672931436512575, 1.3430396595933753, 1.3117369677777162, 1.2343747625097916, 1.3549794440617193, 1.2359487838869003, 1.4582133716737666, 1.3518471269012198, 1.4816551037995502, 1.299692035858021, 1.3333968379487422, 1.3432519797495448, 1.296794551243245, 1.3271373949526546, 1.3798693818374306, 1.3369469009171384, 1.2052491095746705, 1.2796273820070054, 1.2104258438701314, 1.2453411985843976, 1.5158182304439014, 1.0899677179377716, 1.3070664507675145, 1.3743718009316899, 1.417483965452608, 1.3371444139508528, 1.3561547369757023, 1.2204085185590745, 1.298102852352226, 1.4114539964104806, 1.3075822626907752, 1.300013103591057, 1.293352563391862]",1.322935276,0.101390708,-0.035397759,1.993447582,0,FALSE,100
bt_4353--105/105_2445487.txt#0_0,2,2,1.358333035,"[1.0060838118664885, 1.1538921102755937, 1.4636609518124861, 1.2904645581250769, 1.4091782775731267, 1.2013157005093322, 1.3296624275010804, 1.3943278691165184, 1.133992564179604, 1.3704153191684163, 1.2546587678852608, 1.301401712592842, 1.0441105420417578, 1.0842710325101226, 1.219521470020224, 1.074938305846477, 1.1168364804271953, 1.0047293873918208, 1.3686289580960762, 1.1833686253045106, 1.1960395029114348, 1.2618474520894254, 1.5092356940558038, 1.305363320871768, 1.180778738595601, 1.3505277126523416, 0.6903902352265832, 0.9321791994021119, 1.462362266920295, 1.4961800626899417, 1.080602643450336, 0.926835756311756, 0.7116438196631361, 0.8819587494808331, 1.2695393610666508, 1.2565545294007217, 1.4340032800191784, 1.155704440510627, 1.4980540867708985, 1.470809021147485, 1.3448367705874018, 1.149252662800253, 1.117857123724891, 1.0491780087508058, 1.4215579136485452, 1.4575244104344915, 1.370474582827625, 1.2774862382299772, 1.3232032503939428, 1.280847605160035, 1.0386394922840212, 1.1191878819797791, 1.3127993573230214, 1.6492744509574642, 1.197914407185808, 1.1830720507939798, 0.8921157736174556, 1.2563110576720873, 1.1143217569343682, 1.3688537001221854, 1.1627598696622097, 1.4055145941308924, 1.253438668972148, 1.4009117174281758, 1.3515386160126819, 1.371184791847105, 1.0069722494195323, 1.03891144948201, 1.139644960410035, 1.226268689775038, 0.7367460497781293, 1.1991910608461347, 1.3363634609354909, 1.0958456940106496, 1.0917944513588949, 0.999796045734638, 1.33048073529031, 1.3100059682592193, 1.2471430633923395, 1.3914113307789155, 1.2859024335793574, 1.0243664337435112, 1.6352654096095773, 1.1410924901424195, 1.2812627459782795, 1.3858080442322818, 1.1299507178918318, 1.0876243054850094, 1.0985419994436585, 1.435335023247101, 0.8528304312488779, 1.2182820479478749, 1.026564020498624, 0.9799622885841505, 1.1281539606672972, 1.1721704724115947, 1.065281931927914, 1.072722806985079, 1.16319748676732, 1.2813103112015394]",1.209623261,0.185411311,-0.148709774,2.034061349,0,FALSE,100
tc_2257--150/150_49392.txt#0_0,0,0.5,2.22E-16,"[-0.0, 3.330669073875469e-16, 1.1102230246251565e-16, -2.220446049250313e-16, -0.0, -2.220446049250313e-16, -2.220446049250313e-16, -2.220446049250313e-16, 2.2204460492503128e-16, -2.220446049250313e-16, -2.220446049250313e-16, -0.0, -0.0, 2.2204460492503128e-16, -0.0, -0.0, -2.220446049250313e-16, -0.0, -2.220446049250313e-16, -0.0, -0.0, -2.220446049250313e-16, -2.220446049250313e-16, -4.440892098500627e-16, -2.220446049250313e-16, -4.440892098500627e-16, -2.220446049250313e-16, -0.0, -4.440892098500627e-16, -2.220446049250313e-16, -2.220446049250313e-16, -0.0, -0.0, -0.0, -2.220446049250313e-16, 2.2204460492503128e-16, 2.2204460492503128e-16, -2.220446049250313e-16, -2.220446049250313e-16, -4.440892098500627e-16, -4.440892098500627e-16, -0.0, -4.440892098500627e-16, -0.0, -2.220446049250313e-16, -0.0, -0.0, -0.0, 1.1102230246251565e-16, -2.220446049250313e-16, -0.0, 1.1102230246251565e-16, -2.220446049250313e-16, 2.2204460492503128e-16, -2.220446049250313e-16, -0.0, 2.2204460492503128e-16, -0.0, -0.0, -0.0, -0.0, -4.440892098500627e-16, -0.0, 2.2204460492503128e-16, -2.220446049250313e-16, 1.1102230246251565e-16, -0.0, -0.0, -0.0, 2.2204460492503128e-16, 1.1102230246251565e-16, -0.0, 2.2204460492503128e-16, -2.220446049250313e-16, -0.0, -4.440892098500627e-16, -0.0, -2.220446049250313e-16, -2.220446049250313e-16, 1.1102230246251565e-16, 2.2204460492503128e-16, -0.0, -0.0, -0.0, 1.1102230246251565e-16, -2.220446049250313e-16, 2.2204460492503128e-16, -0.0, -2.220446049250313e-16, -2.220446049250313e-16, -4.440892098500627e-16, -2.220446049250313e-16, -0.0, -2.220446049250313e-16, -0.0, -0.0, 1.1102230246251565e-16, 1.1102230246251565e-16, -2.220446049250313e-16, -2.220446049250313e-16]",-7.33E-17,1.89E-16,-2.95E-16,-0.011372508,1,TRUE,100
tc_2257--150/150_49392.txt#0_0,0,1,2.22E-16,"[-0.0, -0.0, -2.220446049250313e-16, -2.220446049250313e-16, -0.0, -2.220446049250313e-16, -0.0, 1.1102230246251565e-16, 1.1102230246251565e-16, 1.1102230246251565e-16, -0.0, -0.0, -2.220446049250313e-16, 2.2204460492503128e-16, -2.220446049250313e-16, -4.440892098500627e-16, -0.0, -0.0, -0.0, 1.1102230246251565e-16, -2.220446049250313e-16, -2.220446049250313e-16, 1.1102230246251565e-16, 2.2204460492503128e-16, 2.2204460492503128e-16, -0.0, -2.220446049250313e-16, 1.1102230246251565e-16, -0.0, -0.0, -2.220446049250313e-16, -2.220446049250313e-16, -0.0, -0.0, -0.0, -2.220446049250313e-16, -0.0, -0.0, -0.0, -2.220446049250313e-16, -2.220446049250313e-16, -2.220446049250313e-16, -2.220446049250313e-16, -2.220446049250313e-16, -2.220446049250313e-16, -0.0, -0.0, -0.0, -0.0, 1.1102230246251565e-16, -0.0, -0.0, 1.1102230246251565e-16, -4.440892098500627e-16, -4.440892098500627e-16, -2.220446049250313e-16, -0.0, -0.0, -2.220446049250313e-16, 1.1102230246251565e-16, -2.220446049250313e-16, -2.220446049250313e-16, -4.440892098500627e-16, -2.220446049250313e-16, -2.220446049250313e-16, -2.220446049250313e-16, -0.0, -0.0, -0.0, -2.220446049250313e-16, -6.661338147750941e-16, -2.220446049250313e-16, -2.220446049250313e-16, -2.220446049250313e-16, -2.220446049250313e-16, -2.220446049250313e-16, -4.440892098500627e-16, -2.220446049250313e-16, -2.220446049250313e-16, 1.1102230246251565e-16, -0.0, -4.440892098500627e-16, -0.0, -0.0, 1.1102230246251565e-16, -0.0, -2.220446049250313e-16, 1.1102230246251565e-16, -2.220446049250313e-16, -4.440892098500627e-16, -0.0, 2.2204460492503128e-16, -4.440892098500627e-16, -0.0, 2.2204460492503128e-16, -0.0, -0.0, -0.0, -6.661338147750941e-16, -4.440892098500627e-16]",-1.04E-16,1.91E-16,-3.26E-16,0.020763162,1,TRUE,100
tc_2257--150/150_49392.txt#0_0,0,2,2.22E-16,"[-0.0, -0.0, -2.220446049250313e-16, -0.0, -2.220446049250313e-16, -0.0, -0.0, 2.2204460492503128e-16, -0.0, 2.2204460492503128e-16, -2.220446049250313e-16, -2.220446049250313e-16, -2.220446049250313e-16, -2.220446049250313e-16, -4.440892098500627e-16, -4.440892098500627e-16, -0.0, -2.220446049250313e-16, -0.0, -0.0, -0.0, -0.0, -0.0, -4.440892098500627e-16, -2.220446049250313e-16, -2.220446049250313e-16, -4.440892098500627e-16, 2.2204460492503128e-16, -2.220446049250313e-16, -0.0, -0.0, -2.220446049250313e-16, -2.220446049250313e-16, -2.220446049250313e-16, -2.220446049250313e-16, 3.330669073875469e-16, 1.1102230246251565e-16, -0.0, -0.0, 4.4408920985006257e-16, -0.0, -0.0, -4.440892098500627e-16, 1.1102230246251565e-16, -4.440892098500627e-16, -2.220446049250313e-16, 1.1102230246251565e-16, -0.0, -2.220446049250313e-16, -4.440892098500627e-16, -4.440892098500627e-16, -2.220446049250313e-16, -4.440892098500627e-16, 2.2204460492503128e-16, -2.220446049250313e-16, -2.220446049250313e-16, -6.661338147750941e-16, -2.220446049250313e-16, -0.0, -0.0, -2.220446049250313e-16, -2.220446049250313e-16, -0.0, -2.220446049250313e-16, -2.220446049250313e-16, -4.440892098500627e-16, -2.220446049250313e-16, -0.0, -2.220446049250313e-16, 1.1102230246251565e-16, -2.220446049250313e-16, 1.1102230246251565e-16, -2.220446049250313e-16, -2.220446049250313e-16, -2.220446049250313e-16, -4.440892098500627e-16, -2.220446049250313e-16, 1.1102230246251565e-16, -0.0, -4.440892098500627e-16, 1.1102230246251565e-16, -0.0, -4.440892098500627e-16, -0.0, -2.220446049250313e-16, -0.0, -2.220446049250313e-16, 1.1102230246251565e-16, -0.0, -4.440892098500627e-16, -2.220446049250313e-16, -2.220446049250313e-16, -2.220446049250313e-16, -2.220446049250313e-16, 3.330669073875469e-16, -0.0, -0.0, -4.440892098500627e-16, -0.0, 2.2204460492503128e-16]",-1.24E-16,2.11E-16,-3.46E-16,-0.024584436,1,TRUE,100
tc_2257--150/150_49392.txt#0_0,0.5,0.5,2.22E-16,"[2.2204460492503128e-16, -2.220446049250313e-16, 1.1102230246251565e-16, -4.440892098500627e-16, -0.0, -2.220446049250313e-16, -4.440892098500627e-16, -2.220446049250313e-16, -0.0, -2.220446049250313e-16, -0.0, -2.220446049250313e-16, 1.1102230246251565e-16, -2.220446049250313e-16, -4.440892098500627e-16, -0.0, -2.220446049250313e-16, -4.440892098500627e-16, -2.220446049250313e-16, 1.1102230246251565e-16, 2.2204460492503128e-16, 1.1102230246251565e-16, -0.0, 4.4408920985006257e-16, -0.0, -2.220446049250313e-16, -4.440892098500627e-16, -2.220446049250313e-16, -2.220446049250313e-16, -0.0, -0.0, -0.0, -2.220446049250313e-16, 1.1102230246251565e-16, -0.0, -0.0, -0.0, -2.220446049250313e-16, 1.1102230246251565e-16, -0.0, -2.220446049250313e-16, -0.0, 1.1102230246251565e-16, -2.220446049250313e-16, -2.220446049250313e-16, -0.0, -0.0, -2.220446049250313e-16, -2.220446049250313e-16, -0.0, 2.2204460492503128e-16, -0.0, -0.0, -2.220446049250313e-16, 1.1102230246251565e-16, -0.0, -0.0, -0.0, -0.0, -0.0, -4.440892098500627e-16, 1.1102230246251565e-16, 1.1102230246251565e-16, 2.2204460492503128e-16, 2.2204460492503128e-16, -2.220446049250313e-16, 2.2204460492503128e-16, -0.0, -2.220446049250313e-16, -2.220446049250313e-16, -0.0, -0.0, -0.0, -2.220446049250313e-16, -2.220446049250313e-16, 1.1102230246251565e-16, -2.220446049250313e-16, -4.440892098500627e-16, -0.0, 1.1102230246251565e-16, -0.0, 1.1102230246251565e-16, -2.220446049250313e-16, -0.0, -4.440892098500627e-16, -2.220446049250313e-16, -4.440892098500627e-16, -2.220446049250313e-16, -2.220446049250313e-16, -2.220446049250313e-16, -2.220446049250313e-16, 1.1102230246251565e-16, -2.220446049250313e-16, -0.0, -2.220446049250313e-16, 1.1102230246251565e-16, -4.440892098500627e-16, 2.2204460492503128e-16, -0.0, -2.220446049250313e-16]",-8.33E-17,1.92E-16,-3.05E-16,0.500912909,1,TRUE,100
tc_2257--150/150_49392.txt#0_0,0.5,1,2.22E-16,"[-4.440892098500627e-16, -0.0, -2.220446049250313e-16, -4.440892098500627e-16, -0.0, -0.0, -0.0, -2.220446049250313e-16, -0.0, -0.0, -2.220446049250313e-16, -0.0, -0.0, -0.0, -2.220446049250313e-16, -2.220446049250313e-16, -0.0, -2.220446049250313e-16, -2.220446049250313e-16, -2.220446049250313e-16, -0.0, -2.220446049250313e-16, -0.0, -0.0, -2.220446049250313e-16, -2.220446049250313e-16, -4.440892098500627e-16, -2.220446049250313e-16, -0.0, -2.220446049250313e-16, -2.220446049250313e-16, -4.440892098500627e-16, -0.0, -4.440892098500627e-16, -0.0, 1.1102230246251565e-16, -2.220446049250313e-16, -2.220446049250313e-16, -2.220446049250313e-16, -2.220446049250313e-16, -4.440892098500627e-16, -4.440892098500627e-16, -2.220446049250313e-16, 3.330669073875469e-16, -2.220446049250313e-16, -2.220446049250313e-16, -0.0, -0.0, 1.1102230246251565e-16, -4.440892098500627e-16, -0.0, -2.220446049250313e-16, -4.440892098500627e-16, -0.0, -2.220446049250313e-16, -0.0, -0.0, -4.440892098500627e-16, -2.220446049250313e-16, -2.220446049250313e-16, -0.0, -0.0, -4.440892098500627e-16, -4.440892098500627e-16, 1.1102230246251565e-16, -0.0, -4.440892098500627e-16, -2.220446049250313e-16, -0.0, -4.440892098500627e-16, -0.0, -2.220446049250313e-16, 1.1102230246251565e-16, -0.0, -2.220446049250313e-16, -0.0, -2.220446049250313e-16, -2.220446049250313e-16, 1.1102230246251565e-16, -4.440892098500627e-16, 1.1102230246251565e-16, -2.220446049250313e-16, -2.220446049250313e-16, -2.220446049250313e-16, 2.2204460492503128e-16, -4.440892098500627e-16, 1.1102230246251565e-16, -2.220446049250313e-16, -0.0, -0.0, -2.220446049250313e-16, -2.220446049250313e-16, -4.440892098500627e-16, -2.220446049250313e-16, -0.0, -0.0, -0.0, -2.220446049250313e-16, 1.1102230246251565e-16, -2.220446049250313e-16]",-1.48E-16,1.83E-16,-3.70E-16,0.493055932,1,TRUE,100
tc_2257--150/150_49392.txt#0_0,0.5,2,2.22E-16,"[2.2204460492503128e-16, -4.440892098500627e-16, -4.440892098500627e-16, 3.330669073875469e-16, 2.2204460492503128e-16, 1.1102230246251565e-16, -2.220446049250313e-16, -2.220446049250313e-16, -2.220446049250313e-16, -2.220446049250313e-16, 2.2204460492503128e-16, -2.220446049250313e-16, -0.0, -4.440892098500627e-16, -4.440892098500627e-16, -2.220446049250313e-16, 2.2204460492503128e-16, -0.0, -4.440892098500627e-16, 1.1102230246251565e-16, -0.0, 3.330669073875469e-16, -4.440892098500627e-16, -2.220446049250313e-16, -4.440892098500627e-16, -0.0, 2.2204460492503128e-16, -4.440892098500627e-16, -0.0, -2.220446049250313e-16, -0.0, 1.1102230246251565e-16, -2.220446049250313e-16, 2.2204460492503128e-16, -6.661338147750941e-16, -2.220446049250313e-16, -2.220446049250313e-16, -2.220446049250313e-16, -0.0, -2.220446049250313e-16, -2.220446049250313e-16, 3.330669073875469e-16, -2.220446049250313e-16, -4.440892098500627e-16, 1.1102230246251565e-16, 2.2204460492503128e-16, 2.2204460492503128e-16, -2.220446049250313e-16, 1.1102230246251565e-16, -2.220446049250313e-16, 2.2204460492503128e-16, 1.1102230246251565e-16, 2.2204460492503128e-16, -8.881784197001256e-16, -8.881784197001256e-16, -2.220446049250313e-16, -2.220446049250313e-16, -6.661338147750941e-16, -0.0, 1.1102230246251565e-16, -0.0, -2.220446049250313e-16, -2.220446049250313e-16, 2.2204460492503128e-16, -0.0, -6.661338147750941e-16, -2.220446049250313e-16, -6.661338147750941e-16, 3.330669073875469e-16, 3.330669073875469e-16, -4.440892098500627e-16, 2.2204460492503128e-16, -2.220446049250313e-16, 3.330669073875469e-16, -2.220446049250313e-16, 2.2204460492503128e-16, 1.1102230246251565e-16, -2.220446049250313e-16, 1.1102230246251565e-16, -4.440892098500627e-16, -2.220446049250313e-16, -4.440892098500627e-16, -4.440892098500627e-16, -4.440892098500627e-16, 2.2204460492503128e-16, -0.0, -4.440892098500627e-16, 1.1102230246251565e-16, -4.440892098500627e-16, 1.1102230246251565e-16, -0.0, -4.440892098500627e-16, -2.220446049250313e-16, 1.1102230246251565e-16, 1.1102230246251565e-16, -2.220446049250313e-16, -0.0, 2.2204460492503128e-16, 1.1102230246251565e-16, -0.0]",-1.13E-16,2.90E-16,-3.35E-16,0.550472089,1,TRUE,100
tc_2257--150/150_49392.txt#0_0,1,0.5,2.22E-16,"[-2.220446049250313e-16, -0.0, -0.0, -2.220446049250313e-16, -2.220446049250313e-16, -2.220446049250313e-16, -0.0, -2.220446049250313e-16, 1.1102230246251565e-16, -2.220446049250313e-16, -2.220446049250313e-16, -2.220446049250313e-16, 2.2204460492503128e-16, -2.220446049250313e-16, -0.0, -0.0, -2.220446049250313e-16, -0.0, -0.0, -0.0, -2.220446049250313e-16, -0.0, 1.1102230246251565e-16, -0.0, -2.220446049250313e-16, -2.220446049250313e-16, -4.440892098500627e-16, -2.220446049250313e-16, -0.0, -0.0, -2.220446049250313e-16, -2.220446049250313e-16, -0.0, -0.0, -2.220446049250313e-16, -2.220446049250313e-16, -2.220446049250313e-16, -2.220446049250313e-16, -4.440892098500627e-16, -0.0, -0.0, 2.2204460492503128e-16, 1.1102230246251565e-16, 1.1102230246251565e-16, -0.0, -4.440892098500627e-16, -2.220446049250313e-16, -2.220446049250313e-16, -2.220446049250313e-16, -0.0, -0.0, -2.220446049250313e-16, -2.220446049250313e-16, -0.0, 1.1102230246251565e-16, -0.0, -0.0, -2.220446049250313e-16, -0.0, -0.0, -0.0, 1.1102230246251565e-16, -2.220446049250313e-16, -2.220446049250313e-16, -4.440892098500627e-16, -0.0, 2.2204460492503128e-16, -4.440892098500627e-16, -0.0, -2.220446049250313e-16, -0.0, -2.220446049250313e-16, 1.1102230246251565e-16, -0.0, -2.220446049250313e-16, -4.440892098500627e-16, 1.1102230246251565e-16, -2.220446049250313e-16, -0.0, -2.220446049250313e-16, 1.1102230246251565e-16, 1.1102230246251565e-16, 1.1102230246251565e-16, -4.440892098500627e-16, -0.0, -0.0, 1.1102230246251565e-16, 2.2204460492503128e-16, 2.2204460492503128e-16, -0.0, -0.0, -4.440892098500627e-16, 1.1102230246251565e-16, -2.220446049250313e-16, -2.220446049250313e-16, -0.0, -2.220446049250313e-16, -2.220446049250313e-16, -2.220446049250313e-16, -4.440892098500627e-16]",-9.88E-17,1.75E-16,-3.21E-16,1.010233348,1,TRUE,100
tc_2257--150/150_49392.txt#0_0,1,1,2.22E-16,"[-4.440892098500627e-16, 1.1102230246251565e-16, -0.0, -2.220446049250313e-16, -4.440892098500627e-16, -4.440892098500627e-16, -2.220446049250313e-16, -4.440892098500627e-16, -2.220446049250313e-16, -2.220446049250313e-16, -4.440892098500627e-16, -2.220446049250313e-16, -2.220446049250313e-16, -0.0, -2.220446049250313e-16, -2.220446049250313e-16, 1.1102230246251565e-16, -2.220446049250313e-16, -0.0, -0.0, -2.220446049250313e-16, -2.220446049250313e-16, 1.1102230246251565e-16, -4.440892098500627e-16, -0.0, 2.2204460492503128e-16, -4.440892098500627e-16, -0.0, -0.0, -2.220446049250313e-16, -4.440892098500627e-16, -0.0, -4.440892098500627e-16, 1.1102230246251565e-16, -2.220446049250313e-16, -2.220446049250313e-16, 1.1102230246251565e-16, -0.0, 2.2204460492503128e-16, -0.0, -2.220446049250313e-16, -0.0, -0.0, -2.220446049250313e-16, -0.0, -4.440892098500627e-16, 1.1102230246251565e-16, -2.220446049250313e-16, -4.440892098500627e-16, 1.1102230246251565e-16, -0.0, -2.220446049250313e-16, 1.1102230246251565e-16, -2.220446049250313e-16, -0.0, -4.440892098500627e-16, -0.0, -2.220446049250313e-16, -4.440892098500627e-16, -0.0, -0.0, -2.220446049250313e-16, -6.661338147750941e-16, -0.0, -0.0, -0.0, -4.440892098500627e-16, 2.2204460492503128e-16, -0.0, 1.1102230246251565e-16, -2.220446049250313e-16, 3.330669073875469e-16, -0.0, -4.440892098500627e-16, -0.0, 1.1102230246251565e-16, -0.0, -0.0, 1.1102230246251565e-16, -0.0, -0.0, -2.220446049250313e-16, -0.0, -2.220446049250313e-16, -2.220446049250313e-16, -0.0, -4.440892098500627e-16, -0.0, 2.2204460492503128e-16, -4.440892098500627e-16, -0.0, -2.220446049250313e-16, -0.0, -2.220446049250313e-16, 1.1102230246251565e-16, -0.0, -4.440892098500627e-16, -0.0, 2.2204460492503128e-16, -0.0]",-1.19E-16,2.10E-16,-3.41E-16,0.990428185,1,TRUE,100
tc_2257--150/150_49392.txt#0_0,1,2,2.22E-16,"[-0.0, -2.220446049250313e-16, -0.0, 3.330669073875469e-16, -0.0, -4.440892098500627e-16, 1.1102230246251565e-16, -2.220446049250313e-16, -2.220446049250313e-16, 3.330669073875469e-16, -0.0, -0.0, -0.0, 2.2204460492503128e-16, -0.0, 2.2204460492503128e-16, -2.220446049250313e-16, -0.0, 2.2204460492503128e-16, -2.220446049250313e-16, -0.0, -0.0, -0.0, 2.2204460492503128e-16, 1.1102230246251565e-16, -0.0, -4.440892098500627e-16, -4.440892098500627e-16, -6.661338147750941e-16, -0.0, -2.220446049250313e-16, -4.440892098500627e-16, -0.0, -4.440892098500627e-16, -0.0, -2.220446049250313e-16, -0.0, -0.0, -2.220446049250313e-16, -0.0, 1.1102230246251565e-16, -0.0, 2.2204460492503128e-16, -2.220446049250313e-16, -0.0, -2.220446049250313e-16, -0.0, 1.1102230246251565e-16, 1.1102230246251565e-16, -2.220446049250313e-16, -2.220446049250313e-16, 2.2204460492503128e-16, -0.0, -2.220446049250313e-16, -0.0, -2.220446049250313e-16, -0.0, -0.0, 2.2204460492503128e-16, -4.440892098500627e-16, -4.440892098500627e-16, 2.2204460492503128e-16, 1.1102230246251565e-16, -6.661338147750941e-16, -4.440892098500627e-16, -6.661338147750941e-16, -4.440892098500627e-16, -2.220446049250313e-16, -0.0, -0.0, -4.440892098500627e-16, 2.2204460492503128e-16, -2.220446049250313e-16, -4.440892098500627e-16, -4.440892098500627e-16, 1.1102230246251565e-16, 4.4408920985006257e-16, -2.220446049250313e-16, 2.2204460492503128e-16, -2.220446049250313e-16, -4.440892098500627e-16, -0.0, -2.220446049250313e-16, -6.661338147750941e-16, -6.661338147750941e-16, -2.220446049250313e-16, 2.2204460492503128e-16, -2.220446049250313e-16, 2.2204460492503128e-16, 1.1102230246251565e-16, -8.881784197001256e-16, -6.661338147750941e-16, -4.440892098500627e-16, -0.0, 2.2204460492503128e-16, -2.220446049250313e-16, -4.440892098500627e-16, 4.4408920985006257e-16, -0.0, -2.220446049250313e-16]",-1.13E-16,2.76E-16,-3.35E-16,0.976696933,1,TRUE,100
tc_2257--150/150_49392.txt#0_0,2,0.5,2.22E-16,"[-4.440892098500627e-16, 1.1102230246251565e-16, -4.440892098500627e-16, -2.220446049250313e-16, -6.661338147750941e-16, -0.0, 2.2204460492503128e-16, 1.1102230246251565e-16, 3.330669073875469e-16, -4.440892098500627e-16, 2.2204460492503128e-16, -4.440892098500627e-16, -2.220446049250313e-16, -0.0, 3.330669073875469e-16, -0.0, -0.0, -4.440892098500627e-16, 2.2204460492503128e-16, -2.220446049250313e-16, -0.0, -4.440892098500627e-16, -6.661338147750941e-16, -0.0, 1.1102230246251565e-16, 1.1102230246251565e-16, -4.440892098500627e-16, -4.440892098500627e-16, -0.0, 5.551115123125782e-16, 2.2204460492503128e-16, -4.440892098500627e-16, -2.220446049250313e-16, -2.220446049250313e-16, -0.0, -2.220446049250313e-16, -0.0, -2.220446049250313e-16, -4.440892098500627e-16, -2.220446049250313e-16, -2.220446049250313e-16, -0.0, -0.0, -2.220446049250313e-16, -2.220446049250313e-16, -6.661338147750941e-16, -2.220446049250313e-16, -4.440892098500627e-16, 2.2204460492503128e-16, -2.220446049250313e-16, -2.220446049250313e-16, -2.220446049250313e-16, -2.220446049250313e-16, -6.661338147750941e-16, -4.440892098500627e-16, -0.0, -0.0, -6.661338147750941e-16, -2.220446049250313e-16, -2.220446049250313e-16, -0.0, 1.1102230246251565e-16, -0.0, -0.0, -0.0, -4.440892098500627e-16, -6.661338147750941e-16, -0.0, 2.2204460492503128e-16, 1.1102230246251565e-16, -2.220446049250313e-16, 1.1102230246251565e-16, -0.0, 2.2204460492503128e-16, -4.440892098500627e-16, -4.440892098500627e-16, -2.220446049250313e-16, 2.2204460492503128e-16, -2.220446049250313e-16, -4.440892098500627e-16, -0.0, 1.1102230246251565e-16, 2.2204460492503128e-16, 2.2204460492503128e-16, -2.220446049250313e-16, 3.330669073875469e-16, -4.440892098500627e-16, -2.220446049250313e-16, -4.440892098500627e-16, 3.330669073875469e-16, 2.2204460492503128e-16, -4.440892098500627e-16, -4.440892098500627e-16, -2.220446049250313e-16, 2.2204460492503128e-16, 3.330669073875469e-16, -2.220446049250313e-16, -0.0, 1.1102230246251565e-16, 3.330669073875469e-16]",-1.22E-16,2.83E-16,-3.44E-16,1.9725693,1,TRUE,100
tc_2257--150/150_49392.txt#0_0,2,1,2.22E-16,"[2.2204460492503128e-16, -0.0, -4.440892098500627e-16, -4.440892098500627e-16, -2.220446049250313e-16, -4.440892098500627e-16, -4.440892098500627e-16, -0.0, 2.2204460492503128e-16, -4.440892098500627e-16, -4.440892098500627e-16, -4.440892098500627e-16, -8.881784197001256e-16, -4.440892098500627e-16, -2.220446049250313e-16, -6.661338147750941e-16, -2.220446049250313e-16, -2.220446049250313e-16, -2.220446049250313e-16, 1.1102230246251565e-16, -4.440892098500627e-16, 1.1102230246251565e-16, -6.661338147750941e-16, 3.330669073875469e-16, -4.440892098500627e-16, -4.440892098500627e-16, -0.0, 2.2204460492503128e-16, -2.220446049250313e-16, -0.0, -0.0, 2.2204460492503128e-16, -4.440892098500627e-16, 2.2204460492503128e-16, -6.661338147750941e-16, 1.1102230246251565e-16, -4.440892098500627e-16, -6.661338147750941e-16, -2.220446049250313e-16, 1.1102230246251565e-16, -0.0, -4.440892098500627e-16, -6.661338147750941e-16, 1.1102230246251565e-16, 3.330669073875469e-16, -0.0, -4.440892098500627e-16, -4.440892098500627e-16, -4.440892098500627e-16, -0.0, 1.1102230246251565e-16, -4.440892098500627e-16, 1.1102230246251565e-16, -0.0, -0.0, 3.330669073875469e-16, 4.4408920985006257e-16, -6.661338147750941e-16, -4.440892098500627e-16, -2.220446049250313e-16, 2.2204460492503128e-16, 1.1102230246251565e-16, 2.2204460492503128e-16, -4.440892098500627e-16, -0.0, -0.0, 2.2204460492503128e-16, -0.0, 1.1102230246251565e-16, 4.4408920985006257e-16, -4.440892098500627e-16, -4.440892098500627e-16, 2.2204460492503128e-16, -4.440892098500627e-16, 2.2204460492503128e-16, -4.440892098500627e-16, -2.220446049250313e-16, 2.2204460492503128e-16, 2.2204460492503128e-16, -2.220446049250313e-16, -6.661338147750941e-16, -0.0, 1.1102230246251565e-16, 2.2204460492503128e-16, -2.220446049250313e-16, -2.220446049250313e-16, -2.220446049250313e-16, -2.220446049250313e-16, -2.220446049250313e-16, -2.220446049250313e-16, -4.440892098500627e-16, -6.661338147750941e-16, -4.440892098500627e-16, -4.440892098500627e-16, -0.0, 2.2204460492503128e-16, -4.440892098500627e-16, -2.220446049250313e-16, 1.1102230246251565e-16, -2.220446049250313e-16]",-1.64E-16,3.10E-16,-3.86E-16,1.957019353,1,TRUE,100
tc_2257--150/150_49392.txt#0_0,2,2,2.22E-16,"[-6.661338147750941e-16, -2.220446049250313e-16, 1.1102230246251565e-16, -0.0, -0.0, -0.0, -2.220446049250313e-16, 3.330669073875469e-16, -4.440892098500627e-16, -2.220446049250313e-16, -0.0, -0.0, -4.440892098500627e-16, -2.220446049250313e-16, -4.440892098500627e-16, -0.0, -2.220446049250313e-16, 1.1102230246251565e-16, -6.661338147750941e-16, -2.220446049250313e-16, -4.440892098500627e-16, 3.330669073875469e-16, -2.220446049250313e-16, -2.220446049250313e-16, -0.0, -2.220446049250313e-16, -6.661338147750941e-16, -4.440892098500627e-16, -4.440892098500627e-16, -4.440892098500627e-16, -4.440892098500627e-16, -4.440892098500627e-16, -0.0, -4.440892098500627e-16, -6.661338147750941e-16, -6.661338147750941e-16, -4.440892098500627e-16, -0.0, -6.661338147750941e-16, -4.440892098500627e-16, 1.1102230246251565e-16, -0.0, -4.440892098500627e-16, -6.661338147750941e-16, -4.440892098500627e-16, 2.2204460492503128e-16, -0.0, -0.0, -0.0, -2.220446049250313e-16, -2.220446049250313e-16, -6.661338147750941e-16, -4.440892098500627e-16, -2.220446049250313e-16, -0.0, -2.220446049250313e-16, -2.220446049250313e-16, -2.220446049250313e-16, -0.0, -0.0, 1.1102230246251565e-16, -4.440892098500627e-16, 3.330669073875469e-16, 1.1102230246251565e-16, -4.440892098500627e-16, -6.661338147750941e-16, -0.0, 1.1102230246251565e-16, -4.440892098500627e-16, -4.440892098500627e-16, 2.2204460492503128e-16, -2.220446049250313e-16, -0.0, -6.661338147750941e-16, -2.220446049250313e-16, 1.1102230246251565e-16, -6.661338147750941e-16, -2.220446049250313e-16, -4.440892098500627e-16, -2.220446049250313e-16, -2.220446049250313e-16, 2.2204460492503128e-16, -4.440892098500627e-16, 2.2204460492503128e-16, 1.1102230246251565e-16, 1.1102230246251565e-16, -4.440892098500627e-16, -4.440892098500627e-16, -4.440892098500627e-16, 1.1102230246251565e-16, -2.220446049250313e-16, -4.440892098500627e-16, 4.4408920985006257e-16, -6.661338147750941e-16, -2.220446049250313e-16, -4.440892098500627e-16, -0.0, -2.220446049250313e-16, 1.1102230246251565e-16, -2.220446049250313e-16]",-2.13E-16,2.82E-16,-4.35E-16,1.977759217,1,TRUE,100
sfq_20420--125/125_1922602.txt#0_1,0,0.5,-2.22E-16,"[-0.0, -0.0, 1.1102230246251565e-16, -2.220446049250313e-16, 2.2204460492503128e-16, -2.220446049250313e-16, -0.0, -0.0, -2.220446049250313e-16, -2.220446049250313e-16, -0.0, 1.1102230246251565e-16, -2.220446049250313e-16, -0.0, 1.1102230246251565e-16, -0.0, -0.0, -0.0, -0.0, -4.440892098500627e-16, 2.2204460492503128e-16, -0.0, -0.0, -4.440892098500627e-16, -0.0, -4.440892098500627e-16, -0.0, -4.440892098500627e-16, -4.440892098500627e-16, -0.0, -2.220446049250313e-16, -0.0, 1.1102230246251565e-16, -2.220446049250313e-16, -0.0, 3.330669073875469e-16, -0.0, -2.220446049250313e-16, -0.0, -4.440892098500627e-16, -2.220446049250313e-16, -2.220446049250313e-16, 1.1102230246251565e-16, -0.0, -4.440892098500627e-16, -0.0, 1.1102230246251565e-16, -2.220446049250313e-16, -0.0, 1.1102230246251565e-16, -2.220446049250313e-16, -4.440892098500627e-16, 2.2204460492503128e-16, -4.440892098500627e-16, -2.220446049250313e-16, -2.220446049250313e-16, -0.0, -2.220446049250313e-16, -2.220446049250313e-16, 1.1102230246251565e-16, -4.440892098500627e-16, -0.0, -4.440892098500627e-16, -2.220446049250313e-16, -2.220446049250313e-16, -2.220446049250313e-16, 1.1102230246251565e-16, -0.0, -2.220446049250313e-16, -4.440892098500627e-16, 2.2204460492503128e-16, -2.220446049250313e-16, -2.220446049250313e-16, 2.2204460492503128e-16, 2.2204460492503128e-16, -4.440892098500627e-16, -0.0, -0.0, -0.0, -2.220446049250313e-16, 2.2204460492503128e-16, -2.220446049250313e-16, -2.220446049250313e-16, -0.0, -4.440892098500627e-16, 2.2204460492503128e-16, -0.0, -0.0, -2.220446049250313e-16, 1.1102230246251565e-16, -2.220446049250313e-16, 2.2204460492503128e-16, 1.1102230246251565e-16, -0.0, -2.220446049250313e-16, -2.220446049250313e-16, -4.440892098500627e-16, -0.0, -0.0, -0.0]",-9.55E-17,2.04E-16,1.27E-16,-0.009116882,1,TRUE,100
sfq_20420--125/125_1922602.txt#0_1,0,1,-2.22E-16,"[-0.0, -2.220446049250313e-16, 1.1102230246251565e-16, 1.1102230246251565e-16, 2.2204460492503128e-16, -2.220446049250313e-16, -2.220446049250313e-16, -2.220446049250313e-16, -2.220446049250313e-16, -4.440892098500627e-16, -0.0, -0.0, 2.2204460492503128e-16, -0.0, 1.1102230246251565e-16, -2.220446049250313e-16, -2.220446049250313e-16, -2.220446049250313e-16, 2.2204460492503128e-16, -0.0, -0.0, -2.220446049250313e-16, -2.220446049250313e-16, -4.440892098500627e-16, -0.0, -2.220446049250313e-16, -2.220446049250313e-16, -0.0, -2.220446049250313e-16, -0.0, -0.0, -4.440892098500627e-16, -4.440892098500627e-16, -0.0, -4.440892098500627e-16, -4.440892098500627e-16, -2.220446049250313e-16, -2.220446049250313e-16, -0.0, -0.0, -4.440892098500627e-16, -2.220446049250313e-16, -0.0, 2.2204460492503128e-16, -2.220446049250313e-16, -2.220446049250313e-16, -0.0, -0.0, -0.0, 1.1102230246251565e-16, -0.0, -0.0, -2.220446049250313e-16, -0.0, -2.220446049250313e-16, -2.220446049250313e-16, -0.0, -0.0, -2.220446049250313e-16, -0.0, -0.0, -2.220446049250313e-16, -2.220446049250313e-16, 1.1102230246251565e-16, 2.2204460492503128e-16, 1.1102230246251565e-16, 2.2204460492503128e-16, -2.220446049250313e-16, 2.2204460492503128e-16, -2.220446049250313e-16, -2.220446049250313e-16, 1.1102230246251565e-16, -0.0, -2.220446049250313e-16, -0.0, -2.220446049250313e-16, 1.1102230246251565e-16, -2.220446049250313e-16, -0.0, -0.0, -2.220446049250313e-16, -2.220446049250313e-16, -2.220446049250313e-16, 2.2204460492503128e-16, -2.220446049250313e-16, 1.1102230246251565e-16, 2.2204460492503128e-16, -2.220446049250313e-16, 1.1102230246251565e-16, -0.0, -2.220446049250313e-16, -2.220446049250313e-16, -2.220446049250313e-16, -0.0, -2.220446049250313e-16, 2.2204460492503128e-16, -0.0, -2.220446049250313e-16, -2.220446049250313e-16, -2.220446049250313e-16]",-9.10E-17,1.80E-16,1.31E-16,-0.03091932,1,TRUE,100
sfq_20420--125/125_1922602.txt#0_1,0,2,-2.22E-16,"[-0.0, -0.0, -2.220446049250313e-16, -2.220446049250313e-16, -2.220446049250313e-16, -0.0, 3.330669073875469e-16, -0.0, -0.0, -4.440892098500627e-16, -2.220446049250313e-16, 1.1102230246251565e-16, -4.440892098500627e-16, -2.220446049250313e-16, -0.0, -2.220446049250313e-16, -4.440892098500627e-16, -6.661338147750941e-16, -2.220446049250313e-16, -0.0, -2.220446049250313e-16, -0.0, -2.220446049250313e-16, -2.220446049250313e-16, -2.220446049250313e-16, -0.0, 1.1102230246251565e-16, -4.440892098500627e-16, -0.0, -2.220446049250313e-16, -2.220446049250313e-16, -2.220446049250313e-16, -0.0, -2.220446049250313e-16, -0.0, -2.220446049250313e-16, -0.0, -2.220446049250313e-16, -2.220446049250313e-16, -2.220446049250313e-16, -2.220446049250313e-16, -2.220446049250313e-16, -0.0, -2.220446049250313e-16, -2.220446049250313e-16, -0.0, -2.220446049250313e-16, -2.220446049250313e-16, -0.0, -4.440892098500627e-16, -4.440892098500627e-16, -0.0, -2.220446049250313e-16, -0.0, -2.220446049250313e-16, -4.440892098500627e-16, -0.0, -4.440892098500627e-16, -2.220446049250313e-16, -2.220446049250313e-16, -0.0, -0.0, -0.0, -0.0, -0.0, -4.440892098500627e-16, 2.2204460492503128e-16, 1.1102230246251565e-16, -0.0, 2.2204460492503128e-16, -0.0, -0.0, -0.0, 1.1102230246251565e-16, -4.440892098500627e-16, 1.1102230246251565e-16, 1.1102230246251565e-16, -0.0, -0.0, -2.220446049250313e-16, 1.1102230246251565e-16, -0.0, -0.0, -2.220446049250313e-16, -0.0, -0.0, 2.2204460492503128e-16, -2.220446049250313e-16, -4.440892098500627e-16, -0.0, -0.0, 1.1102230246251565e-16, -2.220446049250313e-16, -2.220446049250313e-16, 2.2204460492503128e-16, -2.220446049250313e-16, -0.0, -0.0, -0.0, -2.220446049250313e-16]",-1.14E-16,1.87E-16,1.08E-16,-0.017885658,1,TRUE,100
sfq_20420--125/125_1922602.txt#0_1,0.5,0.5,-2.22E-16,"[-2.220446049250313e-16, 1.1102230246251565e-16, -0.0, 1.1102230246251565e-16, -0.0, -0.0, -2.220446049250313e-16, -2.220446049250313e-16, -0.0, -0.0, -2.220446049250313e-16, -0.0, -0.0, 2.2204460492503128e-16, -0.0, 1.1102230246251565e-16, -0.0, 1.1102230246251565e-16, 1.1102230246251565e-16, -2.220446049250313e-16, -0.0, -0.0, -0.0, -2.220446049250313e-16, -2.220446049250313e-16, -2.220446049250313e-16, -0.0, -0.0, -4.440892098500627e-16, -4.440892098500627e-16, -4.440892098500627e-16, -0.0, 1.1102230246251565e-16, -0.0, 2.2204460492503128e-16, 1.1102230246251565e-16, -0.0, 2.2204460492503128e-16, -0.0, -2.220446049250313e-16, -0.0, -2.220446049250313e-16, 1.1102230246251565e-16, -2.220446049250313e-16, -2.220446049250313e-16, -4.440892098500627e-16, 1.1102230246251565e-16, -0.0, -2.220446049250313e-16, 2.2204460492503128e-16, 1.1102230246251565e-16, -2.220446049250313e-16, -4.440892098500627e-16, 2.2204460492503128e-16, -4.440892098500627e-16, -2.220446049250313e-16, -0.0, -0.0, -0.0, -0.0, -0.0, -0.0, -2.220446049250313e-16, 1.1102230246251565e-16, -0.0, -2.220446049250313e-16, -2.220446049250313e-16, -2.220446049250313e-16, -4.440892098500627e-16, -4.440892098500627e-16, -2.220446049250313e-16, -2.220446049250313e-16, -2.220446049250313e-16, -2.220446049250313e-16, 1.1102230246251565e-16, 1.1102230246251565e-16, -0.0, -2.220446049250313e-16, -0.0, -2.220446049250313e-16, -0.0, -2.220446049250313e-16, -0.0, 2.2204460492503128e-16, -2.220446049250313e-16, -2.220446049250313e-16, -2.220446049250313e-16, -2.220446049250313e-16, -4.440892098500627e-16, -2.220446049250313e-16, -2.220446049250313e-16, -2.220446049250313e-16, -2.220446049250313e-16, 1.1102230246251565e-16, 2.2204460492503128e-16, 1.1102230246251565e-16, -0.0, 2.2204460492503128e-16, -0.0, -2.220446049250313e-16]",-8.33E-17,1.84E-16,1.39E-16,0.493919491,1,TRUE,100
sfq_20420--125/125_1922602.txt#0_1,0.5,1,-2.22E-16,"[-0.0, 1.1102230246251565e-16, -0.0, -0.0, -4.440892098500627e-16, -2.220446049250313e-16, -2.220446049250313e-16, -0.0, -0.0, -2.220446049250313e-16, -4.440892098500627e-16, -0.0, -2.220446049250313e-16, -2.220446049250313e-16, -2.220446049250313e-16, -0.0, -4.440892098500627e-16, -2.220446049250313e-16, -0.0, 2.2204460492503128e-16, -0.0, -0.0, -0.0, -2.220446049250313e-16, -2.220446049250313e-16, -2.220446049250313e-16, -0.0, -0.0, -2.220446049250313e-16, -2.220446049250313e-16, -4.440892098500627e-16, 2.2204460492503128e-16, -0.0, -2.220446049250313e-16, 1.1102230246251565e-16, -2.220446049250313e-16, -4.440892098500627e-16, -0.0, -0.0, -2.220446049250313e-16, -2.220446049250313e-16, -0.0, -0.0, -0.0, -0.0, -2.220446049250313e-16, -2.220446049250313e-16, 1.1102230246251565e-16, -2.220446049250313e-16, -4.440892098500627e-16, -2.220446049250313e-16, -2.220446049250313e-16, 1.1102230246251565e-16, -0.0, -0.0, -2.220446049250313e-16, -2.220446049250313e-16, 1.1102230246251565e-16, -2.220446049250313e-16, -2.220446049250313e-16, -2.220446049250313e-16, -2.220446049250313e-16, -0.0, 1.1102230246251565e-16, -2.220446049250313e-16, 2.2204460492503128e-16, -0.0, 1.1102230246251565e-16, -0.0, -0.0, -0.0, -4.440892098500627e-16, -0.0, -2.220446049250313e-16, -2.220446049250313e-16, -0.0, -2.220446049250313e-16, -4.440892098500627e-16, -2.220446049250313e-16, -4.440892098500627e-16, -2.220446049250313e-16, -2.220446049250313e-16, -4.440892098500627e-16, 1.1102230246251565e-16, -2.220446049250313e-16, -4.440892098500627e-16, 2.2204460492503128e-16, -0.0, -2.220446049250313e-16, -0.0, -2.220446049250313e-16, -0.0, -0.0, 1.1102230246251565e-16, -0.0, -0.0, 1.1102230246251565e-16, -0.0, -2.220446049250313e-16, -2.220446049250313e-16]",-1.15E-16,1.75E-16,1.07E-16,0.495759025,1,TRUE,100
sfq_20420--125/125_1922602.txt#0_1,0.5,2,-2.22E-16,"[2.2204460492503128e-16, 2.2204460492503128e-16, -2.220446049250313e-16, -0.0, -4.440892098500627e-16, -2.220446049250313e-16, 1.1102230246251565e-16, -4.440892098500627e-16, -2.220446049250313e-16, -2.220446049250313e-16, 1.1102230246251565e-16, -4.440892098500627e-16, -0.0, -2.220446049250313e-16, -0.0, -0.0, -0.0, -0.0, 2.2204460492503128e-16, -2.220446049250313e-16, 1.1102230246251565e-16, -2.220446049250313e-16, -4.440892098500627e-16, -4.440892098500627e-16, -0.0, -0.0, -0.0, 2.2204460492503128e-16, -0.0, -4.440892098500627e-16, -0.0, 4.4408920985006257e-16, -4.440892098500627e-16, -0.0, 2.2204460492503128e-16, -2.220446049250313e-16, -6.661338147750941e-16, -0.0, -0.0, -0.0, 1.1102230246251565e-16, 1.1102230246251565e-16, -2.220446049250313e-16, -0.0, -2.220446049250313e-16, -0.0, -4.440892098500627e-16, -2.220446049250313e-16, -2.220446049250313e-16, -0.0, -2.220446049250313e-16, -0.0, -2.220446049250313e-16, -0.0, 2.2204460492503128e-16, -2.220446049250313e-16, -0.0, 3.330669073875469e-16, 2.2204460492503128e-16, -0.0, -4.440892098500627e-16, -2.220446049250313e-16, -0.0, 2.2204460492503128e-16, 2.2204460492503128e-16, -2.220446049250313e-16, -2.220446049250313e-16, -2.220446049250313e-16, -2.220446049250313e-16, 1.1102230246251565e-16, -0.0, 1.1102230246251565e-16, -4.440892098500627e-16, -2.220446049250313e-16, -0.0, -2.220446049250313e-16, -2.220446049250313e-16, -0.0, 1.1102230246251565e-16, -0.0, -0.0, -2.220446049250313e-16, -0.0, -2.220446049250313e-16, -2.220446049250313e-16, -0.0, 1.1102230246251565e-16, -0.0, -2.220446049250313e-16, -0.0, -2.220446049250313e-16, -6.661338147750941e-16, -2.220446049250313e-16, -2.220446049250313e-16, -0.0, -0.0, -2.220446049250313e-16, -2.220446049250313e-16, -0.0, 1.1102230246251565e-16]",-8.99E-17,2.12E-16,1.32E-16,0.470048344,1,TRUE,100
sfq_20420--125/125_1922602.txt#0_1,1,0.5,-2.22E-16,"[1.1102230246251565e-16, -2.220446049250313e-16, -4.440892098500627e-16, 1.1102230246251565e-16, -0.0, -4.440892098500627e-16, -0.0, -0.0, -2.220446049250313e-16, -0.0, -0.0, -2.220446049250313e-16, -2.220446049250313e-16, -4.440892098500627e-16, -4.440892098500627e-16, -2.220446049250313e-16, -2.220446049250313e-16, -2.220446049250313e-16, -0.0, -0.0, 2.2204460492503128e-16, -2.220446049250313e-16, -2.220446049250313e-16, -0.0, -0.0, -2.220446049250313e-16, -0.0, -2.220446049250313e-16, -2.220446049250313e-16, -4.440892098500627e-16, 1.1102230246251565e-16, 2.2204460492503128e-16, -2.220446049250313e-16, -2.220446049250313e-16, -4.440892098500627e-16, -2.220446049250313e-16, -0.0, -2.220446049250313e-16, -0.0, 2.2204460492503128e-16, -2.220446049250313e-16, -0.0, 1.1102230246251565e-16, 2.2204460492503128e-16, -0.0, -4.440892098500627e-16, -0.0, -2.220446049250313e-16, -2.220446049250313e-16, -2.220446049250313e-16, 2.2204460492503128e-16, -4.440892098500627e-16, -0.0, -0.0, -0.0, -0.0, -2.220446049250313e-16, -0.0, -4.440892098500627e-16, -0.0, -0.0, -0.0, -4.440892098500627e-16, -4.440892098500627e-16, -2.220446049250313e-16, -0.0, -0.0, -2.220446049250313e-16, -0.0, -2.220446049250313e-16, 2.2204460492503128e-16, -2.220446049250313e-16, -2.220446049250313e-16, -0.0, -2.220446049250313e-16, -2.220446049250313e-16, -0.0, 2.2204460492503128e-16, -0.0, -0.0, -2.220446049250313e-16, -2.220446049250313e-16, -2.220446049250313e-16, -2.220446049250313e-16, -4.440892098500627e-16, -2.220446049250313e-16, -2.220446049250313e-16, -0.0, 1.1102230246251565e-16, -0.0, -4.440892098500627e-16, 1.1102230246251565e-16, -0.0, -2.220446049250313e-16, -0.0, -0.0, 1.1102230246251565e-16, -0.0, -2.220446049250313e-16, -2.220446049250313e-16]",-1.17E-16,1.86E-16,1.05E-16,0.993463061,1,TRUE,100
sfq_20420--125/125_1922602.txt#0_1,1,1,-2.22E-16,"[-2.220446049250313e-16, 2.2204460492503128e-16, -0.0, -0.0, -2.220446049250313e-16, -2.220446049250313e-16, -4.440892098500627e-16, 1.1102230246251565e-16, -2.220446049250313e-16, 1.1102230246251565e-16, -2.220446049250313e-16, -0.0, -0.0, -0.0, 1.1102230246251565e-16, -4.440892098500627e-16, -0.0, -2.220446049250313e-16, -2.220446049250313e-16, 1.1102230246251565e-16, -2.220446049250313e-16, -0.0, -0.0, -2.220446049250313e-16, -0.0, -2.220446049250313e-16, -0.0, -0.0, -0.0, -0.0, -0.0, -2.220446049250313e-16, -0.0, 1.1102230246251565e-16, -0.0, -2.220446049250313e-16, -2.220446049250313e-16, 1.1102230246251565e-16, -4.440892098500627e-16, -0.0, -0.0, -2.220446049250313e-16, -2.220446049250313e-16, 1.1102230246251565e-16, -4.440892098500627e-16, -0.0, 2.2204460492503128e-16, -2.220446049250313e-16, -0.0, -0.0, -0.0, -0.0, -0.0, -2.220446049250313e-16, -0.0, -0.0, -0.0, -0.0, -0.0, 1.1102230246251565e-16, -4.440892098500627e-16, -0.0, -4.440892098500627e-16, -2.220446049250313e-16, -0.0, -0.0, -2.220446049250313e-16, 1.1102230246251565e-16, -2.220446049250313e-16, -2.220446049250313e-16, -0.0, -0.0, -2.220446049250313e-16, -4.440892098500627e-16, -2.220446049250313e-16, -2.220446049250313e-16, -4.440892098500627e-16, -0.0, -2.220446049250313e-16, 1.1102230246251565e-16, -2.220446049250313e-16, -2.220446049250313e-16, -4.440892098500627e-16, -0.0, -0.0, 2.2204460492503128e-16, -0.0, -0.0, -0.0, -0.0, -2.220446049250313e-16, -2.220446049250313e-16, -0.0, -2.220446049250313e-16, 1.1102230246251565e-16, -4.440892098500627e-16, -2.220446049250313e-16, -2.220446049250313e-16, -0.0, 1.1102230246251565e-16]",-9.55E-17,1.71E-16,1.27E-16,0.986919138,1,TRUE,100
sfq_20420--125/125_1922602.txt#0_1,1,2,-2.22E-16,"[-0.0, -6.661338147750941e-16, -6.661338147750941e-16, 1.1102230246251565e-16, -2.220446049250313e-16, -4.440892098500627e-16, -4.440892098500627e-16, -4.440892098500627e-16, 1.1102230246251565e-16, -2.220446049250313e-16, -2.220446049250313e-16, -2.220446049250313e-16, 1.1102230246251565e-16, 2.2204460492503128e-16, -4.440892098500627e-16, 2.2204460492503128e-16, -0.0, -2.220446049250313e-16, -4.440892098500627e-16, -6.661338147750941e-16, -6.661338147750941e-16, -6.661338147750941e-16, -2.220446049250313e-16, 2.2204460492503128e-16, -0.0, -4.440892098500627e-16, -4.440892098500627e-16, -2.220446049250313e-16, 3.330669073875469e-16, -0.0, -2.220446049250313e-16, -2.220446049250313e-16, -4.440892098500627e-16, 2.2204460492503128e-16, -4.440892098500627e-16, 1.1102230246251565e-16, -4.440892098500627e-16, -2.220446049250313e-16, 2.2204460492503128e-16, -4.440892098500627e-16, -2.220446049250313e-16, -4.440892098500627e-16, -4.440892098500627e-16, -2.220446049250313e-16, 3.330669073875469e-16, 2.2204460492503128e-16, -6.661338147750941e-16, 1.1102230246251565e-16, -0.0, 1.1102230246251565e-16, -4.440892098500627e-16, -0.0, -2.220446049250313e-16, -0.0, -4.440892098500627e-16, -2.220446049250313e-16, 2.2204460492503128e-16, -0.0, -2.220446049250313e-16, -2.220446049250313e-16, -4.440892098500627e-16, -4.440892098500627e-16, -0.0, 1.1102230246251565e-16, 1.1102230246251565e-16, -0.0, -4.440892098500627e-16, 3.330669073875469e-16, -0.0, -0.0, -2.220446049250313e-16, -2.220446049250313e-16, -0.0, -2.220446049250313e-16, -2.220446049250313e-16, 1.1102230246251565e-16, -4.440892098500627e-16, -4.440892098500627e-16, -0.0, -2.220446049250313e-16, -0.0, -2.220446049250313e-16, -2.220446049250313e-16, -2.220446049250313e-16, -2.220446049250313e-16, -2.220446049250313e-16, -6.661338147750941e-16, -2.220446049250313e-16, -0.0, 2.2204460492503128e-16, -2.220446049250313e-16, 4.4408920985006257e-16, -0.0, -0.0, -2.220446049250313e-16, -2.220446049250313e-16, -2.220446049250313e-16, -4.440892098500627e-16, -2.220446049250313e-16, -2.220446049250313e-16]",-1.71E-16,2.64E-16,5.11E-17,1.015546257,1,TRUE,100
sfq_20420--125/125_1922602.txt#0_1,2,0.5,-2.22E-16,"[-4.440892098500627e-16, 2.2204460492503128e-16, -4.440892098500627e-16, -6.661338147750941e-16, -2.220446049250313e-16, -2.220446049250313e-16, -2.220446049250313e-16, -4.440892098500627e-16, -0.0, 2.2204460492503128e-16, -4.440892098500627e-16, -2.220446049250313e-16, -2.220446049250313e-16, -0.0, -2.220446049250313e-16, -0.0, 3.330669073875469e-16, -4.440892098500627e-16, -2.220446049250313e-16, 2.2204460492503128e-16, -0.0, -6.661338147750941e-16, -4.440892098500627e-16, -4.440892098500627e-16, -0.0, -0.0, -4.440892098500627e-16, -0.0, -2.220446049250313e-16, 1.1102230246251565e-16, -4.440892098500627e-16, 1.1102230246251565e-16, -4.440892098500627e-16, -4.440892098500627e-16, 4.4408920985006257e-16, 4.4408920985006257e-16, -6.661338147750941e-16, 1.1102230246251565e-16, -4.440892098500627e-16, -2.220446049250313e-16, -2.220446049250313e-16, -2.220446049250313e-16, 2.2204460492503128e-16, -0.0, -0.0, -0.0, 1.1102230246251565e-16, -0.0, -4.440892098500627e-16, 1.1102230246251565e-16, -0.0, -4.440892098500627e-16, -0.0, -0.0, -2.220446049250313e-16, 1.1102230246251565e-16, 1.1102230246251565e-16, -0.0, -2.220446049250313e-16, -0.0, -4.440892098500627e-16, -0.0, -4.440892098500627e-16, 2.2204460492503128e-16, 1.1102230246251565e-16, -2.220446049250313e-16, -6.661338147750941e-16, -2.220446049250313e-16, -6.661338147750941e-16, -0.0, -2.220446049250313e-16, -2.220446049250313e-16, 2.2204460492503128e-16, -4.440892098500627e-16, -2.220446049250313e-16, -2.220446049250313e-16, -4.440892098500627e-16, 2.2204460492503128e-16, -4.440892098500627e-16, -6.661338147750941e-16, -0.0, 1.1102230246251565e-16, -0.0, 1.1102230246251565e-16, -0.0, -6.661338147750941e-16, -4.440892098500627e-16, -2.220446049250313e-16, -2.220446049250313e-16, -4.440892098500627e-16, -0.0, -0.0, -4.440892098500627e-16, -6.661338147750941e-16, -0.0, 1.1102230246251565e-16, -2.220446049250313e-16, -2.220446049250313e-16, 3.330669073875469e-16, -4.440892098500627e-16]",-1.63E-16,2.77E-16,5.88E-17,1.984398332,1,TRUE,100
sfq_20420--125/125_1922602.txt#0_1,2,1,-2.22E-16,"[-2.220446049250313e-16, -2.220446049250313e-16, -0.0, -4.440892098500627e-16, -2.220446049250313e-16, 1.1102230246251565e-16, 1.1102230246251565e-16, -0.0, 2.2204460492503128e-16, -0.0, -0.0, -2.220446049250313e-16, 1.1102230246251565e-16, -6.661338147750941e-16, -2.220446049250313e-16, -0.0, -6.661338147750941e-16, -0.0, 2.2204460492503128e-16, -0.0, -2.220446049250313e-16, -6.661338147750941e-16, -0.0, -4.440892098500627e-16, 2.2204460492503128e-16, -0.0, -4.440892098500627e-16, -0.0, -2.220446049250313e-16, -2.220446049250313e-16, -4.440892098500627e-16, -4.440892098500627e-16, -2.220446049250313e-16, 3.330669073875469e-16, -4.440892098500627e-16, -2.220446049250313e-16, -2.220446049250313e-16, -2.220446049250313e-16, -2.220446049250313e-16, -4.440892098500627e-16, -4.440892098500627e-16, -0.0, -2.220446049250313e-16, -0.0, -2.220446049250313e-16, 2.2204460492503128e-16, -2.220446049250313e-16, 2.2204460492503128e-16, 1.1102230246251565e-16, 1.1102230246251565e-16, 2.2204460492503128e-16, 2.2204460492503128e-16, 2.2204460492503128e-16, -6.661338147750941e-16, -4.440892098500627e-16, -2.220446049250313e-16, 2.2204460492503128e-16, -4.440892098500627e-16, 1.1102230246251565e-16, 1.1102230246251565e-16, -4.440892098500627e-16, -2.220446049250313e-16, -2.220446049250313e-16, -2.220446049250313e-16, 1.1102230246251565e-16, -2.220446049250313e-16, -6.661338147750941e-16, -0.0, -0.0, 1.1102230246251565e-16, -6.661338147750941e-16, -2.220446049250313e-16, -6.661338147750941e-16, 2.2204460492503128e-16, 1.1102230246251565e-16, -0.0, 1.1102230246251565e-16, 1.1102230246251565e-16, -4.440892098500627e-16, 1.1102230246251565e-16, -0.0, -6.661338147750941e-16, -0.0, 2.2204460492503128e-16, -2.220446049250313e-16, -4.440892098500627e-16, -2.220446049250313e-16, 1.1102230246251565e-16, -0.0, -4.440892098500627e-16, -4.440892098500627e-16, -4.440892098500627e-16, -4.440892098500627e-16, -2.220446049250313e-16, -4.440892098500627e-16, 2.2204460492503128e-16, 5.551115123125782e-16, -0.0, -2.220446049250313e-16, 2.2204460492503128e-16]",-1.38E-16,2.78E-16,8.44E-17,2.049205313,1,TRUE,100
sfq_20420--125/125_1922602.txt#0_1,2,2,-2.22E-16,"[-4.440892098500627e-16, -4.440892098500627e-16, -0.0, -2.220446049250313e-16, 1.1102230246251565e-16, -4.440892098500627e-16, -4.440892098500627e-16, 3.330669073875469e-16, -0.0, -4.440892098500627e-16, -4.440892098500627e-16, -0.0, -0.0, -4.440892098500627e-16, -6.661338147750941e-16, -4.440892098500627e-16, -2.220446049250313e-16, -0.0, 1.1102230246251565e-16, -0.0, -2.220446049250313e-16, 3.330669073875469e-16, -0.0, -6.661338147750941e-16, -6.661338147750941e-16, -2.220446049250313e-16, -2.220446049250313e-16, -2.220446049250313e-16, 1.1102230246251565e-16, 1.1102230246251565e-16, 2.2204460492503128e-16, -4.440892098500627e-16, -2.220446049250313e-16, -2.220446049250313e-16, -0.0, -2.220446049250313e-16, -4.440892098500627e-16, -4.440892098500627e-16, 2.2204460492503128e-16, 2.2204460492503128e-16, -2.220446049250313e-16, -2.220446049250313e-16, 4.4408920985006257e-16, -0.0, -4.440892098500627e-16, -6.661338147750941e-16, -4.440892098500627e-16, -0.0, -4.440892098500627e-16, -4.440892098500627e-16, -4.440892098500627e-16, -2.220446049250313e-16, -2.220446049250313e-16, 1.1102230246251565e-16, 3.330669073875469e-16, 1.1102230246251565e-16, 2.2204460492503128e-16, -4.440892098500627e-16, -2.220446049250313e-16, -8.881784197001256e-16, -6.661338147750941e-16, -2.220446049250313e-16, -2.220446049250313e-16, -0.0, -2.220446049250313e-16, 2.2204460492503128e-16, -2.220446049250313e-16, -4.440892098500627e-16, 1.1102230246251565e-16, -0.0, -4.440892098500627e-16, -2.220446049250313e-16, -2.220446049250313e-16, -6.661338147750941e-16, 2.2204460492503128e-16, 1.1102230246251565e-16, -0.0, -2.220446049250313e-16, -4.440892098500627e-16, 2.2204460492503128e-16, -4.440892098500627e-16, -0.0, -0.0, -4.440892098500627e-16, -2.220446049250313e-16, 2.2204460492503128e-16, -0.0, 1.1102230246251565e-16, 2.2204460492503128e-16, -2.220446049250313e-16, -0.0, -0.0, -6.661338147750941e-16, -2.220446049250313e-16, -0.0, -0.0, -6.661338147750941e-16, -2.220446049250313e-16, -4.440892098500627e-16, 2.2204460492503128e-16]",-1.73E-16,2.87E-16,4.88E-17,1.96809649,1,TRUE,100
bt_4479--28/28_2447641.txt#0,0,0.5,1.626235634,"[1.617554047411614, 1.5844672412574838, 1.5042005912646772, 1.6223701573869895, 1.6042018207286133, 1.5471412916974936, 1.5615115930962364, 1.6274175170160619, 1.6598174461051067, 1.5810687583025493, 1.6243365896835684, 1.7040301432789426, 1.6051415025604863, 1.660171786607316, 1.6345289191914159, 1.5823604152316493, 1.5791985339936943, 1.625257704073812, 1.5876709611847506, 1.5537729140436278, 1.6568315615512683, 1.6289055814653126, 1.6491674901654243, 1.615527114801914, 1.6565021059649008, 1.6014110085571063, 1.643521924650194, 1.619761262602402, 1.6572701797625484, 1.5536108267714288, 1.5047610978260761, 1.6449034820934145, 1.6094100795418496, 1.622615003633765, 1.5603649274997888, 1.608485994609406, 1.634176045659277, 1.571331503123566, 1.6396625417933761, 1.6186726804531593, 1.6958462551609523, 1.6302245742929373, 1.587436030443186, 1.5590882916589472, 1.6069182733768925, 1.6372908179988204, 1.7071737531848328, 1.643506582161168, 1.612359259870784, 1.665815425577372, 1.6168624069156348, 1.6589779789769683, 1.6045398440916399, 1.6216578999122016, 1.6241726753588466, 1.6612455857911756, 1.5878384193146053, 1.676340154786437, 1.5864071995503852, 1.6826683762456418, 1.6252278761642973, 1.6633518469355222, 1.643225004200748, 1.6240487910584964, 1.5382056406351243, 1.606202285381654, 1.5862140676000258, 1.6368948517044801, 1.6100998006716472, 1.6543415805113737, 1.6535203398657219, 1.6258659865665364, 1.6223221328017297, 1.5270000391177017, 1.6162201891097934, 1.6634131399262841, 1.6548012000857377, 1.5441252279477102, 1.5884294659253875, 1.6330248558424918, 1.5999098431154937, 1.6148641814538993, 1.6183909449878267, 1.70257899268931, 1.668807141610762, 1.6180186743312435, 1.6751867046515767, 1.6383239797143516, 1.6641049699180186, 1.6041814000288388, 1.6274011629907112, 1.6146011288520052, 1.5791709213389564, 1.6438628504323938, 1.6434129366367758, 1.6389280201758454, 1.587950055280789, 1.6920007495713627, 1.6174304184689139, 1.537785415447945]",1.61932927,0.041582829,-0.006906365,-0.01058683,0,FALSE,100
bt_4479--28/28_2447641.txt#0,0,1,1.626235634,"[1.6198319215222257, 1.6432859706150744, 1.631431477365691, 1.7095419958052556, 1.6110667837356631, 1.593741090579564, 1.5124573108132653, 1.7161719529709978, 1.5592131277759478, 1.7057082011040439, 1.5074301281070404, 1.4555398571997122, 1.678342803849004, 1.5240265104057922, 1.5457135407749152, 1.599708307971533, 1.6796599172790991, 1.6268555542099628, 1.509795686521783, 1.677886012097183, 1.5322636048330234, 1.5209031234269101, 1.43637278193275, 1.5436898480427677, 1.611874637755335, 1.5081502286821087, 1.5350159334050852, 1.6452939865000102, 1.6613016245180676, 1.5577523897138525, 1.5391582748044037, 1.6172832152026149, 1.5451294842794363, 1.624967675480089, 1.548329426729147, 1.6646137514589645, 1.6124727952469073, 1.5514891444498775, 1.4430811138145443, 1.5419078744141141, 1.622100280220827, 1.5263898006668557, 1.5239053674996224, 1.659815730358501, 1.6119051281018808, 1.5940427080558082, 1.4510460076562364, 1.6627414419795064, 1.6431028749529064, 1.6593933926347466, 1.5882496628547549, 1.4709119785183489, 1.490542917083982, 1.506245375150979, 1.4309494652938988, 1.5728092747907856, 1.3671981742560448, 1.5270178089421174, 1.6219335958778003, 1.5237908211691975, 1.551909336397803, 1.6171042976060825, 1.4508004628046753, 1.5689724779591128, 1.3388043617040355, 1.5889229552235058, 1.5284443241523729, 1.7117605142802508, 1.5237826270148729, 1.5384786342313759, 1.5201270580512651, 1.6101902160604793, 1.5468700885472257, 1.6578608354905882, 1.622668066982555, 1.658437615731009, 1.5408266585512296, 1.6417108378158582, 1.599245712304638, 1.6936378712007578, 1.6345401784357179, 1.477696815610242, 1.5482684563307456, 1.6666460038521629, 1.6933616512878442, 1.5237768329260586, 1.7343619946662792, 1.6780330314586853, 1.6245587336845049, 1.556387931302241, 1.335270050139826, 1.4714575238919458, 1.5262055896485904, 1.6083538222517102, 1.5708580629713942, 1.4599490856400255, 1.4026993445111184, 1.4252023829152973, 1.7323594469009804, 1.6091105899099942]",1.571922034,0.085910251,-0.054313601,-0.003569975,0,FALSE,100
bt_4479--28/28_2447641.txt#0,0,2,1.626235634,"[1.2721818557886495, 1.3399903840289833, 1.3372172749838769, 1.2460136242192261, 1.6646203491901217, 1.599693581274894, 1.1240187668808983, 1.516031898178299, 0.9225394213081124, 1.5746392517783105, 1.2529163879017893, 1.1848661859142933, 1.465326453122554, 1.3413498079937334, 1.389461950119005, 1.4590760486020724, 1.6834208588476884, 1.4047173967855247, 1.0950056703294206, 1.200717460633504, 1.4123125180312113, 1.182228366100964, 1.229929402438727, 1.3687623174088879, 1.6129765536230438, 1.5842001200474534, 0.31794299958771033, 1.5481932437731383, 1.49653331659886, 1.1528037109212077, 1.613870936605865, 1.5967798618678364, 1.4466145514372175, 1.4878743234971363, 0.5958722086672453, 1.6671672775642346, 1.445451627460551, 1.1082513354293788, 1.3561071353910537, 1.2333756885850065, 1.2469285633453655, 0.7714392064113414, 1.5008747489312324, 1.3975892069813203, 1.6598967597977066, 1.3843115706356586, 1.3455067044594329, 1.359546183376118, 1.6640255898476322, 1.3930781487730124, 1.3629115869823272, 1.365051077967512, 1.3083122240579923, 1.4884999176586375, 1.3727150818282052, 1.7812982411275178, 1.2619176950927462, 1.2228918443235588, 1.6515491386891963, 1.5457867240067804, 1.5176709286251286, 1.091826026610852, 1.4933277209480365, 1.7450410595887416, 1.5411969579804417, 1.3924813151948245, 1.4600980457446209, 1.5720291734704541, 1.039759869505349, 1.6132231791932734, 1.4988983735040842, 1.4317851936527624, 1.388465982802218, 0.9467317750707356, 1.589303852109934, 1.4403750048153432, 1.6053628634561246, 1.5699093987587247, 1.1605504234211814, 1.7288164558233508, 1.3939916203329454, 1.489276054755877, 1.467843540307323, 1.030367361723348, 1.6165354126106162, 1.5137592293518067, 1.647178790696719, 1.6068064888978175, 1.2555805345833628, 1.444369759911281, 1.3565698182571833, 1.5830305305332286, 1.641688502289741, 1.3949347909776775, 1.3608843284083507, 1.2276120534617374, 1.3651573221995812, 1.4103746473787935, 1.4804126781356324, 1.5001607864086903]",1.392285702,0.233366186,-0.233949932,0.008917465,0,FALSE,100
bt_4479--28/28_2447641.txt#0,0.5,0.5,1.626235634,"[1.597662883021305, 1.6443306873106416, 1.5652903407797023, 1.623331937486782, 1.6755815514254548, 1.6610217531231555, 1.6125845224880793, 1.6065438593401835, 1.5825837594896286, 1.5627709374384413, 1.6258280248077948, 1.6162247421659672, 1.5224424499462865, 1.5117258190842016, 1.6022838764324845, 1.6211631414429104, 1.6128070094560893, 1.6842511362885584, 1.6536117307906846, 1.6136739973785859, 1.6262259679322242, 1.6072055408605814, 1.5923261118611638, 1.6333692486205762, 1.5828054836070733, 1.5890864200246833, 1.6082346169947204, 1.5522092798643905, 1.5995892144741943, 1.6047753552708224, 1.6471740494819758, 1.6020853291028951, 1.5641669257584807, 1.5732335913020958, 1.5846876152826084, 1.6094190001517938, 1.6526480759174245, 1.6507283152964654, 1.6304433262700933, 1.6599118183761594, 1.5787753323034146, 1.5579545876975096, 1.596214831978723, 1.5831196287810105, 1.68921284672092, 1.6162067473368695, 1.542232186759592, 1.5638020676976472, 1.6424907986105235, 1.6622459576895983, 1.586971867210021, 1.5458877700419908, 1.6322179017544292, 1.623879175029051, 1.6539302664006519, 1.5717066952412884, 1.585120867074553, 1.6460137091612064, 1.58815416997506, 1.6158254454731118, 1.502608821130379, 1.5438261291868196, 1.6318913914134079, 1.6069815763891497, 1.563476923058656, 1.573318655930443, 1.6450381529488924, 1.5518552564785197, 1.5808644767671798, 1.6055725928554305, 1.6355677751384579, 1.5588682232464488, 1.5915649417992677, 1.5578119676456876, 1.665011216309032, 1.6506907485793878, 1.5324630642704058, 1.573283740326382, 1.4904014597352884, 1.5742826585698262, 1.627181718909025, 1.5945311902459611, 1.5178117719640207, 1.6533934164118766, 1.591132919748203, 1.6325874356547785, 1.6744456403706383, 1.5621413140610707, 1.558168695479589, 1.5984649736229035, 1.6356539440201847, 1.568635771454303, 1.5925919927013108, 1.5843349561346394, 1.591263267020534, 1.5983224674677698, 1.5541838213113457, 1.6381030504185476, 1.6240573713223692, 1.6571718474361523]",1.601375596,0.04147559,-0.024860038,0.490919776,0,FALSE,100
bt_4479--28/28_2447641.txt#0,0.5,1,1.626235634,"[1.6358180605879111, 1.634370821657554, 1.7118097711967142, 1.4291226173597233, 1.5622450166371542, 1.5888704601134356, 1.7383688483776025, 1.548629929472381, 1.4712958897276005, 1.5410008238052637, 1.6380018754867798, 1.4824021296689462, 1.5461231906018955, 1.6591460002825325, 1.6232798468116731, 1.4219798844956042, 1.7200043063462465, 1.5569499307205792, 1.6513253365978644, 1.4311140351546572, 1.4313808711005087, 1.584190613088807, 1.5941429609216509, 1.5583877702828304, 1.6400850265456342, 1.5889705647475074, 1.449394899367685, 1.4939064925469279, 1.4358912416041616, 1.543790270731066, 1.6429049256238182, 1.7332551529003393, 1.5448319571950537, 1.5652008886469027, 1.4824292928553848, 1.630632310725095, 1.5555041242537275, 1.4307209394045413, 1.6635348156342833, 1.4370766725532986, 1.4560422287100763, 1.6486910859802262, 1.4545399090660884, 1.4947218065805181, 1.4769809957127968, 1.6182212305225403, 1.6514475413960628, 1.6476086952467803, 1.5822409140529876, 1.6251436731117999, 1.6115565926589985, 1.5685054091154849, 1.5733915099028244, 1.6113228264177748, 1.476141571427638, 1.7189337871013621, 1.507218193523233, 1.6109969564433622, 1.4054724454948824, 1.648787557594627, 1.4511879649277872, 1.748298325804583, 1.5038015530991906, 1.4943155003969666, 1.608935040740039, 1.5985341082593205, 1.4424754434277454, 1.5778110776804781, 1.4798345926559802, 1.6747228403686703, 1.6228854303299451, 1.7196815526691847, 1.6353088751862583, 1.4741475438937217, 1.60355758696852, 1.6679168941515283, 1.6007547633683479, 1.6089417791403804, 1.659714285167983, 1.5731373407180997, 1.599327441751889, 1.6897826571296932, 1.6722112637870863, 1.5401338615951365, 1.3610385882214948, 1.8127884557842173, 1.4727341077321714, 1.4484016622590814, 1.4865120139724322, 1.7389900092336326, 1.5724295682041085, 1.4905804428981995, 1.675982428408035, 1.7891828649019526, 1.393287789530373, 1.532492889141361, 1.5556244155274972, 1.662468648658966, 1.5895968944403378, 1.5233916394599585]",1.573389756,0.096233981,-0.052845878,0.47837943,0,FALSE,100
bt_4479--28/28_2447641.txt#0,0.5,2,1.626235634,"[1.6842296927387659, 1.5043068435513114, 1.3624120206196213, 1.6807410040794712, 1.0761112975099998, 1.5249196268428007, 1.2990154146978437, 1.1878004172606813, 1.5043338022087693, 1.6280156879892747, 1.216956157098304, 1.3465233912670866, 1.6262328491962141, 1.4622399193107647, 1.4392770893450662, 1.0641741311288795, 1.258707094652215, 1.443042264170582, 1.3642480840732054, 1.4376881288890915, 1.6576957348140682, 1.5421712637290916, 1.2131909926338782, 1.3965025290148052, 1.3895253363028146, 1.5215798397157725, 1.4150626603091574, 1.731329149995009, 1.2728870848899374, 1.2929908694027683, 1.4210975349100805, 1.4330058527496208, 1.3732368745381431, 1.4745836781471233, 1.3896430899848775, 1.5139762022456082, 1.3720374119293037, 1.4330734416547972, 1.5514609822552217, 1.4445964507633064, 1.5113408297833362, 1.2898450422674288, 1.579318187056629, 1.5557633559855797, 1.2991084850692927, 1.7031265763976255, 1.186679391105588, 1.4041855693479233, 1.3505396042268436, 1.6606003023052947, 1.3392623253367726, 1.3652230095138305, 1.4667941438143703, 1.287148098933759, 1.5103495196490437, 1.139004353132544, 1.5704464785057919, 1.2824812466647773, 0.9940744840044502, 1.3531341016227045, 1.4378256704401324, 1.6074140008436573, 1.163844817404393, 1.4171228180373823, 1.3833326289236312, 1.587995546108537, 1.2459396783737797, 1.5222755534597654, 1.4502202101516133, 1.3014314068916444, 1.5339711141889043, 1.4027713027377924, 1.4440535063066215, 1.5065257165599433, 1.4842269985978567, 1.2902188272958506, 1.5588447381836448, 1.1058347464264013, 1.4946222222214027, 1.5114301104204249, 1.3555088174371663, 1.1276788104057311, 1.3673761374328697, 0.8449213325723726, 0.9368222864477314, 1.4030177062728026, 1.2682637221286344, 1.4584835345463523, 1.4087491328854003, 1.509479828000506, 1.2206580217111394, 1.4759538026895764, 1.5155677154310545, 1.681198789162531, 1.6741845311777028, 1.3689088883938734, 1.0788422643003706, 1.606464375753624, 1.4427730747003202, 1.4134708876229591]",1.404072723,0.17115902,-0.222162911,0.50373225,0,FALSE,100
bt_4479--28/28_2447641.txt#0,1,0.5,1.626235634,"[1.6848968163777975, 1.6141582840350102, 1.5111359708346586, 1.5918718782074717, 1.678210225586536, 1.6023495650107993, 1.5434957758684855, 1.578338135754101, 1.618713507226312, 1.6149754531558753, 1.6276346565330502, 1.5727693276874999, 1.5975898431903977, 1.6487804429258928, 1.5430496881451101, 1.5562196475049253, 1.5796016333927447, 1.5802846482013244, 1.6221907584415027, 1.6442880822673835, 1.6138982397776027, 1.6647790836643128, 1.5402741300308804, 1.5707482094681444, 1.5944949086628746, 1.6609037215287321, 1.6342977496391877, 1.5738290153749654, 1.6096832597110744, 1.6313790627873375, 1.523086074011418, 1.6398488682959242, 1.6501454364419472, 1.712866786794612, 1.5905233251127298, 1.6042572230592462, 1.6801599320329204, 1.660202859616254, 1.651611630936123, 1.6103215299051816, 1.6486046089010644, 1.6192815447114801, 1.5722605808121424, 1.5989681958355615, 1.5874414948017184, 1.6104264540255193, 1.6410479042377963, 1.5482233685323512, 1.525921803476262, 1.590024626102039, 1.6625756077984901, 1.6352312472727417, 1.5747595482756698, 1.5100161890881216, 1.562988441119825, 1.6958322057700654, 1.592519172427349, 1.6524560387306175, 1.618790093790096, 1.6476828238409476, 1.693769235850528, 1.5614902855374233, 1.6086203957090435, 1.6207274031907861, 1.615876634855025, 1.6088106551050063, 1.4280206243787226, 1.5712559102137948, 1.6060728858783453, 1.593808291210872, 1.601800748274875, 1.5861339121922873, 1.6148324302224977, 1.6351127354073864, 1.6166026541728216, 1.6225204528185662, 1.551376132817371, 1.5100706427806512, 1.5434713723860698, 1.5610200507926217, 1.6078148905373086, 1.600578237060688, 1.5373660337325457, 1.6076422081195005, 1.5982408897102884, 1.6556816107695171, 1.6449031138872416, 1.6105457788849815, 1.608453110498511, 1.6201020846416219, 1.6615727146324537, 1.5364120110630313, 1.6697715019445674, 1.487281566299607, 1.6594837200627959, 1.5627454551131452, 1.6550571071652531, 1.6107492845241789, 1.5603510715589752, 1.620008361512158]",1.603890715,0.04854827,-0.022344919,1.014592861,0,FALSE,100
bt_4479--28/28_2447641.txt#0,1,1,1.626235634,"[1.5959615012138852, 1.4765221625058536, 1.6609931202766965, 1.6020161785462457, 1.62882766169438, 1.5915630090006656, 1.5334158030841034, 1.6919975984928741, 1.458950957273182, 1.6595438131356257, 1.6166462236347698, 1.61681691591218, 1.657631297791786, 1.4970225558647883, 1.5829287827002092, 1.5298377198359159, 1.5903416749624903, 1.462217591671257, 1.442472223519645, 1.7400234038789617, 1.587217771261412, 1.4095034159861952, 1.4957067777166313, 1.4818009902197642, 1.5679089429436264, 1.5522765189326173, 1.5691239501389354, 1.4909398536951417, 1.6334740804393852, 1.390753363691617, 1.462941143417627, 1.6362652010100645, 1.506910529448822, 1.6007107517808292, 1.6036744837787527, 1.561846206871431, 1.5708834892684935, 1.6056750071359172, 1.6898992812158444, 1.5071411599232665, 1.5874812863939587, 1.479993548667633, 1.5495488606076926, 1.4973618713708323, 1.696072524273637, 1.57510113021736, 1.5859305779250783, 1.7064956850205755, 1.5295026555885618, 1.576271313771191, 1.6987670226230216, 1.5973859159069947, 1.5607265452503511, 1.6149646621450282, 1.603762424352562, 1.548706071064967, 1.6384368317710685, 1.6191304939909728, 1.5339068016332393, 1.5331325801021158, 1.6524353513550811, 1.4150790508630553, 1.4524725445263913, 1.5507637266520962, 1.5890908782629092, 1.7057288557924033, 1.468198490499741, 1.6870090755000804, 1.6360377625807978, 1.5537177116764065, 1.6351028120131317, 1.5480512371139534, 1.5803046712063378, 1.5838804014340973, 1.5643300518128906, 1.5300210889862476, 1.3757416284863972, 1.690528921237612, 1.5195665110210135, 1.5500400706303723, 1.595064478261562, 1.5351993688513268, 1.6324343668173174, 1.4221625361673456, 1.6250275522962307, 1.6344929490384275, 1.7604700976733922, 1.5938547228251396, 1.718885808099092, 1.4807906869688634, 1.4490421530074058, 1.6298399292106072, 1.5772434828977575, 1.7167730623038477, 1.4747747495826973, 1.3649583448878282, 1.5924513033984302, 1.5354807837036781, 1.7027610071771064, 1.6095808535849452]",1.57232451,0.084138266,-0.053911124,1.004504504,0,FALSE,100
bt_4479--28/28_2447641.txt#0,1,2,1.626235634,"[1.3795639373837354, 1.337987535497042, 1.6044187519146726, 1.7370414677749384, 1.6572267042004252, 1.6316919196677122, 1.45009615590236, 1.4163672026667742, 1.6194240172155838, 1.758696680553025, 1.2061140543650999, 1.272491076600112, 0.8951697209719883, 1.2364356186122731, 1.1923782807607721, 1.8410646715731382, 1.4229296951066748, 1.331353951028165, 1.4630679201071306, 1.3512107711150263, 1.2900989282227067, 1.1702525641494501, 0.9579944114376826, 0.9899947464482803, 1.5837034250599773, 1.4770036252210716, 0.9243271433832831, 1.3935832180178174, 1.4013857583330611, 1.5202198895010568, 1.447651195881336, 1.2710065397522472, 1.5312061371382686, 1.1347754289727634, 1.400964148678435, 1.5148502965906019, 1.3503674953800917, 1.6199372145813393, 0.7601632390675883, 1.6002910784350206, 1.3319416840942235, 1.615416809680074, 1.5951525839521574, 1.4733153360825295, 1.5026355826833642, 1.2499618449609198, 1.4509207964357371, 1.605265045461084, 1.511544262996358, 1.2883936920342796, 1.38408849569485, 1.174032752385025, 1.50219215963277, 1.4593256997965818, 1.6107805532973214, 1.3543238786432759, 1.64489859815752, 0.9002216506610015, 1.5380380140258862, 1.6827055040114116, 1.7271366779509139, 1.4900732505285164, 1.3975370147759187, 0.6772611461881819, 1.5565059760565643, 0.861855928166757, 1.5734502539765685, 1.4730253785339598, 1.443530019968934, 1.2189681902446519, 1.363772277140395, 1.5458324519503208, 1.4736423572509856, 1.4987526159645823, 1.4323395467552815, 1.2893119613911292, 1.6161602166723663, 1.479817702178329, 1.274232079735076, 1.4859399024976665, 1.6501190089897437, 1.6552226857980261, 1.3566006839722549, 1.6366502610268194, 1.5766688631756085, 1.4359092091974963, 1.453689607956986, 1.5875814465408562, 1.5306179141521778, 1.3688072319853481, 1.4203353765719569, 1.519400440000213, 1.5752848245295095, 1.4745569662488518, 1.5660715210084168, 1.2214946077345727, 0.8645144577749617, 1.245489966507018, 1.4796334468289807, 1.6999178985233745]",1.412173729,0.223962979,-0.214061905,0.98314297,0,FALSE,100
bt_4479--28/28_2447641.txt#0,2,0.5,1.626235634,"[1.6256311805430728, 1.6446448362828388, 1.5674543061219968, 1.677436692007627, 1.593255313803658, 1.566855868452976, 1.6680951842178016, 1.5678547858605438, 1.550352227646107, 1.6434492609685722, 1.6887087169271393, 1.5895188409723957, 1.5578253032504585, 1.6654916126951689, 1.5494511696772575, 1.6112484346901674, 1.6475200949207174, 1.5810479145020286, 1.654392512343366, 1.625136262522878, 1.664672175863773, 1.626019371956341, 1.5779309244043471, 1.5316171333812882, 1.6145539638347022, 1.6051522016594155, 1.615494115229485, 1.6378323068240994, 1.6152798027945248, 1.5572631470159406, 1.609828902790501, 1.6049917404272767, 1.664342794732692, 1.582469386225279, 1.610566061158624, 1.621777725107603, 1.5981338289293707, 1.6485033045668407, 1.548448082441531, 1.612228664419729, 1.6476511133254155, 1.5991218039298924, 1.652618853185546, 1.6334591739297601, 1.6659030226657656, 1.5924662439964967, 1.6194351543715038, 1.6160304402883643, 1.5965170335640027, 1.5741131539653892, 1.590958961216834, 1.5710972657752038, 1.596421026318054, 1.5978914144938825, 1.6296980845513827, 1.6394131982609739, 1.6022736952936536, 1.6244893389718054, 1.6008138135420877, 1.4927128603374118, 1.6325971733220541, 1.6347020615372556, 1.5892818805496598, 1.5779493365848336, 1.518492880675014, 1.7002033250625745, 1.490622676806249, 1.67013553262083, 1.5477490460047072, 1.6021025523062955, 1.6875822600403676, 1.5896156196840985, 1.5900111939899197, 1.5747410065793472, 1.5996643667868349, 1.5564944656087076, 1.5496354545913753, 1.6576327250885636, 1.5904982638204483, 1.607908799129139, 1.5594298546976888, 1.6344160357197253, 1.572577383084534, 1.6382711364696338, 1.6010469913273406, 1.5741087413771329, 1.5660495906282494, 1.5730209891410523, 1.643491961071842, 1.583192511603261, 1.5973862365973754, 1.629742794380411, 1.577925049112948, 1.6392612797907857, 1.6427189173710826, 1.6226107780529382, 1.641466967852395, 1.6228140695092015, 1.6023356555510602, 1.693484012828095]",1.607485334,0.041410404,-0.0187503,1.998911004,0,FALSE,100
bt_4479--28/28_2447641.txt#0,2,1,1.626235634,"[1.7259034513449416, 1.4910932721892138, 1.5179318755924243, 1.3901148323066703, 1.5956000032051125, 1.5242152585351192, 1.5239527073208767, 1.5206910457819918, 1.5285786453786432, 1.461587520712984, 1.5138253830387867, 1.3351172066471046, 1.6143883476649745, 1.4034678774363833, 1.622689691427559, 1.4417266903849018, 1.6050956137670498, 1.6444450235842205, 1.5838585220647996, 1.3630152158845763, 1.4952006322469837, 1.6072411590872557, 1.7317909235309792, 1.5660041386401264, 1.6060728544622973, 1.6967568111166995, 1.4872232269343904, 1.5990774499362832, 1.5391392659399141, 1.430758748800692, 1.61721904233222, 1.6462676829901786, 1.4770830833687585, 1.6112677057197016, 1.6181440381442898, 1.5451406445646767, 1.6777756434207558, 1.5979613706027662, 1.4734871448190319, 1.681839841080947, 1.4590790638443745, 1.5015108225273366, 1.7019097075149348, 1.6073161591052032, 1.5685472275618637, 1.6452316586727989, 1.587433938497989, 1.445438903754066, 1.5256642520350432, 1.6667239077042477, 1.5065675372750003, 1.5377422287138658, 1.6632245221549393, 1.630111589366225, 1.5397300966861551, 1.57275718157421, 1.4594834145200126, 1.5606004698277014, 1.6235934986972207, 1.5564887102958869, 1.421017479639545, 1.48486140922614, 1.7381129932306254, 1.5292742235455659, 1.568671513101642, 1.521561558828178, 1.5676660050265419, 1.7420524620797673, 1.5360496365518432, 1.5080085326874817, 1.6052857443459017, 1.6776300314812305, 1.6360563494629998, 1.6077050025505368, 1.5689434527611108, 1.53189527391124, 1.4888403713244216, 1.6504959809798014, 1.5597110445457936, 1.5085941583657319, 1.5994950269082002, 1.6717816234052605, 1.5368021051195169, 1.627834585256639, 1.5851647941303868, 1.5719256119547098, 1.395666686206974, 1.5463518391432902, 1.542352866621138, 1.664881460706365, 1.4663965815492788, 1.5506724576083946, 1.5541687390733172, 1.5646699416446113, 1.7048445800801357, 1.5598489165071396, 1.4503542629261736, 1.5892496591800573, 1.5386569327930166, 1.6360926725342175]",1.56281549,0.084516398,-0.063420144,2.010401326,0,FALSE,100
bt_4479--28/28_2447641.txt#0,2,2,1.626235634,"[1.3539279493930167, 1.3954037717811407, 1.4838322047711443, 1.6606988562183524, 1.5845272005995015, 0.8247373425719599, 1.1216651557637163, 1.3842556054408577, 1.447045199966386, 1.539459199199441, 1.5235800649162439, 1.5938458649127174, 1.4150035095189375, 1.5138999332956147, 1.5203622474193808, 0.9172841328321159, 1.2968214226535437, 1.2029576607320265, 1.572193818760808, 1.3352347169445806, 1.5948051242321755, 1.5455623723077396, 1.2454575906403318, 1.458295795968759, 1.1006451919367188, 1.538807675948408, 1.4188742545484936, 1.450403854150907, 1.385305530192655, 0.8099980513806055, 1.5531825461517363, 1.4704474834435513, 1.5686435919864625, 1.5557226467713539, 1.2680583366936151, 1.1244148800411335, 1.2245072121049578, 1.2339121654595346, 1.3034545489674292, 1.5986468547460726, 1.4194091212815814, 1.5199053192186818, 1.3888702278720433, 1.177451295300372, 1.3880580935301847, 1.5384237215459058, 1.3267398125714247, 1.134180982945544, 1.643360682464614, 1.1252684157696267, 1.4256664267507049, 1.1981513843230207, 1.5102091177219026, 1.4635413579264511, 1.2459642562073854, 1.41329389001346, 1.2925054030486829, 1.5124692585590027, 1.3968939169133652, 1.5835828943553947, 1.7281330417958345, 1.461136417562919, 1.267690120958717, 1.3064506304011034, 1.2048699822701308, 1.0947914615846905, 1.3976486412998705, 1.5836436655798112, 1.4853553209242347, 1.514393561327815, 1.764344063926124, 1.6918993442923973, 1.6448718165286214, 1.4258756061728814, 1.546848074349531, 1.3918583730006149, 1.4100511188788873, 1.3996437229640994, 0.9237357494365498, 1.3398635815582285, 1.3537532885294987, 1.4000900832708274, 1.1056502677017506, 1.372764233001234, 1.6140749220631618, 1.5576621351165572, 1.3005986010565915, 1.4153710379656876, 1.289865740313179, 0.9704768822464667, 1.5207134961546198, 1.5972415312922594, 1.672056209818191, 1.3605704580136493, 1.6526425162351348, 1.3806307193381913, 1.0983942326372471, 1.2338456927522394, 1.5853618776437004, 1.4750723400246673]",1.393797677,0.194139775,-0.232437957,2.008167516,0,FALSE,100
qb_3147--114/114_354667.txt#0_2,0,0.5,1.446306532,"[1.486907629500744, 1.3616340014070043, 1.445305290528026, 1.4664286675260043, 1.472569282869861, 1.3774140982420209, 1.4835646476999653, 1.4284289106120136, 1.4339310337458633, 1.451456132763417, 1.4117083252048408, 1.456279247378437, 1.5232597754698625, 1.4203479132479733, 1.4551167506534275, 1.3513491590424598, 1.3671581655092797, 1.366777416042396, 1.4748193953794009, 1.4714389017727671, 1.4785738021515553, 1.3820463331294648, 1.4833976731149998, 1.42822286277342, 1.3734639741626444, 1.4723593004061173, 1.2843555502195834, 1.473061115420725, 1.2577252063686144, 1.341491044760497, 1.4593623494319652, 1.3327912241593947, 1.5291027028534125, 1.40232552706097, 1.4618931080653195, 1.4706767999013823, 1.4836015937356617, 1.3928477232515406, 1.460504683371788, 1.3919689177141334, 1.2939420667650523, 1.4407961115699628, 1.4463274097610226, 1.4791761902550338, 1.3774192410198252, 1.4501557538444487, 1.442922205212391, 1.4325128391870487, 1.581861605326734, 1.3846235431650324, 1.479346991105568, 1.472019043388873, 1.4512062367555167, 1.5080256591564647, 1.3622307593373366, 1.413400227755889, 1.460697100951215, 1.4607321023852755, 1.4653494523099433, 1.4011740793419638, 1.47600113095884, 1.3980136441092814, 1.553898732486194, 1.5704828215456939, 1.5102461823817719, 1.4888726154375518, 1.4015961421440102, 1.4102483981016385, 1.190397938303422, 1.4597507940692402, 1.4919805099157617, 1.4792754024476897, 1.5229282415849723, 1.4646207687774633, 1.2894532951226578, 1.3390779892511722, 1.3673594003038163, 1.4432734147044848, 1.5039547147449204, 1.395975934310069, 1.3917169287682387, 1.3424534625512974, 1.4848750367448782, 1.499807199986378, 1.4298955483031746, 1.5730625522996067, 1.482272548835291, 1.438815484241474, 1.474301899198988, 1.407447339472391, 1.4792233155924102, 1.3285895865832642, 1.3062454914672312, 1.5249515334342991, 1.4198796608944444, 1.437655118905918, 1.4314448288969466, 1.4310603654826957, 1.4549453754920683, 1.57564795222355]",1.435412842,0.069259187,-0.01089369,-0.00624077,0,FALSE,100
qb_3147--114/114_354667.txt#0_2,0,1,1.446306532,"[1.4799758065328907, 1.475515530424467, 1.6668844432055998, 1.3592309043853446, 1.3954503621746344, 1.1585096875253664, 1.4731002675407117, 1.6240351194492537, 1.4973449843734168, 1.5536428285922812, 1.2886176683764525, 1.5098650288290347, 1.4848808096451591, 1.2991631688990217, 1.352401762860624, 1.4457847753995792, 1.2357763116772806, 1.5243708688289068, 1.4377781118029829, 1.3438687029509118, 1.288202464302087, 1.4610669040271702, 1.3661421695009437, 1.4288564482849884, 1.5757562791821655, 1.4955826784097526, 1.2723744544845903, 1.4415726661487978, 1.5265722486773048, 1.4707862644408654, 1.5317700024093703, 1.3845113376481852, 1.376723651940563, 1.588431639041607, 1.4210178077713043, 1.663196690021523, 1.332626779973212, 1.30637322491499, 1.398586675829572, 1.6594488024938943, 1.1984363559662907, 1.3456014094373283, 1.5037033311094605, 1.390643130606961, 1.2553524811644232, 1.5733055429921858, 1.2291512385818126, 1.5256727424752416, 1.5644984523834826, 1.601637092144667, 1.4466169728313414, 1.4733900183867412, 1.5840266179721378, 1.4566308660608454, 1.5453089550129047, 1.3596268140225423, 1.3664263445878069, 1.5952606016740116, 1.076277112305477, 1.5017909195155608, 1.2870683058996155, 1.0925724869347357, 1.3848106855691362, 1.4250561369219714, 1.4525563422213705, 1.3023155204937373, 1.1125789858448905, 1.350063427904936, 1.55556973731325, 1.5710611877268505, 1.4553165671109665, 1.5972481537253693, 1.2108205788032165, 1.5456456370693652, 1.5764886686556665, 1.4661775858727057, 1.3939936439995104, 1.3846169775592316, 1.5423630456446937, 1.386275310927592, 1.227340381119294, 1.5546816811896045, 1.453726879085546, 1.2779133790423824, 1.3711278460744432, 1.373682577115527, 1.3633301618092823, 1.3751502369538047, 1.4563301776491526, 1.5299945192236288, 1.2925774127331626, 1.3880472144025524, 1.5344856684148132, 1.2063744493653692, 1.389223471134159, 1.3466953808280084, 1.5277687182647575, 1.333796111959414, 1.5100031132735834, 1.3543025945903984]",1.421483043,0.127850921,-0.024823489,-0.004890658,0,FALSE,100
qb_3147--114/114_354667.txt#0_2,0,2,1.446306532,"[1.2436410440785073, 1.1874416031285786, 1.4677388804110902, 1.3076084188539605, 0.8053072571817856, 1.4757714919127274, 1.2840705696257708, 1.4141058391464099, 1.0312744619835794, 1.1911125264158637, 1.5026741317421315, 1.2214400401027843, 0.9850366701456647, 1.572929094590515, 1.4415696528721322, 1.186964615963765, 1.2361507418163193, 1.3341132361704031, 1.4479396048004236, 1.493643545208019, 1.3001467984637936, 1.2632941574491119, 1.4341733945873196, 1.4671835774794761, 1.3772905976583856, 1.4274678475740263, 1.4396641013091216, 1.1550171228230774, 1.4179977845596987, 1.132901067339418, 0.8655317478384943, 1.5227236171299336, 1.148978277191244, 1.4775082258573218, 1.1450030117880097, 1.4319244734075627, 1.4404391461380994, 1.1819030929744538, 1.3536839634856026, 1.2659862183270945, 1.245716657410604, 0.9826414756619651, 1.0572529991792505, 1.476778274119352, 1.3766711512852028, 1.2135196107617483, 1.5998368007056392, 1.2715962314755762, 1.578738599029393, 1.212398260514705, 1.6191719076785067, 1.6033672713576965, 1.3392417121625417, 1.6676865502027756, 1.6613275529526035, 0.7172554864153299, 1.192564497243972, 1.5183751084448547, 1.2243005076050564, 1.4905121553146352, 1.5612420867739798, 1.1024855558298436, 1.2352536541560066, 1.2504253307259732, 1.5442868574639175, 1.6201863377730374, 1.5461028946589321, 1.2409651401861135, 1.602675180288804, 1.5860935212176233, 1.4622894814444962, 1.1153996392887173, 1.490285867465219, 1.445010493154329, 1.4222996520331785, 1.437460974615888, 1.2522525550107353, 1.519750223662427, 1.091752195538984, 1.6636584371814545, 1.3650704380368948, 1.2603004709234515, 1.0853025599680945, 1.6587472680036228, 1.5651808355583658, 1.3834684459263105, 1.2208565305814696, 1.2769068733334044, 1.1050687595268187, 0.9459036806267637, 1.2814781693705732, 1.2423463771188297, 1.2167699353472983, 0.8920878234549964, 1.4136856016217336, 1.110900571807389, 1.1526297057180224, 1.551903848376248, 1.4439860150592845, 1.0835312811593931]",1.325743057,0.204351608,-0.120563475,0.000685699,0,FALSE,100
qb_3147--114/114_354667.txt#0_2,0.5,0.5,1.446306532,"[1.558251074566224, 1.3161263689933338, 1.4708468532485173, 1.4943454671110885, 1.3858347020730093, 1.3370359917982528, 1.550300050197559, 1.4188719987126137, 1.4643253604519884, 1.395432541957568, 1.503442360533762, 1.4190200944041496, 1.342125429450592, 1.4399132239579973, 1.4556047135876786, 1.5111974349755017, 1.4348012869391717, 1.4456766135624872, 1.4119091938691681, 1.4403395679927677, 1.4493937763552074, 1.4372874231741533, 1.50226882841947, 1.5218990674673871, 1.463769581096695, 1.4025020756097264, 1.5364968171868338, 1.3089925329245684, 1.4687991717385116, 1.37449288948146, 1.390647888522716, 1.344280031169886, 1.2906196141319966, 1.4639765564725131, 1.4367286993381465, 1.4078177447968157, 1.5228782845127375, 1.412932396659119, 1.2997709987116497, 1.4598395327525548, 1.3840725182469695, 1.3721037481933998, 1.4456568111036119, 1.4608900522108819, 1.477575611812041, 1.3614392797823531, 1.4344337488646544, 1.4373516752858029, 1.426426709616486, 1.4610547824300173, 1.3753061562130182, 1.4714116019170764, 1.4532737323815803, 1.3935218586537965, 1.2280897287960155, 1.3983133145371751, 1.5205135697471974, 1.5075769182166954, 1.401223579811692, 1.5697345082528187, 1.4203682749025586, 1.4113155738160492, 1.4686104867937855, 1.3793092550191486, 1.4327314392176451, 1.3826181153316317, 1.426713331589172, 1.4767027950245648, 1.4756385967741403, 1.3824777163818092, 1.4355473748992302, 1.4479189031562565, 1.444886876116594, 1.4061853125409443, 1.4337264058730204, 1.398708302107699, 1.416308854064225, 1.305932934098231, 1.4912734453218253, 1.3803905886345667, 1.466664250228081, 1.502703286022205, 1.3946393390417542, 1.5262979849875045, 1.408607789983037, 1.4372898013658344, 1.4428156829193537, 1.3880180545763228, 1.4729792047939974, 1.4404000896652622, 1.5285687542760988, 1.5242602408297552, 1.5519051251606366, 1.4665997494732186, 1.3818832320102423, 1.3941246720553722, 1.3701187940510566, 1.4462129343764458, 1.4258923722635881, 1.4767577347769092]",1.433348678,0.062218033,-0.012957854,0.504212043,0,FALSE,100
qb_3147--114/114_354667.txt#0_2,0.5,1,1.446306532,"[1.4104876858590685, 1.2479530544419863, 1.3438019848131453, 1.3496675155710856, 1.5294943640753023, 1.3668122780996963, 1.4288276757637632, 1.461144271718484, 1.3840030583082532, 1.167047300605222, 1.3163182624612968, 1.493391299527231, 1.2472845172811584, 1.467540264413972, 1.5495530190445383, 1.5381359338269898, 1.36937130992249, 1.421171551892148, 1.3911442670321486, 1.4370527714853696, 1.4671506084253862, 1.4682775818550258, 1.5813077764077488, 1.160317125623766, 1.4383039253234589, 1.288813272405905, 1.4491172598632378, 1.3715490706241664, 1.2259855371117725, 1.3466501720562003, 1.5140333460219053, 1.4275385903816922, 1.2780906742084222, 1.121902154716092, 1.3723793546001053, 1.2682122896913601, 1.1922146901660629, 1.221214504322587, 1.4124091764043065, 1.2439531047387014, 1.330528340838761, 1.5261022105196616, 1.3308678250501582, 1.6009396244370855, 1.2993964804426215, 1.3425000839944057, 1.2670722959373664, 1.3016558622669434, 1.4884229650766476, 1.3407062240532739, 1.5580230748724588, 1.1693479748811257, 1.616410366044054, 1.4542368156882677, 1.2308394502678484, 1.4251556958901146, 1.3843510153878946, 1.218134821260894, 1.3440003608132034, 1.5162902461720404, 1.561480202436592, 1.366254176663387, 1.4390238388239271, 1.3808352771258643, 1.1722451338432411, 1.3873536381532972, 1.3730484526572098, 1.3695930747235807, 1.4061133693691767, 1.3697028214419298, 1.4038599459722956, 1.4823014819638287, 1.2382948448502662, 1.4688056338048223, 1.3918433301595357, 1.6415083606232124, 1.227896424577659, 1.2307910544789757, 1.3997191418827217, 1.4784843903371494, 1.4460408840691188, 1.4946338416810563, 1.638328708693721, 1.4310586753064698, 1.4865949172924422, 1.3688037604080006, 1.4265333966964806, 1.412668462684038, 1.5872227582137273, 1.6487747294119062, 1.229711284266251, 1.3854585816434097, 1.2631740180880437, 1.5073807353656892, 1.3945724655853853, 1.675964505145812, 1.496764539896179, 1.4045071081540925, 1.4951308727230739, 1.264613290823333]",1.393616965,0.121655965,-0.052689567,0.513604937,0,FALSE,100
qb_3147--114/114_354667.txt#0_2,0.5,2,1.446306532,"[1.7119354164240357, 0.8984244329499315, 1.4456889322471143, 1.453785808083803, 1.4641666780544227, 1.3624042577152755, 0.8763672529883445, 1.5735673091492135, 1.084724718757917, 1.3203314895626475, 1.016133677825546, 1.298001234228814, 1.486128035353464, 1.8559475181347025, 1.490905252496921, 1.236913913840798, 1.03283014631726, 1.652983866506148, 1.5938989086686879, 0.9049704105866917, 1.2626391043114344, 1.454525604584512, 1.401553228217829, 1.0750052980520033, 1.4514589168069114, 1.3511344832443268, 1.5840193396235482, 0.8169342102124559, 1.5473883073138504, 1.2820095915136536, 1.338205528242162, 1.098131182547017, 1.5124140525061216, 1.2079753378906979, 1.4750817606430568, 1.517683928136288, 1.3962382274383554, 1.344593164945842, 1.3917488268332112, 1.5500643088662458, 1.0709004884021265, 0.9354850704674642, 1.2305221194559022, 1.331445342593862, 1.4610810001996757, 1.1381270996082984, 1.3726349487609506, 1.156965786224019, 1.198647627887081, 1.1187804829939938, 1.4802568240986065, 1.2458322151403214, 1.4302463177694673, 1.402376976485298, 1.252875204479739, 1.666877626732613, 1.6668317130347539, 1.2694772115393487, 0.8061257171044004, 1.342666317305803, 0.5002704711639367, 1.2843723101624536, 1.5733687855767415, 1.4187551121411381, 1.6332964865601411, 1.218762995914455, 1.6638335205615462, 1.1771148679572823, 1.4421092702598461, 1.5027692850494463, 0.9809194075928905, 1.044250301752927, 1.35215981541742, 1.1431016291243417, 1.1675571083838459, 1.4183099312404222, 1.6135756542339508, 0.9187834884260203, 1.3966217078806467, 1.2442336359025308, 1.5083818393547774, 1.3059338337214745, 1.3585213772191824, 1.3279409436389102, 1.327157695622418, 1.2392938600114278, 0.9656360210553528, 1.654698840391425, 1.3595293641714876, 1.1586192114872385, 0.9679950496534079, 1.5264180579384392, 1.2253954822155715, 1.6207929908731626, 1.5578804347856785, 1.2091216944566467, 1.4455238813208786, 1.338644631563222, 1.2630429025017913, 1.3586605637900102]",1.318104242,0.233179745,-0.12820229,0.548707223,0,FALSE,100
qb_3147--114/114_354667.txt#0_2,1,0.5,1.446306532,"[1.3859822728337068, 1.3966024292500385, 1.4200960141240626, 1.4847979975459633, 1.4112026573737286, 1.4504274546769729, 1.3943122554610727, 1.3429267691892643, 1.3918770108623297, 1.3933306253407745, 1.4317999246544781, 1.4160288996595238, 1.2931924848035419, 1.314748534387172, 1.458266762300454, 1.4917889454352777, 1.4287520296184486, 1.3732457231673012, 1.3799360243519576, 1.4681555623029414, 1.5385670501489412, 1.4427280798061717, 1.4400530252937318, 1.5292978264910633, 1.378176281235353, 1.4026838264369423, 1.4063835840023433, 1.46392002628566, 1.286078760386956, 1.5813283833392384, 1.3825619733612828, 1.3394965773397265, 1.3315584256707047, 1.5172243286477334, 1.3808675823589516, 1.4085617943647522, 1.4851328856269248, 1.3036582981793903, 1.4709284392405788, 1.549265711759767, 1.408988666023446, 1.4333306655426328, 1.4022107084669901, 1.4361169379249952, 1.4355270982591848, 1.4714536415392074, 1.4992666282140328, 1.3567572667329266, 1.4087108977568734, 1.460443694428812, 1.334991840962406, 1.3004807990126306, 1.4243324506298265, 1.3950823411966708, 1.425746870324741, 1.4164223569743626, 1.4239818585555224, 1.5412345206837093, 1.5120912632997743, 1.4322640316859707, 1.4486949411448973, 1.4512278596943695, 1.5044956174222057, 1.5060288797844164, 1.4280815941060754, 1.4577173509730503, 1.5119026847308223, 1.4971963136784088, 1.4773968653671168, 1.5022655339662063, 1.5078155467083243, 1.407160564560202, 1.3352613967373135, 1.5236456746488192, 1.505870321996051, 1.4657746131847176, 1.5402224166334197, 1.4114643419307875, 1.4858125380901241, 1.4239520323275503, 1.5022558379121056, 1.4292083968633378, 1.459327798949617, 1.4071146461705444, 1.4412974454327032, 1.5783900134099775, 1.52055079427818, 1.4180138929822288, 1.5051203809625717, 1.4370143336340937, 1.4442443706677062, 1.3641716835387325, 1.5417025539952751, 1.371978529934485, 1.4628199731059057, 1.4344762184243363, 1.4848614833206033, 1.4918405429299753, 1.5206379820721145, 1.4700308300737994]",1.439624226,0.064028854,-0.006682306,0.996846029,0,FALSE,100
qb_3147--114/114_354667.txt#0_2,1,1,1.446306532,"[1.3850840873584918, 1.542435679162065, 1.4134695625835305, 1.4538892960702077, 1.155864447563618, 1.3204151962327368, 1.439884506833174, 1.2794278830973287, 1.4898732006974076, 1.298649077712434, 1.1589621029035835, 1.3569986571417858, 1.5558817079888319, 1.3302121848798194, 1.2448740622865584, 1.6386133199497914, 1.4327848218719343, 1.5064565570587516, 1.4326074647305111, 1.353565569814765, 1.4905523615477547, 1.3356295600573387, 1.4750340416896683, 1.4509850728541411, 1.3294116682053176, 1.3002542830314385, 1.5227256916372727, 1.1536539955449587, 1.337124483445967, 1.3819619854931098, 1.2710244353498108, 1.4426367856963973, 1.2612524958642983, 1.3734997303970844, 1.5585234769070468, 1.3476925213771982, 1.1043465284673075, 1.5813135833356913, 1.4308190962144647, 1.6193717612316105, 1.5795504179982784, 1.557673888832786, 1.4246204240586426, 1.4650723559741166, 1.4360317912446048, 1.5152132509188927, 1.559952987316545, 1.3060059216668656, 1.0361653849461487, 1.5226914677253072, 1.5994352540930659, 1.417847272148307, 1.281940562730515, 1.3441861179573942, 1.5559222248045135, 1.2611954260022777, 1.263411086613299, 1.5742768327287173, 1.4768155836484216, 1.2630367139778855, 1.4850568872265633, 1.670928816162306, 1.4486808476175899, 1.39451991721101, 1.447147348349175, 1.4060704376265656, 1.4575335405022969, 1.3339936393526994, 1.4077135252917672, 1.3728960173026772, 1.480722745109928, 1.4662131614418306, 1.3248045661831005, 1.5118772842476864, 1.3071755979041795, 1.2355975154041512, 1.1439571275593412, 1.463757720803053, 1.3597321371463036, 1.3735834582807163, 1.4735711894769568, 1.3445817382102667, 1.2434309937292787, 1.4271421465287588, 1.4691528103538265, 1.5272773329735698, 1.1870583275773419, 1.327251157005135, 1.3789277848314296, 1.2281080258634065, 1.4201353937554528, 1.5227419624235803, 1.4699345042105827, 1.2197264379355723, 1.2951143302510535, 1.4691283449246786, 1.1945467831454275, 1.2535379991082565, 1.4158183803562288, 1.4743508098859093]",1.394323067,0.12626593,-0.051983465,0.997813016,0,FALSE,100
qb_3147--114/114_354667.txt#0_2,1,2,1.446306532,"[0.8492766237196886, 1.308891614286485, 1.186900467422986, 1.5683504841678246, 1.7041240314038348, 1.2300830171437631, 1.1538262464340985, 1.265889498165952, 1.5994398878441627, 1.5036195256213494, 1.6498450988788813, 1.7197795185875597, 1.099357172504165, 1.1396904155878107, 1.2567083224829114, 1.5029824878258229, 1.2308620263549308, 0.8970808932166211, 1.4728786528835305, 1.6695226678504813, 1.224049127444747, 1.305041078534319, 1.2716070508321449, 1.2416760876345903, 1.298381955239935, 0.9041314971638665, 1.3737540971570323, 1.341520006305283, 0.6059583314195012, 1.279419670875914, 1.3937775269473462, 0.9532210366249275, 1.6207497384875404, 1.450742211418218, 1.096098705957283, 1.3516576886057512, 1.025556292206857, 1.0766463229103695, 1.160322721587981, 1.3478518865004196, 1.5244973304857794, 1.3573475718896169, 1.2999696970247125, 1.4069274139399028, 1.0498084776776695, 1.4367422495284081, 1.3673081094934008, 0.9751790071035162, 1.3126876653198198, 0.7745722302864291, 1.5828403157326103, 1.4458138812763517, 1.441229210617035, 1.2133347670749017, 1.4360301386712016, 1.3054082460760497, 1.2102972443058164, 1.3813818618069793, 1.0166003747729209, 1.3412831574645447, 1.0702542970991389, 1.5778706007570151, 0.6903688186348287, 1.3743849247786717, 1.4849291415778945, 1.4108124704973888, 1.3160655189126034, 0.6092023790010008, 1.460847916122543, 1.1845038755025596, 1.4595509883834277, 1.4266229535178125, 1.327674428812125, 1.4584641804855791, 1.645587878360488, 1.117383534348283, 1.1828068133057779, 1.174059932608095, 1.4986862363394733, 1.4153825849557866, 1.1465419838258708, 1.3294784607116634, 0.8566355481417968, 1.445269521687551, 1.1667805896782277, 1.2324540554186179, 1.5678874912618104, 1.402556168967102, 1.5192519585909503, 1.2696201548398383, 1.3953593225165337, 1.2532724302386995, 1.0843291840283629, 1.3077339241561357, 1.0490331182400738, 1.1621493592633785, 1.4475097627852602, 1.2850448414691353, 1.6611407601746488, 1.3498463024235805]",1.29027885,0.229857281,-0.156027681,1.007456709,0,FALSE,100
qb_3147--114/114_354667.txt#0_2,2,0.5,1.446306532,"[1.4511145358703583, 1.3170857055156553, 1.5355465621844888, 1.4750380455045922, 1.4652088853549436, 1.3343804707356137, 1.4642213327454863, 1.3919734719738093, 1.3699525840526348, 1.4820633247942654, 1.2584879026567397, 1.3018794618598486, 1.364362701949703, 1.4506257432495868, 1.4001289910156374, 1.4206201731349593, 1.3892289779885991, 1.528802105165924, 1.470460709392443, 1.3739783308206128, 1.5461723475312408, 1.413821082557531, 1.4660879674585456, 1.4822734360182181, 1.4186033991538103, 1.4574464620213647, 1.5129090532425442, 1.4189497915495324, 1.3487603577625817, 1.3758584276208143, 1.4856428662953707, 1.4585285199036593, 1.449982658603472, 1.3335416217835454, 1.5118942623113354, 1.4668281881961154, 1.485562003782341, 1.4378343842424572, 1.449578487081862, 1.5017950711577308, 1.3864418470380366, 1.4039485575308832, 1.4328685449263494, 1.5109901672908372, 1.5520049116489343, 1.4726254642292165, 1.458151617059761, 1.4660775638953618, 1.4803196511388572, 1.501255156973695, 1.4167044906662662, 1.3147643824018433, 1.4143170824225713, 1.3964532238584269, 1.4735331768317936, 1.3821587077053488, 1.3896344376197036, 1.501892702670613, 1.3645648507484707, 1.3702074102487778, 1.474835835533424, 1.333491644046387, 1.501532452192394, 1.5031145667197232, 1.366169350274069, 1.4179283082655447, 1.3981126801235306, 1.444768993890828, 1.4541056934745054, 1.4838886723749072, 1.3203520604974264, 1.434014627176058, 1.486215139885935, 1.4681908978815, 1.4108225754396853, 1.4622837991202904, 1.427250495721923, 1.4012519775005625, 1.5321876468080873, 1.3231872517452588, 1.5353246821241748, 1.4949969864713684, 1.4730520602876778, 1.4490501931590283, 1.4300926297299315, 1.4831633066921932, 1.3362086074168953, 1.3581898998222295, 1.4751591751451332, 1.483716699858784, 1.4350317765743263, 1.4871932619989956, 1.41953915921024, 1.3704500067722039, 1.2775909865893773, 1.4046909872926743, 1.4369849872297582, 1.4659632911779599, 1.3305941037420022, 1.5049863269284307]",1.432518281,0.06371486,-0.01378825,1.993170348,0,FALSE,100
qb_3147--114/114_354667.txt#0_2,2,1,1.446306532,"[1.5195005325997175, 1.516472217449352, 1.4573063803446353, 1.4687384501346907, 1.4318372472985215, 1.4962293335627255, 1.4893302278590859, 1.4437384034779426, 1.2188147680109815, 1.37749186533578, 1.311446656209064, 1.5730222183302887, 1.3681394963530729, 1.47895345063811, 1.4287941125631811, 1.3187104031737178, 1.3281721041021806, 1.3172202507011506, 1.3112044019525677, 1.4509347914887045, 1.2675264702369817, 1.3047902459867757, 1.3768807642433385, 1.5245796575003654, 1.3741935599797528, 1.4314865776344434, 1.4830587279354979, 1.3543232915392058, 1.3403240218518728, 1.555646598985285, 1.2854997602521085, 1.5094384982935383, 1.4082076114516202, 1.481277290466236, 1.3044154513903672, 1.3803651917450328, 1.4425488260163961, 1.386566518141569, 1.2678208931663264, 1.4760464424234772, 1.5377781361324907, 1.2227299630372443, 1.3684438397343182, 1.4133012794107933, 1.4838043806184145, 1.2631255774756036, 1.4090365497255115, 1.569427805899417, 1.5084970595376574, 1.2892650201153248, 1.1845170976722077, 1.4285765231036278, 1.2693082131824074, 1.359654478021659, 1.5578510942383144, 1.5541718540955232, 1.3259848136853363, 1.360264644351843, 1.3493440007977224, 1.455006242298154, 1.2897869813023626, 1.3386365936619598, 1.2313556760781459, 1.5235218354919242, 1.421941167698932, 1.3273543631040163, 1.458158591643264, 1.5207057643171575, 1.5180554776169635, 1.4173467706131186, 1.3410299850481548, 1.3148733177212448, 1.3218443404354463, 1.3710845731091923, 1.3648025168673867, 1.4985655654688537, 1.4991704348501167, 1.4093475595687361, 1.5359849603145437, 1.4278945619802814, 1.369554796255911, 1.6018758224862242, 1.2251300065652613, 1.5483205496255805, 1.5974447812722425, 1.2662278213683051, 1.4466505387275579, 1.3827851898297396, 1.3674946110404484, 1.5476822985190106, 1.4310843530189927, 1.4982235445183554, 1.3323129179186872, 1.470976921119139, 1.4334308724534066, 1.580339427062188, 1.4550419413956457, 1.4658471681730934, 1.4650920663529243, 1.3856295018255562]",1.411737485,0.097629252,-0.034569047,1.993117956,0,FALSE,100
qb_3147--114/114_354667.txt#0_2,2,2,1.446306532,"[1.7530148335625784, 1.2014297129776894, 1.3740308860117667, 1.5310787101552619, 1.2948226226274921, 1.5038257786092486, 0.9706374798502994, 1.3012997700112363, 0.9761269131748923, 1.181789827805115, 1.0494878100768088, 1.4352826821901352, 1.2499907918914073, 0.9179804287690662, 1.4638081485719112, 1.4480525660904169, 1.2517094823240371, 1.286860124836864, 1.8468909057009835, 1.5295645780854035, 1.1221819090977916, 1.1013175881260118, 1.6249151093105145, 1.3801861438439336, 1.0956385254363368, 1.451584216777593, 1.3841462645165499, 0.7798460339965521, 1.2079020422672113, 1.3994412274250034, 1.5067598231189914, 0.8907311430791257, 1.3720014629229216, 1.4126238215366318, 1.4192786404494646, 1.7113409892560494, 1.5299136637045312, 1.4415546526691263, 1.0913875217015192, 1.4249147248259393, 1.3528703650459024, 1.3709977111131997, 1.5543883787520762, 1.5272532515507609, 1.1949813321674552, 1.4999117302442615, 1.0141090671227668, 1.1449163431622567, 1.0289012677782905, 1.3301376992932517, 1.196847403131098, 0.8370696823706958, 1.4271523239616686, 1.3024267896075459, 1.3927381551586981, 1.1904282852230632, 1.2442520324766022, 0.6960857864940138, 1.3405192090722946, 1.5691357343073378, 1.3522972553507555, 1.2305695273478336, 1.3322573388762038, 1.1477037822008866, 0.9807598361210926, 1.3327449315018398, 0.9670452251337974, 1.3230058332946093, 1.228646204394277, 1.6492511119556184, 1.1723005430071436, 1.6211518476246551, 0.7663256844806722, 1.3317042488799065, 1.6163168573904034, 1.292353630580599, 1.4554771082076456, 1.4850699888004386, 0.7374324239220889, 1.5659811161174233, 1.4549380649502268, 1.3579363696319653, 1.3267995822137482, 1.5896940045508219, 1.0804671031998172, 1.3403452651881587, 1.6654949461845123, 1.393899852560278, 1.4330036254710279, 1.2188851574542707, 1.3565753736717099, 0.9270301315368663, 1.4161390428691454, 1.6213375648870638, 1.3669790461290146, 1.161543757630768, 1.1951408169916324, 1.2156710013493037, 1.3169225028190232, 0.8022470665817028]",1.299599169,0.235016904,-0.146707363,1.965796512,0,FALSE,100
qb_388--149/149_18617.txt#0_2,0,0.5,1.681283625,"[1.5701562856018516, 1.7079980797012253, 1.6416524794001257, 1.7308260541101603, 1.539444442489277, 1.6534472605464556, 1.6167384173857886, 1.7032122611663998, 1.6310898554671434, 1.6571467976279304, 1.6318638822626887, 1.5960743232308776, 1.58546681876187, 1.5592951906847472, 1.7891424287946827, 1.6788705536185997, 1.7226215510963938, 1.6356641716488443, 1.514141896628316, 1.679745109293036, 1.7086642636214204, 1.6117679481898743, 1.7396231750147364, 1.6532371354518942, 1.5361663095868117, 1.6863661059766941, 1.6863772763601768, 1.656110617634359, 1.75278786563979, 1.657403284442513, 1.624162468159316, 1.712814708745327, 1.5863546655710186, 1.6645245862031675, 1.6556915010944002, 1.6205907030217173, 1.6452974274596033, 1.7193088017585687, 1.7465235271514497, 1.6673982307056199, 1.665370768233171, 1.6183206753126687, 1.7183316071392665, 1.7019346491383271, 1.6824715642784673, 1.6914314820240102, 1.7390179835590822, 1.6374189061250795, 1.6971237376266433, 1.6878056286743004, 1.725927581166361, 1.7266826675095583, 1.6982570859845454, 1.6875723765910116, 1.6039243729690202, 1.5500305616967351, 1.6146387583099997, 1.6149714708110714, 1.6872497562438946, 1.6843941312209763, 1.7218328908624878, 1.698734160785688, 1.7442442488797667, 1.7122440146234756, 1.6972143115440537, 1.7183859595733326, 1.6378874575580373, 1.7294985612025975, 1.5573343610986565, 1.5952336504224565, 1.7014768290152598, 1.6454871385176058, 1.5975623870801954, 1.6909613144378757, 1.698783127512924, 1.6606108941978022, 1.6435105693280707, 1.7297147851935484, 1.683664364901555, 1.6749971324101798, 1.7011574475753777, 1.6879129013217107, 1.5854385278568446, 1.7098734904514528, 1.703337637667726, 1.6153889177058136, 1.6581011212659846, 1.637270271032684, 1.74083134308504, 1.5982215420401225, 1.7034732006967508, 1.69325077839056, 1.7196612173346582, 1.6639002714098587, 1.6698214349329126, 1.7385767283892926, 1.7723052661271912, 1.7158869056242825, 1.734097245532389, 1.6012934256810412]",1.667978221,0.056311052,-0.013305405,-0.002210279,0,FALSE,100
qb_388--149/149_18617.txt#0_2,0,1,1.681283625,"[1.6606423175846543, 1.7228967859200437, 1.6322258115588368, 1.6385350948459934, 1.6867737145530122, 1.4945865447258802, 1.567499266781191, 1.764162464493282, 1.6533854366239713, 1.5950231463187883, 1.648494830698399, 1.5949476876935686, 1.4736404865352424, 1.5523256535955168, 1.580614387526586, 1.5948185201867713, 1.4268572457628599, 1.6026081785926385, 1.432730658580716, 1.4094804861313972, 1.7073495991250769, 1.81628507527265, 1.300641463002352, 1.6649105641989261, 1.5733344249836168, 1.560787538242417, 1.7038885819091814, 1.6426913073122642, 1.7444754981380286, 1.7040417548871079, 1.4786508902400377, 1.6631356976590828, 1.7363069665404949, 1.4065348174705792, 1.3878966332302491, 1.6862031386090903, 1.7915391621355214, 1.6689167229446387, 1.6315031475451245, 1.7194852777579377, 1.5741200119128833, 1.5788004313469208, 1.5135333302308096, 1.6154466802256258, 1.702277067137317, 1.727244805103786, 1.7082537003658538, 1.6808900132687299, 1.5921044431170093, 1.3910087531972253, 1.5489560924905417, 1.6222016993473014, 1.7133780884359069, 1.4629213209137177, 1.6270354092405876, 1.7237632203639157, 1.7179839534910564, 1.4421190829454757, 1.5700499084020314, 1.7166918550674635, 1.5280355726315462, 1.6259284991517582, 1.76582352895605, 1.7023534625506525, 1.7662466618901915, 1.700719284451619, 1.695932886889943, 1.5294940213010593, 1.6579415006499032, 1.614932710872827, 1.4907072461694986, 1.6747525333184072, 1.580722008767626, 1.498153055662028, 1.6309485053055188, 1.3910848989871971, 1.7302504096410012, 1.6788630050310371, 1.7238297321320513, 1.76832180699967, 1.5651052219533714, 1.6265801977539365, 1.343702467179514, 1.744292251155044, 1.7569960453905953, 1.6213700873640111, 1.5885903524618772, 1.5233063956258233, 1.794653182016184, 1.5259795791752884, 1.6227086619432538, 1.544749411409133, 1.5618096130581, 1.4170015430390968, 1.6413248083500744, 1.8445430045438183, 1.7944721578719693, 1.5875211951545123, 1.7452991024720106, 1.7621884945910529]",1.61916842,0.114933533,-0.062115206,0.003446552,0,FALSE,100
qb_388--149/149_18617.txt#0_2,0,2,1.681283625,"[1.3123467359784213, 1.0904437906425057, 1.4097607244976187, 1.2710255470057712, 1.654300964289068, 1.7401710116709743, 1.4433171384863162, 1.5281897255550978, 1.5392986137350564, 1.7128036438832936, 1.6837213165717109, 1.5998493604216428, 1.7164400082168192, 1.740975752062598, 1.3026776630613788, 1.2910826267173803, 1.6408932030872951, 1.3068186563698003, 1.2521671693529655, 1.8348680447457957, 1.5700039325817743, 1.6280604988203877, 1.548404517792334, 1.3576666110590523, 1.4859359518994077, 1.2985787768213526, 0.9556956986871422, 1.5009020217795308, 1.4517031865391323, 1.4522798322099635, 1.6985544671693453, 1.522578854786165, 1.6820251297671946, 1.8900899061733902, 1.4532514038306414, 1.3176965976578545, 1.6855310894983537, 1.5359880723975172, 1.57712721171984, 1.5030530051372752, 1.2712309613572457, 1.7095402218658593, 1.4701802781110163, 1.4179716161996572, 1.7574975044706589, 1.476814212107315, 1.5751312472959509, 1.5994201342978345, 1.479419458469702, 1.4869984002692207, 1.5870103465849388, 1.293788547936097, 1.713678391888018, 1.1932487452903402, 1.3784623955728141, 1.601417660848181, 1.5072075228597934, 1.4076920380839337, 1.3194026765188664, 1.2336549297261437, 1.503777812164164, 1.7606473889337009, 1.3508971113705637, 1.791787497744205, 0.6490253034620186, 1.5677287528909227, 1.4363578001855886, 1.4032315408068277, 1.552842605059142, 1.6158217225962326, 1.1468334840193504, 1.3082917348116931, 1.5242277414652357, 1.0969841783675016, 1.719670832207897, 1.3364601388329598, 1.2558845588330527, 1.432260468347574, 0.7633358875478036, 1.3270258931827543, 1.4137453499688866, 1.6702919913272192, 1.7234940404751704, 1.586585912015285, 1.1947749073969425, 1.3092815796044766, 1.875394990331276, 1.3942562469243125, 1.5266080108539053, 1.5229633860592966, 1.485720976528873, 1.6919582429203524, 1.3865974454280554, 1.3326988851549992, 1.72529606541132, 1.7009456786024753, 1.7513303303091143, 1.5456904645845067, 1.714242639329834, 0.8844869021480717]",1.476455023,0.22382725,-0.204828603,0.005088374,0,FALSE,100
qb_388--149/149_18617.txt#0_2,0.5,0.5,1.681283625,"[1.7008280332726975, 1.5689471921871239, 1.6819168823600044, 1.6167011905982034, 1.6744533687114225, 1.681452378127577, 1.7229557172265964, 1.663567355689428, 1.6579865012648387, 1.6558901227022949, 1.7311800044517565, 1.715520263738818, 1.654305688823264, 1.731245360196096, 1.6819832531526329, 1.7045675684966035, 1.6269470470981364, 1.6145218960878585, 1.6034074263484226, 1.612600001907188, 1.597702339650965, 1.7478055317538015, 1.5706176940321444, 1.6148382455737367, 1.6886284824511657, 1.7064681327826294, 1.7062905081264987, 1.7149609834614656, 1.6949365959127842, 1.6499449789791072, 1.7082309903935327, 1.6250559322974025, 1.7122254466920692, 1.6686282469512914, 1.6428282225126671, 1.644542577846586, 1.6391675739250704, 1.7165381372171045, 1.665930127541986, 1.619158762495097, 1.6569111647543862, 1.6277412798661297, 1.7572010704879257, 1.5830196896753508, 1.5934714711272417, 1.6690465519091895, 1.6410698446995546, 1.641232279301256, 1.701958628829897, 1.6881067697268428, 1.7414946257762987, 1.7062912713662652, 1.6425108749750315, 1.7147513425351912, 1.6872606621042594, 1.6537336719650206, 1.6098366244230669, 1.6068710289620465, 1.6762108407222043, 1.6400294613892685, 1.6302825378871628, 1.6675584879151526, 1.6554899946816664, 1.715596419620883, 1.6845894937812984, 1.6011394223150333, 1.602454188771358, 1.682145735829155, 1.7055869014188842, 1.6548384352200745, 1.7017137629799493, 1.6135102611029486, 1.7207905513820978, 1.5882291359686245, 1.6288221848163713, 1.6750646452517204, 1.7425288772775234, 1.6893867182804772, 1.6402289602731484, 1.6506175438627322, 1.562317335306636, 1.6934321526861955, 1.53780365704721, 1.5687140005731723, 1.6828497880689972, 1.6151109770208076, 1.7339189733300808, 1.728727212472125, 1.6895789413413265, 1.6907786448180457, 1.7082548110770122, 1.6983514849372165, 1.7130531030644942, 1.6902133896162277, 1.5926549929362532, 1.563897586899621, 1.5844961174608498, 1.568303127500677, 1.6552402607111256, 1.7061499872048635]",1.661086467,0.04997214,-0.020197158,0.502011867,0,FALSE,100
qb_388--149/149_18617.txt#0_2,0.5,1,1.681283625,"[1.7298892733636557, 1.731936926944392, 1.5089124619527245, 1.724889398398348, 1.661825094029021, 1.700313375294774, 1.6275219504468452, 1.5265941956239704, 1.6325978460500632, 1.7488546169761565, 1.6126572926014424, 1.6955314178824983, 1.5623476593869268, 1.657608845653348, 1.5142231133678534, 1.5355710511271516, 1.6705525054676502, 1.612210247651402, 1.7768669592573827, 1.4846214622420644, 1.7197217873504662, 1.6256112447424784, 1.3436295590263208, 1.3625980808739502, 1.6060432754707583, 1.613855546869365, 1.7645458045491016, 1.625694034372119, 1.524451637972618, 1.5974996059597613, 1.5227533848001515, 1.6256274936277713, 1.4983261641876744, 1.5715307401852074, 1.7599490287411617, 1.4890287914132696, 1.6532211855056906, 1.8483169920936564, 1.6363848767580198, 1.6449019009235777, 1.6983667718996225, 1.6416284619395825, 1.7436554177544328, 1.7535460409332055, 1.6259865511994163, 1.5545085852707157, 1.8463038938747782, 1.592191426215765, 1.5139221005725494, 1.5820811522841463, 1.482557889572031, 1.4280383374215182, 1.609166079134709, 1.5751205577525353, 1.6692286463782775, 1.5854047557661808, 1.5731478360433475, 1.4867376565879031, 1.2833400172482567, 1.68257430795541, 1.513968565489423, 1.611832179714255, 1.7261295775886722, 1.657022857064555, 1.6188133153353004, 1.6584490947152775, 1.6476384331010991, 1.683483037072605, 1.5241003534064748, 1.5840811631934237, 1.8060788766784754, 1.7494664020406758, 1.7194042604149196, 1.5007375431697394, 1.60816538232574, 1.6984183084564577, 1.664101514903165, 1.4872513925540103, 1.4478409619072983, 1.597006952319368, 1.6544862559791038, 1.570493456502958, 1.7210423114241697, 1.669046780618005, 1.5189190812138909, 1.668893158597626, 1.6923106240399102, 1.498075983653803, 1.626504371080275, 1.643223073844355, 1.6019669290048526, 1.667291018653345, 1.6716033041622589, 1.5815061746031602, 1.8219734652708603, 1.3109221262507478, 1.5278661040793695, 1.571047057393854, 1.5472974172382512, 1.2640270700072984]",1.610092093,0.112350367,-0.071191533,0.502169009,0,FALSE,100
qb_388--149/149_18617.txt#0_2,0.5,2,1.681283625,"[1.3172111424160358, 1.5521938048972623, 1.5465143465501037, 1.3608198131209857, 1.665654303122293, 1.3459479325307235, 1.3864145208962948, 0.7350594315202352, 1.3786829787325818, 1.7025966974263478, 1.5964864565783943, 1.7725693157100775, 1.331226771776113, 1.4961480395249942, 1.488859254568684, 1.4595087561503055, 1.7613798518772323, 1.548483801087369, 1.4680229737124495, 1.7623933655735498, 1.6194406519719655, 1.3571220996878324, 1.6679461534546691, 1.7124275807875036, 1.5566523940308852, 1.0351329830775982, 1.709434690072056, 1.3109917265794133, 1.194970830290905, 1.4862204315414407, 1.6418427113516019, 1.7293071314629518, 0.9767793026933521, 1.676552230693967, 1.25867806838852, 1.5057275135056176, 1.6492124896299503, 1.6259213740793528, 1.2741046419397954, 1.5744981823379631, 1.6680968647356769, 1.782867352256263, 1.4857871356742993, 1.0890508018121052, 1.6147254927418886, 1.752711156680801, 1.636712812774586, 1.6003570835164194, 1.447678584898968, 1.4482290061362317, 1.6498589619575077, 1.1115406562325123, 1.6499407691416692, 1.698162507115253, 1.3815566901043894, 1.4311679426338892, 1.3831378695311427, 1.651244860699149, 1.6201574837395163, 1.7346760487752029, 1.2307375414623642, 1.4433686092048488, 1.6640589445345675, 1.7069071681966506, 1.7208072897816495, 1.330649027596676, 1.4805444993606744, 1.586856197950806, 1.5295008760010824, 1.3484082676164395, 1.4560705769240445, 1.1782252386986654, 1.6174631813589853, 1.6114046337977792, 1.6366235872132946, 1.4200617529372117, 1.6148711728408045, 1.270045703292999, 1.7849975995467147, 1.08667472282175, 1.4228419485090258, 1.4729071354082641, 1.5291964236573872, 1.012014106162549, 1.7815739241149826, 1.5026283938705702, 1.3684184938879151, 1.0752556123598696, 1.001621870985854, 1.42455103475786, 1.4156414129290047, 1.4845492902895867, 1.4715372771031574, 1.6745239660196196, 1.6459605691389512, 0.7883733810251372, 1.2013491092616997, 1.4409333794832968, 1.5312583903752002, 1.4678577692948924]",1.475080669,0.221392697,-0.206202956,0.524782091,0,FALSE,100
qb_388--149/149_18617.txt#0_2,1,0.5,1.681283625,"[1.671792808720651, 1.65109136974369, 1.5688679381747617, 1.5827653975860148, 1.622921789946896, 1.6391442768691968, 1.7313358746361263, 1.6958164412957446, 1.716794218011435, 1.6270686806310883, 1.6840712872864483, 1.7024420824469366, 1.583980636204063, 1.728282033364163, 1.5572179182098016, 1.6997127382999886, 1.7118142845983875, 1.765825848100575, 1.714311241611748, 1.43281015279068, 1.60799531041802, 1.667426226611614, 1.733202789785435, 1.6885888607196413, 1.646244874885733, 1.655811517236882, 1.6372519308384352, 1.6990201364557935, 1.6431486218527678, 1.7228646967224501, 1.6135778725295395, 1.6365706269644686, 1.5103984883488017, 1.6731519512174542, 1.4995891537832104, 1.544807060987775, 1.629860986438398, 1.6910920197566084, 1.6267372047886208, 1.6474760161857256, 1.5348136522768612, 1.6332500942250747, 1.686502835087389, 1.6686100396147086, 1.6597087351856457, 1.5899055054871243, 1.691866216910248, 1.6744956408290321, 1.65472391683269, 1.7364824591484613, 1.6363270263882082, 1.6281372526914026, 1.7165442194396674, 1.634602693954278, 1.736340029175358, 1.6544411344934615, 1.7125189471077733, 1.7739207350781447, 1.6251346246931995, 1.7038218188802554, 1.6480382458005596, 1.6459424817761565, 1.7563558511110278, 1.5886453737421036, 1.5929147703579432, 1.649264471543667, 1.733274008252778, 1.6224347621549287, 1.643916016103269, 1.7368794827545673, 1.6673734257036363, 1.6933412859081658, 1.5540308424384195, 1.609319146040377, 1.7558779606491546, 1.669310679175901, 1.6208825741325419, 1.6243801061006904, 1.5283305577487158, 1.7420223802980588, 1.6101704634538496, 1.6026926996893238, 1.6649862838732596, 1.7251305174045237, 1.602410076083521, 1.6103011825382976, 1.6466433235188735, 1.6547841122385731, 1.6668017268528736, 1.7134998019930996, 1.6208352218047233, 1.6309953977431713, 1.5861482533607076, 1.6808201016547901, 1.6430211317288184, 1.6318840102694672, 1.7406825010304017, 1.6734950922447895, 1.6464931668575071, 1.667863218085215]",1.653172236,0.061357564,-0.028111389,1.004326492,0,FALSE,100
qb_388--149/149_18617.txt#0_2,1,1,1.681283625,"[1.7682805410733768, 1.3773047904857658, 1.604448109348432, 1.5226652167032806, 1.6588811874217897, 1.4508859942133077, 1.5576347680611609, 1.707143247040928, 1.5762945334820615, 1.7010130177846905, 1.53282043803905, 1.6726975493698004, 1.7881454229590785, 1.5960775984975697, 1.4338788309390669, 1.582995360813103, 1.514155060126276, 1.5834328731287122, 1.5888420716897482, 1.7249249866373502, 1.390199583751204, 1.6966449849582497, 1.7553878206193558, 1.5984069849411453, 1.7396144209962683, 1.5674529390240042, 1.7623953314119667, 1.5126987128176368, 1.7588747968289549, 1.2277443714645913, 1.5921583539046709, 1.5645486114810807, 1.7178713858336507, 1.613025313226838, 1.7078352771418421, 1.7139283976327377, 1.5374161305312564, 1.790734781997999, 1.7165318278756017, 1.6704842984095662, 1.5051759043270017, 1.687094459113288, 1.5623850894050935, 1.683594545811326, 1.6493236132293951, 1.4847104912408418, 1.590303369111502, 1.6230759447463736, 1.6390749246637961, 1.6360426343690122, 1.6608127992519057, 1.6000534274796738, 1.4281260112272904, 1.7421109669071795, 1.657427511063457, 1.5262170278321854, 1.5504406643326563, 1.4256179837603988, 1.5018075346879773, 1.6549012953829831, 1.694811799999847, 1.5543242705433273, 1.7120676701406656, 1.7387026116247397, 1.6892723761313198, 1.703510898825533, 1.4973570704845494, 1.618620804370023, 1.4382987638388882, 1.6287665638531206, 1.7231223826271924, 1.5051544870382285, 1.5439241711497915, 1.767816207846786, 1.487641714426977, 1.4643814354979536, 1.7579247155992828, 1.6319283582416648, 1.6041640762763034, 1.6820866252824949, 1.6149716565832188, 1.588408161987531, 1.8025946489530327, 1.5437082182903428, 1.799385593311306, 1.5766890394180826, 1.7503657624677136, 1.7260224834161628, 1.6662720911898345, 1.7443274828858035, 1.8527373031496932, 1.728100582975378, 1.60664285884126, 1.6258902340161334, 1.7280285688371335, 1.6746263463701367, 1.7296593906398663, 1.6677587437655692, 1.7063817257094855, 1.5605379459836133]",1.62521758,0.110341122,-0.056066046,0.993855347,0,FALSE,100
qb_388--149/149_18617.txt#0_2,1,2,1.681283625,"[1.6023132419388206, 1.7711315943102908, 1.5134879990331087, 1.3630864305783028, 1.8316613843612382, 1.5555849705813725, 1.5064666768049122, 1.74314738125664, 1.7987829980960526, 1.4935451961571042, 1.7340428692053254, 1.328100554213585, 1.569791929768039, 1.7746762057339331, 1.7226064998059356, 1.0993269642444103, 1.6413835413512752, 1.652773014570251, 1.6957266399443784, 1.3248938952374638, 1.7419333674467823, 0.9023194556923984, 1.5647602547638784, 1.5721306944630484, 1.4813673724486145, 1.502501996274462, 1.481328304225763, 1.5486921989900027, 1.2516804467304274, 1.5881877583898034, 1.6838820226744422, 1.4266721085359686, 1.625244461876857, 1.6098840935394805, 1.6424335944885937, 1.6196745872113014, 1.2957919536164453, 1.4598501691568846, 1.4558809979346803, 1.6071173155089054, 1.2736545864313316, 1.6480275850398869, 1.6154679485332488, 1.5928318416013638, 1.5839124133374036, 1.4818156835141678, 1.412789971242472, 1.7895176842470333, 1.0440711353100627, 1.7698832101628739, 1.448325261614939, 1.732354909545656, 1.5602446487396622, 0.7594445340908959, 1.5064010170195363, 1.6652822752774008, 0.8536176572626125, 1.6118831963993803, 1.6904144051905916, 1.831151971863994, 1.4062815976405783, 1.6822879596556624, 1.786170186936665, 1.5644734453469298, 1.7648755850919726, 1.5919297641974346, 1.2902169912678438, 1.4528046201716847, 1.2564312304143965, 1.4242385523984644, 1.364998268583116, 1.333200537178833, 1.0173314586019697, 1.7001927300863913, 1.6121538566395843, 1.023172605842199, 1.6913196904080043, 1.5540713774052506, 1.3237732278022172, 1.3643642903747504, 1.2852801877958688, 1.5962753373592955, 1.2385996810160653, 1.5935366503010417, 1.5797927632740771, 1.615288266246199, 1.5906935140167486, 1.6022252295085582, 1.6712522438919386, 0.8465675001290378, 1.4874024567297321, 1.4301740685266564, 1.0410801094520667, 1.7207675854928215, 1.5799422022322562, 1.7503959981988395, 1.0210178120248936, 1.5436125238099248, 1.7080988042215934, 1.7468144806717818]",1.505080605,0.233535806,-0.176203021,0.983786165,0,FALSE,100
qb_388--149/149_18617.txt#0_2,2,0.5,1.681283625,"[1.6654463352714692, 1.653083672433909, 1.754379814758151, 1.714158059430891, 1.7389322986587468, 1.6441722627106392, 1.648945462839498, 1.7193768535575702, 1.6156010394089204, 1.6232845551802326, 1.562673833661697, 1.5740973073998932, 1.703013431977344, 1.6408971139418271, 1.6931101587614472, 1.7105215185745946, 1.6917753255846302, 1.7389313568008862, 1.6844760587424075, 1.6400177728868632, 1.6917240649235987, 1.7356473170423317, 1.634881715964819, 1.6436541904869901, 1.5337810396587788, 1.6369426413622954, 1.7658471772600048, 1.600840812419471, 1.6365223345125883, 1.7236210734465678, 1.640546134986741, 1.691814470480935, 1.5680402823963164, 1.6846489622658165, 1.734381079206796, 1.6476650326975357, 1.750804844972342, 1.6764073603171972, 1.6920379237000471, 1.6720624615900015, 1.625057141719947, 1.532673674231174, 1.6380407205139107, 1.4756513724326359, 1.670128556593494, 1.5912742335193912, 1.6836357282276162, 1.7523859370912476, 1.5719249402989142, 1.7255204538667122, 1.7478016243158772, 1.7435569076454172, 1.6259878332132869, 1.6673992142599905, 1.6284070865158955, 1.6586368313751962, 1.6231117346229733, 1.615252495059991, 1.653173957466953, 1.770932356853926, 1.7269479499631437, 1.6721742514896487, 1.7334132920289567, 1.6939714263356873, 1.6270323877289998, 1.5854422244732433, 1.7215520415088692, 1.6570941787280073, 1.7354822256653901, 1.6571713787692273, 1.7473187418769685, 1.7361414094361962, 1.6993330057726126, 1.5974894400721817, 1.6246342784179573, 1.5851472993122018, 1.556451343108549, 1.7500773834258025, 1.6050598930112772, 1.6842083941413097, 1.6430281559332065, 1.6689068418420925, 1.780104969351238, 1.706072851655554, 1.6649481859303816, 1.6236107934978012, 1.5627966985569917, 1.747446640208165, 1.6254774010624884, 1.6807260432757472, 1.7498790127149249, 1.7440065500091588, 1.7740361857672204, 1.7522495406882457, 1.6612538943969324, 1.6475487908472695, 1.7019625307677315, 1.7252693078526948, 1.5320078182998087, 1.6543156726130275]",1.668211084,0.063324464,-0.013072542,2.003758409,0,FALSE,100
qb_388--149/149_18617.txt#0_2,2,1,1.681283625,"[1.6878246597129538, 1.7808841421314785, 1.6151679418839582, 1.4152444117326217, 1.3658654146518674, 1.58176551890154, 1.5212655689784922, 1.6983073447360963, 1.761339709353972, 1.5506010790948377, 1.754813485403962, 1.745748151761078, 1.6479976004805845, 1.510385072817854, 1.5731933585094886, 1.6530956639069774, 1.7941584950655463, 1.6483182125239029, 1.6296085837681806, 1.6247071221601075, 1.4956913981459512, 1.6087564657347113, 1.7067202881411792, 1.6404193474058926, 1.364118334308954, 1.5012758606380465, 1.7633251806051107, 1.5620254349790466, 1.7355906551814189, 1.4469163603446549, 1.5002804417936046, 1.6864660523356427, 1.6697615072525755, 1.6273925619953529, 1.5938142118693577, 1.388426524403796, 1.6578114297519406, 1.5288250657398796, 1.4874091449708677, 1.7198128704954319, 1.615262735244539, 1.4799700173484516, 1.3954679960805607, 1.54824049064358, 1.679348273952222, 1.4213279526596048, 1.599901834094091, 1.5623676595386855, 1.7916303042653954, 1.7655880822988088, 1.641080554481647, 1.5198864180564362, 1.7021241901453417, 1.4215259303381047, 1.6548924161631517, 1.6113497257745346, 1.5212523354199055, 1.6967420493464405, 1.5151631010907167, 1.7492935486835475, 1.666792368802898, 1.5861849184021002, 1.7807631857523745, 1.6858243263284656, 1.8157204286327773, 1.764443810558735, 1.6406315718044426, 1.5026911694015652, 1.3780452567128827, 1.6149233226928057, 1.5818313060381926, 1.578319530638927, 1.8176204345166307, 1.6108608798935886, 1.538451759800743, 1.771733701263486, 1.701256556199525, 1.7512567014650007, 1.6526044222947878, 1.7721271429110774, 1.583068005218415, 1.7793793118329349, 1.610627465269387, 1.4990392275601938, 1.7050193756695404, 1.4871700872822806, 1.6431352203403062, 1.738676511411637, 1.5473207484371447, 1.7683477986216882, 1.6773769009082766, 1.6480930891375778, 1.714061129499872, 1.6241538494065493, 1.5318190339479207, 1.70827521225084, 1.6907052624391916, 1.6284739564666222, 1.6124307665571878, 1.6449549074419456]",1.621917569,0.11158457,-0.059366056,1.998319996,0,FALSE,100
qb_388--149/149_18617.txt#0_2,2,2,1.681283625,"[1.575424828352903, 1.0151065496442748, 1.347649787737587, 0.964029792099258, 1.7922752525388275, 1.765652536009406, 1.756032316469357, 1.4636258513309062, 1.7484019735090623, 1.6543463694686198, 1.1193880499534357, 1.5208112647897138, 1.2394135389180214, 1.6819623881095067, 1.2641115567764658, 1.7313369583391482, 1.4144632614671195, 1.7855079415033184, 1.8036626730244474, 1.4980217736869545, 1.6300513302964812, 1.0396341840307184, 1.2209300132403835, 1.6124570902142605, 1.3393206211199122, 1.4561358629822712, 1.4392870481170092, 1.4487752767700082, 1.5047434961465824, 1.6493935053275148, 1.2763008654123018, 1.0100965603494725, 1.5291604324214063, 1.298237079803652, 1.6320646956512455, 1.857545443006104, 1.7186667665007427, 1.63264849145112, 1.4171600703327303, 1.760252638353673, 1.5548525245928955, 0.732633906965502, 1.2241326742206744, 1.5142699102417072, 1.7266995998273589, 1.375364415141608, 1.6169743316405039, 1.610538666311892, 1.8051333132458736, 1.1844723520349838, 1.6825353620974621, 1.6808722697344978, 1.8304001053332686, 1.2589718775406369, 1.6652869276275075, 0.9095284041823323, 1.7658827686481766, 1.5895317712756023, 1.4332013353134696, 1.2370349318946712, 1.3877956015503219, 1.677855658820528, 1.3685347408899173, 1.5959946010835615, 1.35113601085832, 1.5691350030980136, 1.7338800906896656, 1.400272182982958, 1.0180317419640017, 0.9666839161053082, 1.2972871143862137, 1.506383856809823, 1.5675711699664125, 1.5269761487896105, 1.6031889860052912, 1.6027097445432785, 1.531369243643019, 0.9386829483590958, 1.341781462638122, 1.506826513388345, 1.4268417696135727, 1.5087817872028786, 1.4728740878689077, 1.682559381182407, 1.5521588092800316, 1.7125984665708138, 1.5445259460769978, 1.0193542301038456, 1.7157655727314762, 1.3679112829398545, 1.5468374992607763, 1.39837862474504, 1.474913623999861, 1.8335939053906525, 1.4414328564821277, 1.6088937967642098, 1.3297422872017393, 1.7112440137272757, 1.3640979296476614, 1.773004245128329]",1.479900104,0.24170757,-0.201383521,1.992374443,0,FALSE,100
qz_3777--128/128_191983.txt#0_2,0,0.5,2.024469476,"[1.9787013807685998, 1.9808612419292324, 1.9842094474437164, 1.9715433476171556, 1.9655794970241782, 2.0338920403741083, 2.049673083287173, 1.953725818075016, 1.983662304431095, 1.9628813075261293, 2.0443778171888463, 2.0316744567759315, 1.9809523279421326, 1.9826968599094228, 2.0029942158299665, 1.9512658271648786, 2.01602318946652, 2.0072064968284105, 1.9221611035473976, 2.02587475007445, 1.924403682017809, 1.9663843003059254, 2.0349633479656184, 1.9010328155558645, 2.0060171525740813, 2.020783650979041, 2.0426333140035804, 1.966142058780974, 1.9369261079774265, 2.000912819365379, 2.0729283727435726, 2.040547252781867, 2.023252493312042, 2.021892644769614, 2.0067548356984823, 1.9553937173388003, 1.9259763658149494, 2.0356427021530794, 1.8862445371026448, 2.025037345239123, 2.0558179684200453, 1.9755480502560534, 1.980598080291488, 2.0204078496996347, 1.9593904333550958, 1.97344007599679, 2.053748773293797, 1.9117322937947263, 2.0392148861826436, 2.0248642954455756, 1.994879100424648, 1.973354491194867, 1.9976685548885904, 1.9269403726173087, 2.004942023186962, 1.9997026547843009, 2.03789256542788, 1.9578674096773672, 2.0215174699861955, 1.977780305946923, 2.011513747890469, 2.0750998337931374, 2.0081077239374743, 2.0811314357523925, 2.023739513305244, 2.039155695956894, 2.0059590998737273, 1.980847725934531, 1.9768946917045223, 1.9760666341084758, 2.0028069572455953, 1.9333377629336808, 1.9767772460213073, 1.9979681457909626, 1.9726275890773937, 2.0086346902911587, 1.9406893109805488, 2.019182664203918, 1.9600190748296744, 2.066367399304676, 1.9837470382565923, 2.07282559328977, 2.059472426664985, 1.9924449512017883, 2.0207742171260876, 2.0140539454458946, 1.9437886772994166, 2.0739681786027644, 2.0213901330562893, 1.9013094729854674, 1.9132728337840925, 1.9833299043696373, 1.9694321531879373, 1.9688390014164587, 1.982739595980513, 1.9838260152342226, 1.9948895957548738, 2.062992642900816, 1.974676321209956, 2.086563103137578]",1.995723964,0.043590895,-0.028745511,0.00572711,0,FALSE,100
qz_3777--128/128_191983.txt#0_2,0,1,2.024469476,"[1.9588946898022588, 2.084812859853582, 2.035267938817528, 2.0402783775554405, 1.9359928488295175, 1.9400154732111956, 1.9042219172211372, 1.9500081280511277, 1.981061869573802, 2.0423352433937603, 1.8126777962727403, 1.913215888459743, 1.9276680894731228, 1.8781014448218467, 1.7926322725478379, 2.078158983193748, 1.9835088531888905, 1.897814550731818, 2.0035582167616086, 2.0724755612643597, 1.967211121029743, 1.983548254159064, 2.018481413674477, 2.03780956104852, 2.0366650658631547, 1.8031358890693943, 1.9182766545036745, 1.9267343339582845, 1.8495082954579087, 1.8550001236646998, 1.8845988008853265, 2.074495186845892, 1.9111115149845646, 1.810903717415995, 2.0096103264563316, 1.9937761957776776, 1.985662421698694, 1.9673788557209608, 1.9568317763398488, 1.910288506089675, 1.7700011304751255, 1.9394539709351881, 1.8335411102237742, 2.1043833726016343, 1.7276931646484581, 1.7465341077742111, 1.969066167143768, 2.0060711044677975, 2.0568424588788696, 1.7687795937779611, 1.9471574877119537, 1.9490799720645928, 1.8031793341619535, 1.8267953244534207, 1.8384482295629296, 1.9970773479744102, 2.033534280365829, 1.9898164610039903, 1.8170950553293337, 2.026129195938963, 2.065946030495114, 1.7799050137652732, 1.9774866206787511, 1.9425695099153566, 1.7691661083398975, 1.9905536941421207, 2.0899657020271256, 1.8348176575128983, 2.102405076926278, 2.0004064411885416, 1.9852290518808156, 1.7502458671997791, 1.9045852973761825, 1.9760747349727492, 1.9064223955374935, 1.8870390039782399, 2.0255684086163335, 1.9048431946255788, 1.7581239381643037, 1.962878689382215, 1.8958117088731685, 2.0751609601596526, 2.065476337998722, 1.8513954299755986, 2.037204540694426, 1.9387039268625512, 1.9716597937408258, 1.9641818503744688, 1.910755871316822, 1.7376013281183142, 1.8856088503729693, 2.0094322458338083, 1.7031147220185083, 1.784804995459201, 1.8776654841246463, 1.8887288385165735, 1.9152673410629446, 1.9272624578715312, 1.952640918188145, 1.8444251173163975]",1.93135543,0.097442673,-0.093114045,-0.019807459,0,FALSE,100
qz_3777--128/128_191983.txt#0_2,0,2,2.024469476,"[1.233290028790056, 1.3225976010405753, 1.5798417346168685, 1.9612715705979722, 1.6323968066769514, 1.633758458848436, 1.6667268895072118, 1.9580111892291678, 1.8719934183083835, 1.4830722634263063, 1.5309641394358628, 1.7982695896628478, 1.862381655455231, 1.6026826088684423, 1.7223744852552794, 1.8394399467669997, 1.880335506015903, 1.976056565211777, 1.7066440825033784, 1.7990453741701018, 1.107276174523001, 1.7891888388542332, 1.856425431038217, 1.6473361390067098, 1.5556510951534634, 1.2785897284872756, 1.8284063309774414, 1.4675049339791049, 1.9398037238198886, 1.3499139720157138, 2.0350374587473454, 1.8453378235282307, 1.6008004372926257, 0.6297867228251156, 1.8053464723008954, 1.8649270873179045, 1.9317407833173073, 1.6730844667841975, 1.247692568321763, 1.8489758947450579, 1.7975670957299472, 1.678616762440653, 1.6092427113499137, 1.6252811533825287, 1.2787073612344293, 1.7160967376948921, 1.7759945589982697, 1.5381121773872652, 1.618941874438158, 1.8361581064887316, 1.6974870563211333, 1.5292054303237104, 1.9285628218664246, 1.682025602026799, 1.7479211174029066, 1.7833201202892714, 1.9138369100885488, 1.598206192883133, 1.7613733830306075, 1.5118139196723974, 1.1748745954750888, 1.8396941467932406, 1.8863978008430689, 1.9790384567932202, 0.8835745008675454, 1.6627965918944558, 1.7477728555795138, 1.8395935884386296, 1.8504214722929426, 1.7817249751103696, 1.9218851128025551, 1.9588415551178007, 1.9271072480680576, 1.6186441794087887, 1.333153306318161, 1.7711172791624707, 1.6837069117241479, 1.4325402999693817, 1.9752909774585923, 1.6632055544573563, 1.7369457998312579, 1.7341828672445676, 1.3146097622072237, 1.6386693001811514, 1.569160081081553, 1.4995586010845492, 1.85354687902042, 0.8159410141951778, 1.2346132891333175, 0.9600795451114656, 1.5500203514097128, 1.8046764878001011, 1.4208824322359237, 1.3051102888357167, 1.5265455827984213, 1.218597097638442, 1.7961466785025952, 1.817190341249077, 1.8773090661574692, 1.848992317634372]",1.644466103,0.271401566,-0.380003373,0.038084861,0,FALSE,100
qz_3777--128/128_191983.txt#0_2,0.5,0.5,2.024469476,"[1.9879851360977754, 1.9575591846719902, 1.945470803144121, 2.076195118900757, 1.99191032397898, 2.049450680684915, 2.0059342809075438, 1.9727733655288477, 2.0440296295346903, 2.0447284426910293, 2.040025504119934, 1.9963302407435497, 2.076528210229797, 2.0216400813777025, 2.051476396062958, 1.9614770603401785, 2.049583352112235, 2.0346643565614064, 2.1131379753984962, 2.0120852428330576, 1.9704818348398847, 2.0101769488364996, 2.020127312738987, 2.0039505376437967, 2.038892157032487, 2.064169175834904, 1.9976846350036856, 1.995579032541199, 2.046406281915214, 2.015726128389077, 1.9813977990376077, 1.9517644282167854, 1.9817404685394748, 2.020321718556754, 2.0002810647565625, 2.007654237088908, 1.8928211552164844, 1.9837237871361058, 1.9831971196887572, 2.016565706288415, 1.9948088987687005, 1.9505312717307273, 1.9782642732494466, 1.972579926219843, 1.9390170739834027, 2.01966409939017, 1.9886456540086568, 2.056327082828419, 1.988639804377723, 1.906040578090794, 1.9555700899188284, 1.9601360848603206, 2.0462118959986055, 1.984520399238106, 2.0017166468531125, 1.9614046319966378, 1.9903261130393965, 1.9272721162328803, 2.0380544327933787, 1.9763240431540319, 1.9572334148106285, 1.9491050162422345, 1.9272878938001408, 2.0372571299206697, 2.01355724038395, 1.9789245671139584, 1.9634032762482705, 2.0022656460581323, 1.9488125921381325, 2.019380496302898, 2.0642448081876696, 1.9623028222867303, 1.9586078396581144, 2.0349227900135247, 1.9987067542875931, 2.01734035538876, 2.0401993406089205, 2.011810479328348, 2.032781771120374, 1.902828688033796, 1.9584458351562863, 2.0364268335245326, 1.991683980243093, 1.9990702882441638, 1.9682367020965708, 2.0241993620285803, 2.037872104545709, 1.9764958251749132, 1.9734716123991929, 1.9324920215002719, 1.9890146906496464, 2.0158526308353095, 1.9296908779955833, 1.8849964782632418, 1.96183873454322, 2.0041183340999473, 2.054530691341524, 1.99420444904194, 2.0561979993042496, 2.020746865780695]",1.996822613,0.042595919,-0.027646863,0.498093095,0,FALSE,100
qz_3777--128/128_191983.txt#0_2,0.5,1,2.024469476,"[2.0381898402297676, 1.8230678232034834, 1.825255691960222, 1.9589781181742134, 1.899365042837159, 1.938963880313316, 1.9458495341863937, 1.954536978246462, 1.9358823416699538, 1.9942361801188255, 1.732158029581928, 1.9264081833850089, 1.7297732545727833, 1.8800511835044544, 1.9332369264477915, 1.802711425020215, 2.106318864937847, 1.7506719871118535, 2.0050489353946954, 1.9543122082848305, 1.9117967262738655, 2.082809385622576, 1.8539608439568624, 1.6217735900426624, 1.88694609745651, 1.8665385316637446, 1.9761628897218246, 2.030429625051429, 1.9964730948682505, 1.81482869345234, 1.9639463762979632, 2.0131264313925072, 1.9713439503034191, 1.9632440666451554, 1.8500845174184823, 1.8979994515337326, 1.8361129712524749, 1.932012473113157, 2.0737423727907367, 1.8638901876239935, 1.7201460376057847, 1.9075312629086072, 1.7185725638727072, 2.069136446840714, 2.077917319206343, 1.8221725439892988, 1.5302134091087083, 1.8477967712011796, 1.90699109392566, 1.8180730093331094, 1.9321071400103482, 1.9873343497812372, 1.8694944610809787, 1.9116068607605197, 1.7010289817686983, 1.8035317229667116, 1.7952151128456972, 1.9458803217472243, 1.8928916575266352, 1.8986127799402988, 1.9081097553434165, 2.0501895614337915, 2.061356245525958, 1.8509012698042278, 2.0758270085496062, 1.9396886651524083, 1.930042884859286, 1.8948119025823986, 1.9312807310358369, 1.9733700989821437, 1.9404591891292553, 1.820243938667363, 1.8242045483354623, 2.0222532187170805, 1.9901966767066286, 1.8733509041418648, 1.9261754979306016, 2.0439929308751097, 1.9049361875528672, 2.032773622984628, 2.0084564597988144, 2.037289929103262, 1.9408924625813173, 2.070955775961068, 1.9482410797811907, 1.8569965654680305, 2.046120069933275, 1.9525825325591701, 1.983611101311041, 2.0080679999031417, 1.906779889384166, 1.9753330905538982, 1.8471967360879797, 1.9146842759510745, 1.9663403347039579, 1.9393749747148161, 2.0349760810189794, 1.8104673028345433, 1.9931854256900547, 1.8706328806566253]",1.918048424,0.102993352,-0.106421052,0.491543593,0,FALSE,100
qz_3777--128/128_191983.txt#0_2,0.5,2,2.024469476,"[1.2879380392124702, 2.07704297942085, 1.7972120777998088, 1.557813161668854, 1.6181340138750278, 1.44732683656869, 1.7937889969301712, 1.751663118550696, 1.8879522447806616, 2.0541851601886427, 1.8243402394141246, 1.722557518913473, 1.860303615287738, 1.3158112439259078, 1.9211407173816726, 1.8042261089860814, 1.769608498814663, 1.6978519945042536, 1.1060937012105172, 1.6859391573810285, 1.7098421512147748, 1.4835961590436728, 1.6122860388582727, 1.4147914590224617, 1.8366452459173, 1.5927249693531398, 1.773001325566165, 1.8485460925332107, 1.800882764059565, 1.824768046819486, 1.8497894157731476, 1.6192566377380833, 1.9411996032209862, 1.5888486006246068, 1.3382759559027961, 1.605539080670525, 1.1580320608822394, 1.7603267932764113, 1.778389974702985, 1.7925535031866686, 0.8892646382939816, 1.7724031335162755, 1.6925262899996758, 1.551337973284206, 1.5667748911533188, 1.4656347579900881, 0.8349651764568061, 1.7020571033248695, 1.8720368849751325, 1.9487344763634298, 1.8421066332432625, 1.70275916365338, 1.1538000699015447, 1.7300943089691234, 1.552404210041997, 1.9916145394995293, 1.805093484769027, 1.8621973240357412, 1.7840297841958215, 1.6273681996762734, 1.324807268663827, 1.7249392693850645, 1.7325435272736565, 1.9270467936732696, 1.8082884181955254, 1.36748897312451, 1.815048205595983, 1.8802294942054218, 1.7725289519238927, 1.7591429084417585, 1.9735819995960378, 1.864511368910634, 1.8796361529159353, 1.9659260759919, 1.9985611696144794, 1.5198313459878134, 1.684820109595508, 1.620835355655504, 1.77199795751232, 1.8291637512373695, 1.608931402286919, 1.6882547045692817, 1.7543311538384527, 1.9431871922415316, 1.8641388731947253, 1.8748561202453489, 1.810699009712879, 1.8466301602351265, 1.6933720309405145, 1.2439962073495738, 1.4669434093156881, 2.015954125971782, 1.4182522778465125, 1.8132678911543878, 1.508239474073287, 1.5783600166770424, 1.6909595679832665, 0.7054641903581766, 1.459097625709917, 1.6388052296985527]",1.675020981,0.253314138,-0.349448495,0.547822713,0,FALSE,100
qz_3777--128/128_191983.txt#0_2,1,0.5,2.024469476,"[2.0282303467585203, 1.9805664585223413, 2.0659529953616476, 1.9998310672461668, 1.9849684151827005, 1.9834520217853098, 1.9959166938846822, 1.9552050548121975, 2.0523807772669, 1.9893552395356566, 2.0154557089196317, 2.0382153546369057, 2.015968368106401, 1.9784584801007452, 1.9903847946400228, 2.019589211573821, 2.0901761949126785, 2.0124518410035876, 2.0378716170275313, 2.0404063464876105, 1.9727600216869323, 1.9508352901450186, 2.045815908239367, 2.040844798777713, 1.9466820806401215, 1.9866036124937778, 1.9893513122993824, 1.9591819798384649, 1.976692557952246, 1.93575881596276, 2.056401869384731, 1.9671705113411035, 1.7886036012840898, 2.0306402878118757, 2.057604312792794, 2.0088495021631325, 1.9502677649775868, 2.0226768951517142, 2.065467207630826, 2.011042066350108, 1.9085740951442618, 2.013101526608427, 2.028842680092799, 1.9591886161334202, 2.019764855626664, 2.0538030055053755, 2.006363894054499, 2.0628153899844452, 1.9633323338221784, 2.011598813901374, 2.0039265051646544, 2.009968934060392, 2.096870295654923, 2.034042815448868, 2.000559623609239, 1.9863461315904023, 1.9699085137589287, 2.01529144099555, 2.051177844577238, 1.9217749693872381, 1.9829702188954252, 1.894587446334609, 2.015769657998451, 2.0191655331361997, 1.987812409066668, 1.985905948071718, 2.0299563409977917, 1.9746811383732243, 1.9689190819391373, 2.0276804670162205, 2.042812738650679, 1.9502276391966973, 1.9122717615083407, 1.9709093095595542, 2.0615576979144845, 2.0400979443774414, 2.0075176349365957, 1.8540508938454983, 1.9640293332224545, 1.976092527310093, 1.9784922769277664, 2.07881232602528, 2.0014767188951668, 1.9761966639450608, 2.0636273651004897, 1.976975460686895, 1.9433021676672135, 2.0325751350728525, 1.9482417193616246, 1.9845046130528998, 1.9848217428787236, 1.982007297228049, 1.938483231595574, 2.05107771375028, 2.022172295749255, 2.017978944325352, 1.9445145713406442, 1.993856151296226, 1.997700493394032, 1.984563913311539]",1.997237362,0.047876274,-0.027232114,0.99357835,0,FALSE,100
qz_3777--128/128_191983.txt#0_2,1,1,2.024469476,"[1.8773032497308688, 1.9237117819005263, 1.7873996714548945, 1.9611915875574606, 1.7301956464438821, 1.9344324060672828, 1.8784382720483712, 1.8942267619567301, 1.8581521026325136, 1.827930797313436, 2.034543226845445, 1.9655253714459706, 1.8287752278922365, 1.9623609360178491, 1.9744833943940001, 1.9434648797914995, 1.8650470792092093, 2.0809892583797134, 1.9121996569154727, 1.7890007451231547, 2.037486568433586, 1.9306480906851682, 1.8910520124915031, 1.935936011605804, 2.059335749009123, 2.0064317116379837, 2.058048704606651, 1.9909280014393016, 2.0903045528210997, 1.7574445307157716, 2.0373245041312567, 1.9993137027983239, 2.0373921657574474, 1.8517383769703704, 2.0461610307599845, 1.8742409446609865, 2.083094353255574, 1.7042839020186684, 1.884946297503619, 1.8493695695041343, 2.126956593920755, 1.9311819054795993, 2.069823672131521, 1.9325907334526786, 1.8009489132344008, 1.994958042554881, 2.021592830395942, 1.9709651689946341, 1.8685192731809441, 1.8854807392635047, 2.073561407373961, 1.9031191345964582, 1.7149127176305894, 1.8782628901618494, 1.9607496956722077, 2.0355303277140413, 1.7336216317818445, 1.9453884773961545, 2.0194378437476077, 1.8509250728318087, 1.8417411247394049, 1.9709536830262049, 1.9477025224633817, 1.9581279700394159, 1.8135787347318746, 1.9465888607086428, 2.052342805081632, 1.9962401384880677, 2.0413743624890603, 1.8494305537544506, 1.9636989130896074, 2.034513953932778, 1.8589985148527537, 1.8220246562398583, 1.9274472325461152, 1.855146930411374, 1.9335262314914494, 1.90415189276195, 1.9617522756923833, 1.7355344919137525, 1.707349872264969, 1.837153729540275, 2.050852952583276, 1.8439082748758184, 2.0212060577077673, 2.054860143990393, 2.0817343656014904, 2.001381565445456, 2.077239791815448, 1.9666968236541305, 1.9294406656245313, 1.985835309052057, 1.9941172820151678, 1.9697488163858714, 2.079516309177181, 1.940161285059546, 1.9656948711395401, 1.9246039994468496, 1.99570915239691, 1.9415175197000185]",1.936569845,0.097783224,-0.08789963,0.974599455,0,FALSE,100
qz_3777--128/128_191983.txt#0_2,1,2,2.024469476,"[1.2743444024465556, 1.7296670155952842, 0.5316998267082232, 1.5365693290387672, 1.9320126676309382, 1.6866305727110247, 1.8058922661759866, 1.3908217244722143, 1.8030963646515297, 1.782867851881039, 1.6480217266808723, 1.7073076963631366, 1.610561380154282, 2.1047733954840093, 1.488623922092469, 1.3948729406124332, 1.882338904522558, 1.723453860645064, 1.5635574124649145, 1.430409372510865, 2.0264036993430263, 1.6265580286489874, 1.6918987276521507, 1.6941863299371684, 1.4489619795307613, 1.69179786619932, 1.5606900253903946, 1.7260604072028514, 1.5824102483728164, 1.3423051528275125, 1.9033686243854009, 1.9554788555517968, 2.0545973967617956, 1.6747241761186602, 0.6247520026463698, 1.8448763877958017, 1.8632642012925276, 1.7812312367834922, 1.6896205731096479, 1.4521008346720214, 1.8325354936759897, 1.8497681682682101, 1.8498411489910924, 1.4980473212569387, 1.5614431024633637, 1.161451675819308, 1.78240837017725, 1.8073847744122016, 1.9192467779681008, 1.0198047270442985, 2.0416058174576484, 1.5164541773883822, 1.6833614092739415, 1.800735962936359, 1.8481022364848865, 1.4293241299291188, 0.6785018183299115, 1.9195396688611392, 1.7277742664959983, 1.6304556070757654, 1.1899642523019809, 1.6659500082061336, 1.2613102342271776, 1.5522718591773497, 1.6832579856806658, 1.721882807347155, 1.9606604725028287, 1.4494229735574395, 1.9337828618985617, 0.9210780743579112, 1.221610902301912, 1.4526047979089851, 1.7370614848109995, 0.7881863240737814, 1.5456418227414912, 1.7876381970949968, 1.8049601154986656, 1.4404340914060314, 1.511256235509671, 1.8026562886855364, 1.7455469512495199, 1.6594806397571473, 1.3405284514994311, 1.571454646098659, 2.137209326094908, 1.8810275596575274, 1.4040893739965215, 1.9091677756087115, 1.878833366991616, 1.8465047772886076, 1.676199720131738, 1.8050551519607971, 1.9637866405417983, 1.4000336535844047, 1.77591637407976, 2.0340074143469185, 1.4607243918892951, 1.6599539659721547, 1.7964661507053088, 1.2600214639177252]",1.624582356,0.306808546,-0.399887119,1.074695663,0,FALSE,100
qz_3777--128/128_191983.txt#0_2,2,0.5,2.024469476,"[2.032527529433211, 2.0016598489570274, 1.9576836035045149, 2.0023362167286667, 1.8407825380670648, 1.916434333049346, 1.9912949671994997, 1.9857513636091018, 1.9858163477555624, 1.9334478732349145, 2.0576143541929204, 1.9586209179987826, 1.8831706075582995, 1.9723563891545837, 2.0039885991278767, 1.9487538456660125, 1.9508468075620404, 2.0088913099554215, 2.02735535956223, 1.996515282204748, 1.909495705606957, 1.9952548949575442, 1.9497730993946045, 2.017553923746917, 2.049922150399188, 1.992343894521804, 1.9688200105028404, 1.9882414746457695, 1.9777668763170193, 1.9767502354616522, 1.974230320473637, 2.071338899007333, 2.005491834963864, 2.029799925097243, 2.0004224735139777, 2.065520342759119, 2.0306517079506636, 1.9650212216564211, 1.9786329074107953, 2.065910959500715, 2.006697619843066, 2.022741301339518, 1.9434922021142391, 1.9262303201774402, 2.0311761280880476, 1.92993450692154, 2.0281355599735393, 2.0161940065054047, 1.9481145676859675, 1.923744462397151, 2.0340545164467096, 2.038568801159487, 1.9681045690129495, 2.026811313747202, 2.0219719491838086, 1.933141738327446, 1.9142435223280618, 1.9188954955652, 1.9626003425986769, 2.042772698834891, 1.9671673044201363, 1.9931114830257894, 1.9677000132702571, 1.8744332991236974, 1.9366823442658077, 1.980601454042097, 2.0012985564590515, 1.8937970888754567, 1.9429688084890482, 2.0970259769124566, 2.091562373802043, 2.0378025367672934, 2.052686183169333, 2.0209726123258553, 2.0353054968418625, 1.9837168126539932, 2.044486370382619, 1.98008848446561, 1.9021340507300755, 2.0251884405916902, 2.014237389129605, 1.9455928109749911, 2.0339694796591323, 1.9574302367401042, 2.0165633065541373, 1.9791150634544636, 1.9648197793578013, 1.9732862885499436, 2.068725544343686, 2.0315259094308575, 1.8073629611969066, 1.9562744309910407, 1.9724196693984595, 2.0229780225936413, 1.9806616587647012, 2.008289916188345, 2.0565554149463896, 1.965936131790708, 1.9269214716743452, 1.9147670278291262]",1.985325788,0.052376891,-0.039143688,1.995940657,0,FALSE,100
qz_3777--128/128_191983.txt#0_2,2,1,2.024469476,"[1.8245270922127368, 1.7824903646372927, 2.020687310343587, 1.9020948036822185, 1.966173972029042, 1.8734035447950446, 1.8859375165513337, 1.9831392721896506, 1.829659501903762, 2.0205312082206874, 1.757015932551793, 1.9170037747181334, 1.8787892803641766, 1.8588035837570456, 1.9079813557964822, 1.9612533879741207, 1.7935554182930322, 1.9112034058117997, 1.9910243598177615, 2.026913162350912, 1.889471014429126, 1.8739753783239388, 2.0192408280747403, 1.9539129973835738, 2.0198579136521224, 1.9247186013989825, 1.9666569464959798, 1.9133304209411834, 1.92225596803533, 1.9522851305952065, 1.8741739354036493, 1.7665907121422912, 1.801700891093492, 1.8013905350438142, 1.9686167329831898, 1.906005075007945, 1.7430524188211511, 1.9496435535270362, 2.0027660844958937, 1.9144316749713715, 2.056377109348963, 1.9348673678611774, 1.9735196074752341, 1.984272570924689, 1.926697958928876, 2.0362159945936265, 1.9301443410220167, 2.0554565982293953, 1.8824225649793913, 1.9536792368766176, 1.827853454711799, 1.8656490728681216, 1.8686167913138234, 2.0209807316148534, 1.7175983813317686, 1.952147362934095, 2.035573813754735, 1.9832897055015324, 1.9081367503905293, 1.9261408492761722, 1.820359290845132, 2.031215262312045, 1.9768849805906472, 1.9901806932703214, 1.823015350284537, 2.0268227230788503, 1.7878655315234175, 1.987428662357655, 2.096423832602392, 2.014529148586992, 1.8931282929737994, 1.9909462956709227, 1.9396406034422613, 2.003239668003887, 1.907565125287022, 1.9092613505019655, 1.9787357391475056, 1.9447908855417477, 1.8826348228806593, 1.995822675910312, 1.9690466550274903, 1.8873312775899096, 1.9794392900043154, 2.008381980290383, 1.7063517908416954, 2.0513994358771854, 2.165590883402177, 1.961116964931277, 1.8483761498179636, 2.061734178503087, 1.7202843450503218, 1.95620922486665, 1.8908289021746174, 1.9089332133877528, 1.8657388661937324, 1.7609994651926706, 1.9745008229458978, 1.874297414727496, 2.0096108319766985, 1.9167872947452245]",1.926133552,0.08843125,-0.098335923,2.026068769,0,FALSE,100
qz_3777--128/128_191983.txt#0_2,2,2,2.024469476,"[1.5767636326334054, 1.717753009856356, 1.9571960647417184, 1.783731650810925, 1.8706073268338232, 1.678304421393066, 1.950710649772855, 1.7387985752139858, 1.4362973883313335, 1.6289237356027537, 1.3280037168018322, 1.6894259479708977, 1.3807328282469418, 1.3702663133689859, 1.2828841738613492, 1.3473965563660701, 1.3793469988245257, 1.3582456594661605, 1.540627025189068, 1.5439043723606998, 1.9253875108403675, 1.8856490160452195, 1.187880537480558, 1.6412808642792323, 1.6477803584276063, 1.381422752146546, 1.6967682238701491, 1.3298623380993626, 1.6348798516424075, 1.7729642990112269, 1.6761475157954537, 1.7563441150505765, 1.7153874702733185, 1.7956824539843987, 1.822130221743834, 1.748311675028667, 1.6579458285593554, 1.8771225069355242, 1.9045223095520638, 1.5839896296513192, 1.5772318217944707, 1.926492127247525, 1.6609318053611692, 2.0148723724639392, 1.8515895044420723, 1.783559753834744, 1.5058911569143427, 1.2523015244471831, 1.6609188693108576, 2.042282054487838, 1.5507830466912447, 1.7842625320769796, 1.8008131207657816, 1.782688583819891, 1.9145083005240708, 1.693800943562659, 1.9734885614410993, 1.6928325643161415, 1.8728656933806247, 1.669790449265785, 1.7983959000232894, 1.7303365181878747, 1.3772296651018447, 1.6643795412824611, 0.5071519677733102, 2.0613558904701113, 1.3927492175357274, 1.7003444885356975, 1.9106650256690685, 1.5132372200229585, 1.797013064640865, 1.8568447636598127, 1.5978903824331292, 1.4497341834473563, 1.7587049094409086, 1.503400382460358, 1.1996551567006781, 1.6004196245530784, 1.9379184713675508, 1.6599594149575958, 1.476813330099007, 2.043236122790331, 0.7351294623722301, 1.5314524542142351, 1.6050334469207435, 1.6697908521635558, 1.3298958281761168, 2.041947685002363, 1.8665736238919652, 1.1767414915802354, 1.665618921360134, 1.6733426677128236, 1.7464643718011614, 1.687939791261575, 1.693239093436198, 1.8929967679498154, 1.8552449565780615, 1.5842041694760816, 1.8325673150128128, 1.6268519938265338]",1.649657544,0.25491532,-0.374811931,1.974444453,0,FALSE,100
qw_1816--138/138_1086182.txt#0_2,0,0.5,-2.22E-16,"[-2.220446049250313e-16, -2.220446049250313e-16, -0.0, 2.2204460492503128e-16, 2.2204460492503128e-16, -0.0, -0.0, 1.1102230246251565e-16, -0.0, 2.2204460492503128e-16, -4.440892098500627e-16, -2.220446049250313e-16, -2.220446049250313e-16, -0.0, -0.0, -0.0, -2.220446049250313e-16, -4.440892098500627e-16, -0.0, 2.2204460492503128e-16, -2.220446049250313e-16, -0.0, -2.220446049250313e-16, 1.1102230246251565e-16, -0.0, -0.0, -2.220446049250313e-16, 2.2204460492503128e-16, -0.0, -2.220446049250313e-16, -0.0, -2.220446049250313e-16, -2.220446049250313e-16, -2.220446049250313e-16, -0.0, -2.220446049250313e-16, -2.220446049250313e-16, -4.440892098500627e-16, -2.220446049250313e-16, -0.0, -2.220446049250313e-16, -0.0, -2.220446049250313e-16, -2.220446049250313e-16, -2.220446049250313e-16, 1.1102230246251565e-16, -0.0, -2.220446049250313e-16, 2.2204460492503128e-16, -0.0, -2.220446049250313e-16, -2.220446049250313e-16, 2.2204460492503128e-16, -0.0, -2.220446049250313e-16, -0.0, -0.0, -0.0, 2.2204460492503128e-16, -0.0, -2.220446049250313e-16, -4.440892098500627e-16, 1.1102230246251565e-16, 2.2204460492503128e-16, 2.2204460492503128e-16, 1.1102230246251565e-16, -2.220446049250313e-16, -2.220446049250313e-16, 1.1102230246251565e-16, -0.0, 1.1102230246251565e-16, -0.0, -4.440892098500627e-16, -0.0, -2.220446049250313e-16, -0.0, -0.0, -0.0, -2.220446049250313e-16, -2.220446049250313e-16, -0.0, -0.0, 1.1102230246251565e-16, -0.0, -0.0, 1.1102230246251565e-16, -2.220446049250313e-16, -0.0, -0.0, 1.1102230246251565e-16, 1.1102230246251565e-16, -0.0, -0.0, -0.0, -0.0, -0.0, -2.220446049250313e-16, -4.440892098500627e-16, -4.440892098500627e-16, -0.0]",-6.55E-17,1.76E-16,1.57E-16,-0.00228292,1,TRUE,100
qw_1816--138/138_1086182.txt#0_2,0,1,-2.22E-16,"[-2.220446049250313e-16, -0.0, -0.0, -2.220446049250313e-16, -4.440892098500627e-16, -4.440892098500627e-16, 3.330669073875469e-16, -0.0, -2.220446049250313e-16, -2.220446049250313e-16, -4.440892098500627e-16, -0.0, -4.440892098500627e-16, -0.0, -4.440892098500627e-16, -0.0, -0.0, -6.661338147750941e-16, -2.220446049250313e-16, 2.2204460492503128e-16, -2.220446049250313e-16, -2.220446049250313e-16, -0.0, -0.0, -2.220446049250313e-16, 1.1102230246251565e-16, -0.0, 1.1102230246251565e-16, -0.0, -2.220446049250313e-16, -0.0, -0.0, -0.0, -4.440892098500627e-16, -0.0, 1.1102230246251565e-16, -2.220446049250313e-16, -4.440892098500627e-16, -0.0, -0.0, -2.220446049250313e-16, -0.0, -2.220446049250313e-16, 1.1102230246251565e-16, -4.440892098500627e-16, -0.0, -2.220446049250313e-16, -0.0, -0.0, -2.220446049250313e-16, 1.1102230246251565e-16, -0.0, -2.220446049250313e-16, 2.2204460492503128e-16, -2.220446049250313e-16, 1.1102230246251565e-16, -0.0, -2.220446049250313e-16, -0.0, -0.0, 2.2204460492503128e-16, -2.220446049250313e-16, -2.220446049250313e-16, -2.220446049250313e-16, -0.0, -2.220446049250313e-16, 1.1102230246251565e-16, 1.1102230246251565e-16, -0.0, 2.2204460492503128e-16, 2.2204460492503128e-16, -2.220446049250313e-16, -0.0, -2.220446049250313e-16, 1.1102230246251565e-16, -2.220446049250313e-16, 1.1102230246251565e-16, 1.1102230246251565e-16, -0.0, -2.220446049250313e-16, -0.0, -2.220446049250313e-16, 1.1102230246251565e-16, -2.220446049250313e-16, -0.0, -0.0, -0.0, -2.220446049250313e-16, -0.0, -0.0, -2.220446049250313e-16, -0.0, -2.220446049250313e-16, -0.0, 1.1102230246251565e-16, -2.220446049250313e-16, -0.0, -0.0, 2.2204460492503128e-16, 1.1102230246251565e-16]",-7.88E-17,1.87E-16,1.43E-16,0.00520681,1,TRUE,100
qw_1816--138/138_1086182.txt#0_2,0,2,-2.22E-16,"[1.1102230246251565e-16, 4.4408920985006257e-16, -0.0, -2.220446049250313e-16, -0.0, -0.0, -2.220446049250313e-16, -2.220446049250313e-16, -0.0, -2.220446049250313e-16, -0.0, -2.220446049250313e-16, -2.220446049250313e-16, -0.0, -0.0, -0.0, 1.1102230246251565e-16, -4.440892098500627e-16, -0.0, -2.220446049250313e-16, -0.0, -2.220446049250313e-16, -0.0, -0.0, -0.0, -2.220446049250313e-16, -0.0, -4.440892098500627e-16, -2.220446049250313e-16, -0.0, 1.1102230246251565e-16, -2.220446049250313e-16, -0.0, -0.0, -2.220446049250313e-16, -0.0, 2.2204460492503128e-16, -4.440892098500627e-16, -0.0, -2.220446049250313e-16, -4.440892098500627e-16, -0.0, -0.0, 3.330669073875469e-16, -2.220446049250313e-16, 2.2204460492503128e-16, -2.220446049250313e-16, -2.220446049250313e-16, -2.220446049250313e-16, -4.440892098500627e-16, 2.2204460492503128e-16, -2.220446049250313e-16, -4.440892098500627e-16, -4.440892098500627e-16, -0.0, -2.220446049250313e-16, 1.1102230246251565e-16, -2.220446049250313e-16, -2.220446049250313e-16, -0.0, -2.220446049250313e-16, -4.440892098500627e-16, -2.220446049250313e-16, -2.220446049250313e-16, -0.0, -0.0, -2.220446049250313e-16, -2.220446049250313e-16, -0.0, -0.0, -0.0, -0.0, -0.0, -0.0, -2.220446049250313e-16, 2.2204460492503128e-16, -0.0, 1.1102230246251565e-16, -0.0, -0.0, 1.1102230246251565e-16, 2.2204460492503128e-16, -2.220446049250313e-16, -0.0, -0.0, -2.220446049250313e-16, -0.0, 2.2204460492503128e-16, -2.220446049250313e-16, 1.1102230246251565e-16, 1.1102230246251565e-16, -0.0, -2.220446049250313e-16, -0.0, -2.220446049250313e-16, 3.330669073875469e-16, -2.220446049250313e-16, 2.2204460492503128e-16, -0.0, -0.0]",-7.33E-17,1.88E-16,1.49E-16,-0.031723635,1,TRUE,100
qw_1816--138/138_1086182.txt#0_2,0.5,0.5,-2.22E-16,"[-0.0, -0.0, -4.440892098500627e-16, -2.220446049250313e-16, -2.220446049250313e-16, -2.220446049250313e-16, -0.0, -0.0, 1.1102230246251565e-16, -2.220446049250313e-16, -2.220446049250313e-16, -0.0, -2.220446049250313e-16, -2.220446049250313e-16, 1.1102230246251565e-16, -6.661338147750941e-16, -0.0, -4.440892098500627e-16, -2.220446049250313e-16, -2.220446049250313e-16, -2.220446049250313e-16, 1.1102230246251565e-16, -4.440892098500627e-16, -2.220446049250313e-16, -2.220446049250313e-16, -0.0, -2.220446049250313e-16, -2.220446049250313e-16, -0.0, -2.220446049250313e-16, 1.1102230246251565e-16, -4.440892098500627e-16, -2.220446049250313e-16, -0.0, -0.0, -2.220446049250313e-16, -0.0, 2.2204460492503128e-16, -0.0, -2.220446049250313e-16, -2.220446049250313e-16, -2.220446049250313e-16, -2.220446049250313e-16, -0.0, -0.0, 1.1102230246251565e-16, -0.0, -0.0, 1.1102230246251565e-16, -2.220446049250313e-16, -2.220446049250313e-16, -0.0, -0.0, -4.440892098500627e-16, -0.0, -0.0, -0.0, -2.220446049250313e-16, -2.220446049250313e-16, -2.220446049250313e-16, -2.220446049250313e-16, -0.0, -4.440892098500627e-16, -4.440892098500627e-16, -2.220446049250313e-16, -2.220446049250313e-16, -2.220446049250313e-16, 1.1102230246251565e-16, -2.220446049250313e-16, -0.0, -0.0, -0.0, -2.220446049250313e-16, -4.440892098500627e-16, 2.2204460492503128e-16, -2.220446049250313e-16, -2.220446049250313e-16, -2.220446049250313e-16, -0.0, -0.0, -0.0, 1.1102230246251565e-16, -2.220446049250313e-16, -2.220446049250313e-16, -0.0, -0.0, 2.2204460492503128e-16, -4.440892098500627e-16, 3.330669073875469e-16, -0.0, -0.0, 1.1102230246251565e-16, -2.220446049250313e-16, -0.0, -0.0, 4.4408920985006257e-16, -0.0, -0.0, -2.220446049250313e-16, -4.440892098500627e-16]",-1.13E-16,1.90E-16,1.09E-16,0.504352795,1,TRUE,100
qw_1816--138/138_1086182.txt#0_2,0.5,1,-2.22E-16,"[-0.0, -2.220446049250313e-16, -0.0, -0.0, -0.0, -4.440892098500627e-16, -2.220446049250313e-16, 1.1102230246251565e-16, -0.0, -2.220446049250313e-16, -2.220446049250313e-16, -2.220446049250313e-16, -0.0, -2.220446049250313e-16, -0.0, -2.220446049250313e-16, 2.2204460492503128e-16, -4.440892098500627e-16, -2.220446049250313e-16, -0.0, -0.0, -0.0, -2.220446049250313e-16, 1.1102230246251565e-16, -4.440892098500627e-16, -4.440892098500627e-16, -2.220446049250313e-16, -4.440892098500627e-16, 1.1102230246251565e-16, 2.2204460492503128e-16, 1.1102230246251565e-16, 2.2204460492503128e-16, -2.220446049250313e-16, -2.220446049250313e-16, -0.0, 1.1102230246251565e-16, -0.0, -2.220446049250313e-16, -4.440892098500627e-16, -0.0, -0.0, -0.0, -2.220446049250313e-16, -4.440892098500627e-16, -2.220446049250313e-16, -0.0, -0.0, -0.0, -2.220446049250313e-16, -0.0, -0.0, -0.0, -0.0, 3.330669073875469e-16, -4.440892098500627e-16, 1.1102230246251565e-16, -4.440892098500627e-16, -0.0, 2.2204460492503128e-16, -2.220446049250313e-16, 1.1102230246251565e-16, 3.330669073875469e-16, 2.2204460492503128e-16, 1.1102230246251565e-16, -4.440892098500627e-16, -0.0, -0.0, -0.0, -0.0, -2.220446049250313e-16, -2.220446049250313e-16, 1.1102230246251565e-16, 2.2204460492503128e-16, -0.0, 1.1102230246251565e-16, -2.220446049250313e-16, -2.220446049250313e-16, -4.440892098500627e-16, -2.220446049250313e-16, 2.2204460492503128e-16, 1.1102230246251565e-16, 1.1102230246251565e-16, -2.220446049250313e-16, -0.0, -2.220446049250313e-16, -2.220446049250313e-16, 1.1102230246251565e-16, -4.440892098500627e-16, -2.220446049250313e-16, -4.440892098500627e-16, -2.220446049250313e-16, -4.440892098500627e-16, -0.0, 2.2204460492503128e-16, -0.0, -4.440892098500627e-16, -0.0, -0.0, -0.0, -2.220446049250313e-16]",-8.99E-17,2.08E-16,1.32E-16,0.467859478,1,TRUE,100
qw_1816--138/138_1086182.txt#0_2,0.5,2,-2.22E-16,"[-0.0, -0.0, -0.0, -0.0, -0.0, 1.1102230246251565e-16, -4.440892098500627e-16, -0.0, -2.220446049250313e-16, -0.0, -0.0, 1.1102230246251565e-16, -0.0, 1.1102230246251565e-16, -2.220446049250313e-16, -0.0, -0.0, -0.0, -2.220446049250313e-16, -2.220446049250313e-16, 2.2204460492503128e-16, -0.0, -2.220446049250313e-16, -0.0, -2.220446049250313e-16, -2.220446049250313e-16, -2.220446049250313e-16, -0.0, 1.1102230246251565e-16, -0.0, -2.220446049250313e-16, -2.220446049250313e-16, 2.2204460492503128e-16, 2.2204460492503128e-16, -0.0, -2.220446049250313e-16, 1.1102230246251565e-16, -2.220446049250313e-16, -0.0, 1.1102230246251565e-16, -2.220446049250313e-16, 1.1102230246251565e-16, -0.0, -2.220446049250313e-16, 1.1102230246251565e-16, -2.220446049250313e-16, -0.0, -2.220446049250313e-16, -4.440892098500627e-16, -4.440892098500627e-16, 1.1102230246251565e-16, 2.2204460492503128e-16, -2.220446049250313e-16, 1.1102230246251565e-16, 2.2204460492503128e-16, 2.2204460492503128e-16, -4.440892098500627e-16, -0.0, -2.220446049250313e-16, -0.0, -2.220446049250313e-16, 2.2204460492503128e-16, -0.0, -2.220446049250313e-16, -2.220446049250313e-16, -0.0, -0.0, -4.440892098500627e-16, -0.0, -0.0, 1.1102230246251565e-16, -2.220446049250313e-16, 1.1102230246251565e-16, -2.220446049250313e-16, -2.220446049250313e-16, -0.0, -2.220446049250313e-16, -0.0, -4.440892098500627e-16, -2.220446049250313e-16, -0.0, -2.220446049250313e-16, -2.220446049250313e-16, -2.220446049250313e-16, -2.220446049250313e-16, -0.0, -0.0, -0.0, -0.0, 1.1102230246251565e-16, -2.220446049250313e-16, -2.220446049250313e-16, -0.0, -2.220446049250313e-16, -2.220446049250313e-16, -0.0, 1.1102230246251565e-16, 1.1102230246251565e-16, -2.220446049250313e-16, -0.0]",-7.22E-17,1.71E-16,1.50E-16,0.564075764,1,TRUE,100
qw_1816--138/138_1086182.txt#0_2,1,0.5,-2.22E-16,"[-2.220446049250313e-16, -0.0, -4.440892098500627e-16, -0.0, 1.1102230246251565e-16, 1.1102230246251565e-16, -0.0, -0.0, -2.220446049250313e-16, -2.220446049250313e-16, -4.440892098500627e-16, -0.0, -4.440892098500627e-16, -2.220446049250313e-16, -2.220446049250313e-16, -2.220446049250313e-16, -0.0, -4.440892098500627e-16, -2.220446049250313e-16, -4.440892098500627e-16, -2.220446049250313e-16, -0.0, -2.220446049250313e-16, -0.0, -0.0, -0.0, -2.220446049250313e-16, -4.440892098500627e-16, 2.2204460492503128e-16, -0.0, -4.440892098500627e-16, -0.0, -0.0, -2.220446049250313e-16, -4.440892098500627e-16, 2.2204460492503128e-16, 1.1102230246251565e-16, -2.220446049250313e-16, -0.0, -0.0, -0.0, -2.220446049250313e-16, -2.220446049250313e-16, -2.220446049250313e-16, -2.220446049250313e-16, 1.1102230246251565e-16, -2.220446049250313e-16, -2.220446049250313e-16, 1.1102230246251565e-16, -0.0, 1.1102230246251565e-16, -0.0, -0.0, -2.220446049250313e-16, -2.220446049250313e-16, -0.0, -2.220446049250313e-16, -2.220446049250313e-16, -0.0, -4.440892098500627e-16, -2.220446049250313e-16, 1.1102230246251565e-16, -0.0, 2.2204460492503128e-16, -2.220446049250313e-16, -0.0, -0.0, 1.1102230246251565e-16, -2.220446049250313e-16, -0.0, 1.1102230246251565e-16, -2.220446049250313e-16, -0.0, 2.2204460492503128e-16, -2.220446049250313e-16, -2.220446049250313e-16, -0.0, -2.220446049250313e-16, -2.220446049250313e-16, -0.0, -2.220446049250313e-16, -0.0, -0.0, 1.1102230246251565e-16, -2.220446049250313e-16, -4.440892098500627e-16, -0.0, -4.440892098500627e-16, -0.0, 2.2204460492503128e-16, -2.220446049250313e-16, 1.1102230246251565e-16, -2.220446049250313e-16, -2.220446049250313e-16, -0.0, -4.440892098500627e-16, -2.220446049250313e-16, -2.220446049250313e-16, -2.220446049250313e-16, -2.220446049250313e-16]",-1.17E-16,1.82E-16,1.05E-16,0.994458124,1,TRUE,100
qw_1816--138/138_1086182.txt#0_2,1,1,-2.22E-16,"[-2.220446049250313e-16, -2.220446049250313e-16, 1.1102230246251565e-16, 2.2204460492503128e-16, -2.220446049250313e-16, -2.220446049250313e-16, -2.220446049250313e-16, -2.220446049250313e-16, -2.220446049250313e-16, -2.220446049250313e-16, -2.220446049250313e-16, -2.220446049250313e-16, -2.220446049250313e-16, -2.220446049250313e-16, -2.220446049250313e-16, -0.0, -0.0, -0.0, 1.1102230246251565e-16, -0.0, 1.1102230246251565e-16, -0.0, -0.0, -2.220446049250313e-16, 2.2204460492503128e-16, -0.0, -2.220446049250313e-16, -4.440892098500627e-16, -2.220446049250313e-16, -0.0, 2.2204460492503128e-16, 1.1102230246251565e-16, -2.220446049250313e-16, -0.0, -0.0, -0.0, -2.220446049250313e-16, -2.220446049250313e-16, -4.440892098500627e-16, -0.0, -0.0, 1.1102230246251565e-16, -2.220446049250313e-16, -0.0, -2.220446049250313e-16, -2.220446049250313e-16, -0.0, -4.440892098500627e-16, -0.0, -2.220446049250313e-16, 2.2204460492503128e-16, -0.0, -2.220446049250313e-16, -0.0, -4.440892098500627e-16, -0.0, -0.0, -4.440892098500627e-16, -2.220446049250313e-16, -2.220446049250313e-16, -2.220446049250313e-16, 1.1102230246251565e-16, 1.1102230246251565e-16, -0.0, 1.1102230246251565e-16, 1.1102230246251565e-16, -0.0, 3.330669073875469e-16, -4.440892098500627e-16, -4.440892098500627e-16, -2.220446049250313e-16, -0.0, -2.220446049250313e-16, -4.440892098500627e-16, 1.1102230246251565e-16, -2.220446049250313e-16, -0.0, -0.0, 3.330669073875469e-16, -0.0, -4.440892098500627e-16, -2.220446049250313e-16, -0.0, 1.1102230246251565e-16, -0.0, -0.0, -2.220446049250313e-16, -0.0, -2.220446049250313e-16, -0.0, -2.220446049250313e-16, -0.0, -0.0, -0.0, -0.0, -2.220446049250313e-16, -2.220446049250313e-16, -2.220446049250313e-16, 1.1102230246251565e-16, -4.440892098500627e-16]",-9.77E-17,1.85E-16,1.24E-16,1.002808764,1,TRUE,100
qw_1816--138/138_1086182.txt#0_2,1,2,-2.22E-16,"[-0.0, 1.1102230246251565e-16, 1.1102230246251565e-16, -0.0, 2.2204460492503128e-16, -2.220446049250313e-16, -0.0, -4.440892098500627e-16, -2.220446049250313e-16, -2.220446049250313e-16, -0.0, -0.0, -2.220446049250313e-16, -0.0, -2.220446049250313e-16, -4.440892098500627e-16, -0.0, -2.220446049250313e-16, 3.330669073875469e-16, -2.220446049250313e-16, -0.0, -2.220446049250313e-16, -2.220446049250313e-16, -4.440892098500627e-16, -0.0, -2.220446049250313e-16, -0.0, -0.0, -0.0, -0.0, -4.440892098500627e-16, -0.0, -2.220446049250313e-16, -2.220446049250313e-16, -0.0, -0.0, 2.2204460492503128e-16, -0.0, -2.220446049250313e-16, -0.0, -2.220446049250313e-16, -2.220446049250313e-16, -0.0, -4.440892098500627e-16, -2.220446049250313e-16, -2.220446049250313e-16, -0.0, -2.220446049250313e-16, 1.1102230246251565e-16, -2.220446049250313e-16, -0.0, -0.0, -0.0, -2.220446049250313e-16, -2.220446049250313e-16, -0.0, -0.0, -2.220446049250313e-16, -2.220446049250313e-16, -2.220446049250313e-16, -0.0, 3.330669073875469e-16, -4.440892098500627e-16, -2.220446049250313e-16, -0.0, -2.220446049250313e-16, 1.1102230246251565e-16, -2.220446049250313e-16, 1.1102230246251565e-16, -0.0, -0.0, -2.220446049250313e-16, -0.0, -0.0, -2.220446049250313e-16, -0.0, -0.0, -2.220446049250313e-16, 1.1102230246251565e-16, -2.220446049250313e-16, -2.220446049250313e-16, -4.440892098500627e-16, -2.220446049250313e-16, -0.0, -2.220446049250313e-16, -2.220446049250313e-16, -0.0, -4.440892098500627e-16, 2.2204460492503128e-16, 1.1102230246251565e-16, -4.440892098500627e-16, -0.0, -0.0, -2.220446049250313e-16, 2.2204460492503128e-16, -0.0, -2.220446049250313e-16, -0.0, -2.220446049250313e-16, -0.0]",-1.01E-16,1.77E-16,1.21E-16,1.014439737,1,TRUE,100
qw_1816--138/138_1086182.txt#0_2,2,0.5,-2.22E-16,"[-2.220446049250313e-16, 1.1102230246251565e-16, -0.0, -0.0, -4.440892098500627e-16, -4.440892098500627e-16, -4.440892098500627e-16, -2.220446049250313e-16, -2.220446049250313e-16, -6.661338147750941e-16, -0.0, 2.2204460492503128e-16, -2.220446049250313e-16, -4.440892098500627e-16, -0.0, -0.0, -4.440892098500627e-16, -6.661338147750941e-16, -0.0, -0.0, -4.440892098500627e-16, 3.330669073875469e-16, -2.220446049250313e-16, -0.0, -6.661338147750941e-16, -2.220446049250313e-16, -4.440892098500627e-16, 2.2204460492503128e-16, -4.440892098500627e-16, 3.330669073875469e-16, -2.220446049250313e-16, -4.440892098500627e-16, -2.220446049250313e-16, -0.0, 2.2204460492503128e-16, 6.661338147750936e-16, -0.0, -0.0, -4.440892098500627e-16, -0.0, 1.1102230246251565e-16, 2.2204460492503128e-16, 2.2204460492503128e-16, -2.220446049250313e-16, -4.440892098500627e-16, 1.1102230246251565e-16, -0.0, -4.440892098500627e-16, -4.440892098500627e-16, 1.1102230246251565e-16, -0.0, 3.330669073875469e-16, -6.661338147750941e-16, -0.0, -0.0, -0.0, -0.0, -6.661338147750941e-16, -2.220446049250313e-16, -2.220446049250313e-16, -2.220446049250313e-16, -4.440892098500627e-16, -0.0, -2.220446049250313e-16, -0.0, 2.2204460492503128e-16, -2.220446049250313e-16, -2.220446049250313e-16, -4.440892098500627e-16, 1.1102230246251565e-16, -4.440892098500627e-16, -2.220446049250313e-16, -2.220446049250313e-16, -6.661338147750941e-16, 1.1102230246251565e-16, 2.2204460492503128e-16, 2.2204460492503128e-16, -2.220446049250313e-16, -2.220446049250313e-16, -2.220446049250313e-16, -4.440892098500627e-16, -2.220446049250313e-16, -0.0, -0.0, 1.1102230246251565e-16, -4.440892098500627e-16, -2.220446049250313e-16, -6.661338147750941e-16, -4.440892098500627e-16, -2.220446049250313e-16, -4.440892098500627e-16, -6.661338147750941e-16, -6.661338147750941e-16, -2.220446049250313e-16, -4.440892098500627e-16, -2.220446049250313e-16, -4.440892098500627e-16, -2.220446049250313e-16, 2.2204460492503128e-16, -0.0]",-1.71E-16,2.83E-16,5.11E-17,2.009277034,1,TRUE,100
qw_1816--138/138_1086182.txt#0_2,2,1,-2.22E-16,"[-2.220446049250313e-16, -4.440892098500627e-16, -0.0, -0.0, -2.220446049250313e-16, -0.0, -4.440892098500627e-16, -0.0, -2.220446049250313e-16, -4.440892098500627e-16, -0.0, -6.661338147750941e-16, 2.2204460492503128e-16, -4.440892098500627e-16, -4.440892098500627e-16, 2.2204460492503128e-16, -4.440892098500627e-16, 1.1102230246251565e-16, -4.440892098500627e-16, -2.220446049250313e-16, 1.1102230246251565e-16, -0.0, -2.220446049250313e-16, -0.0, -0.0, -2.220446049250313e-16, 1.1102230246251565e-16, -2.220446049250313e-16, -6.661338147750941e-16, -4.440892098500627e-16, -2.220446049250313e-16, 2.2204460492503128e-16, -8.881784197001256e-16, -2.220446049250313e-16, -2.220446049250313e-16, -4.440892098500627e-16, -4.440892098500627e-16, -4.440892098500627e-16, -2.220446049250313e-16, -0.0, 1.1102230246251565e-16, -2.220446049250313e-16, -2.220446049250313e-16, 2.2204460492503128e-16, -4.440892098500627e-16, -2.220446049250313e-16, -2.220446049250313e-16, -0.0, -4.440892098500627e-16, -4.440892098500627e-16, 1.1102230246251565e-16, -0.0, -4.440892098500627e-16, -4.440892098500627e-16, -2.220446049250313e-16, 1.1102230246251565e-16, 3.330669073875469e-16, 3.330669073875469e-16, -0.0, -2.220446049250313e-16, 2.2204460492503128e-16, -6.661338147750941e-16, -4.440892098500627e-16, -0.0, -8.881784197001256e-16, -2.220446049250313e-16, -0.0, 1.1102230246251565e-16, 2.2204460492503128e-16, 2.2204460492503128e-16, 4.4408920985006257e-16, 2.2204460492503128e-16, 1.1102230246251565e-16, -2.220446049250313e-16, -4.440892098500627e-16, -4.440892098500627e-16, -0.0, -4.440892098500627e-16, 3.330669073875469e-16, -2.220446049250313e-16, 4.4408920985006257e-16, -4.440892098500627e-16, 3.330669073875469e-16, -4.440892098500627e-16, 1.1102230246251565e-16, -2.220446049250313e-16, -4.440892098500627e-16, -2.220446049250313e-16, -4.440892098500627e-16, 2.2204460492503128e-16, -2.220446049250313e-16, -6.661338147750941e-16, -2.220446049250313e-16, -0.0, -4.440892098500627e-16, 2.2204460492503128e-16, -4.440892098500627e-16, 1.1102230246251565e-16, -0.0, 2.2204460492503128e-16]",-1.55E-16,2.96E-16,6.66E-17,1.993011293,1,TRUE,100
qw_1816--138/138_1086182.txt#0_2,2,2,-2.22E-16,"[-2.220446049250313e-16, -4.440892098500627e-16, -2.220446049250313e-16, -6.661338147750941e-16, -0.0, -0.0, -2.220446049250313e-16, -2.220446049250313e-16, -2.220446049250313e-16, -0.0, -4.440892098500627e-16, -4.440892098500627e-16, -2.220446049250313e-16, -0.0, -4.440892098500627e-16, 1.1102230246251565e-16, -2.220446049250313e-16, -2.220446049250313e-16, -0.0, -2.220446049250313e-16, -4.440892098500627e-16, -4.440892098500627e-16, 2.2204460492503128e-16, -4.440892098500627e-16, -4.440892098500627e-16, -2.220446049250313e-16, -4.440892098500627e-16, -4.440892098500627e-16, -0.0, -4.440892098500627e-16, -0.0, -4.440892098500627e-16, 2.2204460492503128e-16, -4.440892098500627e-16, -4.440892098500627e-16, 1.1102230246251565e-16, -2.220446049250313e-16, 1.1102230246251565e-16, -4.440892098500627e-16, 1.1102230246251565e-16, -4.440892098500627e-16, -6.661338147750941e-16, -4.440892098500627e-16, -6.661338147750941e-16, -0.0, -0.0, -4.440892098500627e-16, -0.0, -2.220446049250313e-16, -2.220446049250313e-16, -0.0, -4.440892098500627e-16, 3.330669073875469e-16, -0.0, -2.220446049250313e-16, -2.220446049250313e-16, -4.440892098500627e-16, -0.0, -6.661338147750941e-16, 1.1102230246251565e-16, -0.0, -0.0, -4.440892098500627e-16, -4.440892098500627e-16, -2.220446049250313e-16, -2.220446049250313e-16, 1.1102230246251565e-16, 2.2204460492503128e-16, -4.440892098500627e-16, -2.220446049250313e-16, -0.0, 2.2204460492503128e-16, -6.661338147750941e-16, 1.1102230246251565e-16, -2.220446049250313e-16, -4.440892098500627e-16, -2.220446049250313e-16, -0.0, -4.440892098500627e-16, -4.440892098500627e-16, -4.440892098500627e-16, -2.220446049250313e-16, -4.440892098500627e-16, 3.330669073875469e-16, 1.1102230246251565e-16, -2.220446049250313e-16, -6.661338147750941e-16, -0.0, -0.0, -0.0, -2.220446049250313e-16, -4.440892098500627e-16, 4.4408920985006257e-16, -2.220446049250313e-16, -4.440892098500627e-16, 2.2204460492503128e-16, -0.0, -0.0, -8.881784197001256e-16, -2.220446049250313e-16]",-2.07E-16,2.66E-16,1.55E-17,1.943224803,1,TRUE,100
qb_6828--25/25_2632281.txt#0_0,0,0.5,2.22E-16,"[-2.220446049250313e-16, -0.0, -0.0, -0.0, 2.2204460492503128e-16, -0.0, -0.0, -0.0, -0.0, 1.1102230246251565e-16, -0.0, -4.440892098500627e-16, -2.220446049250313e-16, -0.0, -2.220446049250313e-16, -2.220446049250313e-16, -0.0, 2.2204460492503128e-16, -4.440892098500627e-16, -2.220446049250313e-16, -2.220446049250313e-16, -0.0, -0.0, -2.220446049250313e-16, -0.0, -2.220446049250313e-16, 1.1102230246251565e-16, -2.220446049250313e-16, -2.220446049250313e-16, -0.0, -0.0, -0.0, -0.0, -0.0, -2.220446049250313e-16, -2.220446049250313e-16, -0.0, -2.220446049250313e-16, -0.0, -0.0, -0.0, -0.0, -2.220446049250313e-16, -2.220446049250313e-16, -2.220446049250313e-16, -2.220446049250313e-16, -0.0, -0.0, -0.0, 2.2204460492503128e-16, -2.220446049250313e-16, -2.220446049250313e-16, -2.220446049250313e-16, -0.0, -0.0, -0.0, -0.0, -0.0, -0.0, -0.0, 1.1102230246251565e-16, 1.1102230246251565e-16, 2.2204460492503128e-16, 2.2204460492503128e-16, -0.0, -2.220446049250313e-16, -0.0, -2.220446049250313e-16, -0.0, 2.2204460492503128e-16, -0.0, -0.0, -2.220446049250313e-16, -2.220446049250313e-16, -2.220446049250313e-16, -2.220446049250313e-16, -0.0, -0.0, -0.0, -0.0, -0.0, -0.0, -0.0, -4.440892098500627e-16, -0.0, -0.0, -2.220446049250313e-16, -0.0, 2.2204460492503128e-16, -0.0, 1.1102230246251565e-16, -0.0, -0.0, -0.0, 1.1102230246251565e-16, -0.0, -2.220446049250313e-16, -0.0, -0.0, -4.440892098500627e-16]",-5.77E-17,1.50E-16,-2.80E-16,-0.004036166,0,FALSE,100
qb_6828--25/25_2632281.txt#0_0,0,1,2.22E-16,"[-2.220446049250313e-16, -0.0, 1.1102230246251565e-16, -0.0, -0.0, -0.0, -2.220446049250313e-16, 2.2204460492503128e-16, -0.0, -0.0, -2.220446049250313e-16, -0.0, -0.0, -4.440892098500627e-16, 1.1102230246251565e-16, -0.0, -0.0, -2.220446049250313e-16, -0.0, -0.0, -0.0, -0.0, -0.0, -0.0, -0.0, 1.1102230246251565e-16, -0.0, -0.0, -0.0, -0.0, 1.1102230246251565e-16, -2.220446049250313e-16, -2.220446049250313e-16, 1.1102230246251565e-16, -0.0, -4.440892098500627e-16, -0.0, -0.0, -0.0, 1.1102230246251565e-16, -2.220446049250313e-16, -2.220446049250313e-16, -2.220446049250313e-16, -0.0, -2.220446049250313e-16, -2.220446049250313e-16, -0.0, -2.220446049250313e-16, -4.440892098500627e-16, -2.220446049250313e-16, -2.220446049250313e-16, -0.0, -0.0, -0.0, -2.220446049250313e-16, -2.220446049250313e-16, -2.220446049250313e-16, 2.2204460492503128e-16, 1.1102230246251565e-16, 1.1102230246251565e-16, 2.2204460492503128e-16, 2.2204460492503128e-16, -0.0, -0.0, -0.0, -0.0, -0.0, -2.220446049250313e-16, -0.0, 1.1102230246251565e-16, -2.220446049250313e-16, -0.0, 1.1102230246251565e-16, -0.0, -0.0, -2.220446049250313e-16, -0.0, -0.0, -0.0, -0.0, -2.220446049250313e-16, -2.220446049250313e-16, -2.220446049250313e-16, -0.0, -2.220446049250313e-16, -2.220446049250313e-16, -0.0, -0.0, -2.220446049250313e-16, -2.220446049250313e-16, 1.1102230246251565e-16, -0.0, -2.220446049250313e-16, -2.220446049250313e-16, -4.440892098500627e-16, -2.220446049250313e-16, -2.220446049250313e-16, -0.0, -2.220446049250313e-16, -0.0]",-6.77E-17,1.50E-16,-2.90E-16,-0.033086801,0,FALSE,100
qb_6828--25/25_2632281.txt#0_0,0,2,2.22E-16,"[-4.440892098500627e-16, -2.220446049250313e-16, -4.440892098500627e-16, -2.220446049250313e-16, -2.220446049250313e-16, -2.220446049250313e-16, -0.0, -4.440892098500627e-16, -2.220446049250313e-16, 1.1102230246251565e-16, 1.1102230246251565e-16, -0.0, 1.1102230246251565e-16, -0.0, 3.330669073875469e-16, -0.0, -2.220446049250313e-16, -0.0, -0.0, -0.0, -2.220446049250313e-16, -4.440892098500627e-16, -4.440892098500627e-16, -0.0, -0.0, -4.440892098500627e-16, -2.220446049250313e-16, -2.220446049250313e-16, -0.0, -2.220446049250313e-16, -0.0, -0.0, -4.440892098500627e-16, -0.0, -2.220446049250313e-16, -0.0, -0.0, -0.0, -0.0, -0.0, -0.0, -0.0, -0.0, -4.440892098500627e-16, -2.220446049250313e-16, -0.0, -2.220446049250313e-16, -0.0, -2.220446049250313e-16, 2.2204460492503128e-16, 2.2204460492503128e-16, -4.440892098500627e-16, 2.2204460492503128e-16, -2.220446049250313e-16, 1.1102230246251565e-16, -0.0, 1.1102230246251565e-16, -6.661338147750941e-16, -2.220446049250313e-16, -2.220446049250313e-16, -4.440892098500627e-16, -0.0, -2.220446049250313e-16, 3.330669073875469e-16, 1.1102230246251565e-16, -0.0, -2.220446049250313e-16, 1.1102230246251565e-16, -0.0, -2.220446049250313e-16, -2.220446049250313e-16, -4.440892098500627e-16, -0.0, -0.0, -2.220446049250313e-16, -0.0, 2.2204460492503128e-16, -0.0, -2.220446049250313e-16, 4.4408920985006257e-16, -2.220446049250313e-16, 1.1102230246251565e-16, -2.220446049250313e-16, -0.0, 1.1102230246251565e-16, 1.1102230246251565e-16, 2.2204460492503128e-16, -4.440892098500627e-16, -4.440892098500627e-16, -2.220446049250313e-16, 2.2204460492503128e-16, 1.1102230246251565e-16, -0.0, -0.0, -0.0, -4.440892098500627e-16, -2.220446049250313e-16, -2.220446049250313e-16, -0.0, 1.1102230246251565e-16]",-9.33E-17,2.14E-16,-3.15E-16,0.065001921,0,FALSE,100
qb_6828--25/25_2632281.txt#0_0,0.5,0.5,2.22E-16,"[-0.0, -0.0, -2.220446049250313e-16, -0.0, 2.2204460492503128e-16, -0.0, 1.1102230246251565e-16, -2.220446049250313e-16, -0.0, 1.1102230246251565e-16, -0.0, -4.440892098500627e-16, -0.0, 2.2204460492503128e-16, -0.0, -2.220446049250313e-16, -4.440892098500627e-16, -0.0, 1.1102230246251565e-16, 2.2204460492503128e-16, -2.220446049250313e-16, 2.2204460492503128e-16, -0.0, -2.220446049250313e-16, 1.1102230246251565e-16, -2.220446049250313e-16, 1.1102230246251565e-16, 1.1102230246251565e-16, 2.2204460492503128e-16, 1.1102230246251565e-16, -0.0, -4.440892098500627e-16, -0.0, -4.440892098500627e-16, 1.1102230246251565e-16, -0.0, -2.220446049250313e-16, -0.0, -2.220446049250313e-16, -2.220446049250313e-16, -0.0, -2.220446049250313e-16, -0.0, -0.0, -2.220446049250313e-16, -0.0, -2.220446049250313e-16, -0.0, -0.0, -4.440892098500627e-16, 1.1102230246251565e-16, -2.220446049250313e-16, -0.0, -0.0, -0.0, -2.220446049250313e-16, -2.220446049250313e-16, -0.0, 2.2204460492503128e-16, -0.0, 1.1102230246251565e-16, -2.220446049250313e-16, -0.0, -2.220446049250313e-16, -0.0, -0.0, 1.1102230246251565e-16, -2.220446049250313e-16, 1.1102230246251565e-16, -2.220446049250313e-16, -0.0, -2.220446049250313e-16, -2.220446049250313e-16, 2.2204460492503128e-16, -4.440892098500627e-16, 1.1102230246251565e-16, -0.0, -0.0, -0.0, 1.1102230246251565e-16, 2.2204460492503128e-16, -2.220446049250313e-16, -2.220446049250313e-16, -2.220446049250313e-16, 2.2204460492503128e-16, -2.220446049250313e-16, -2.220446049250313e-16, -2.220446049250313e-16, 2.2204460492503128e-16, -2.220446049250313e-16, -0.0, -2.220446049250313e-16, -0.0, -0.0, -0.0, -4.440892098500627e-16, -2.220446049250313e-16, -0.0, -2.220446049250313e-16, -0.0]",-6.22E-17,1.79E-16,-2.84E-16,0.498749185,0,FALSE,100
qb_6828--25/25_2632281.txt#0_0,0.5,1,2.22E-16,"[-2.220446049250313e-16, -0.0, 1.1102230246251565e-16, -2.220446049250313e-16, 2.2204460492503128e-16, -2.220446049250313e-16, -0.0, 2.2204460492503128e-16, -0.0, -0.0, 1.1102230246251565e-16, -2.220446049250313e-16, -0.0, -2.220446049250313e-16, -4.440892098500627e-16, -2.220446049250313e-16, -0.0, -2.220446049250313e-16, -0.0, -0.0, -2.220446049250313e-16, -0.0, 1.1102230246251565e-16, -2.220446049250313e-16, -2.220446049250313e-16, -2.220446049250313e-16, -2.220446049250313e-16, -0.0, 1.1102230246251565e-16, 2.2204460492503128e-16, -0.0, -0.0, -0.0, -2.220446049250313e-16, -4.440892098500627e-16, 2.2204460492503128e-16, 1.1102230246251565e-16, -0.0, -4.440892098500627e-16, -0.0, -4.440892098500627e-16, -2.220446049250313e-16, -2.220446049250313e-16, -2.220446049250313e-16, -0.0, -0.0, -2.220446049250313e-16, -0.0, -4.440892098500627e-16, -0.0, 1.1102230246251565e-16, -4.440892098500627e-16, -2.220446049250313e-16, -0.0, -2.220446049250313e-16, -0.0, -2.220446049250313e-16, -2.220446049250313e-16, -2.220446049250313e-16, 2.2204460492503128e-16, -4.440892098500627e-16, 2.2204460492503128e-16, -2.220446049250313e-16, -4.440892098500627e-16, -0.0, -0.0, -0.0, -2.220446049250313e-16, -0.0, -0.0, -0.0, -2.220446049250313e-16, -0.0, -0.0, -0.0, -0.0, 1.1102230246251565e-16, -2.220446049250313e-16, -4.440892098500627e-16, -4.440892098500627e-16, -0.0, -4.440892098500627e-16, -2.220446049250313e-16, -2.220446049250313e-16, -0.0, -2.220446049250313e-16, -2.220446049250313e-16, -2.220446049250313e-16, -0.0, -2.220446049250313e-16, -0.0, -2.220446049250313e-16, 1.1102230246251565e-16, 1.1102230246251565e-16, -2.220446049250313e-16, -2.220446049250313e-16, -2.220446049250313e-16, -0.0, -0.0, -0.0]",-1.05E-16,1.80E-16,-3.28E-16,0.478443898,0,FALSE,100
qb_6828--25/25_2632281.txt#0_0,0.5,2,2.22E-16,"[2.2204460492503128e-16, -0.0, -2.220446049250313e-16, -2.220446049250313e-16, -4.440892098500627e-16, -2.220446049250313e-16, -0.0, -2.220446049250313e-16, -2.220446049250313e-16, -4.440892098500627e-16, -0.0, 1.1102230246251565e-16, -4.440892098500627e-16, -0.0, -4.440892098500627e-16, -4.440892098500627e-16, 1.1102230246251565e-16, -0.0, -0.0, -0.0, -2.220446049250313e-16, -4.440892098500627e-16, -0.0, -0.0, -2.220446049250313e-16, -0.0, -4.440892098500627e-16, -8.881784197001256e-16, -2.220446049250313e-16, -0.0, -0.0, -0.0, -4.440892098500627e-16, 1.1102230246251565e-16, -2.220446049250313e-16, -4.440892098500627e-16, -0.0, -2.220446049250313e-16, -0.0, -2.220446049250313e-16, -0.0, -2.220446049250313e-16, -0.0, -4.440892098500627e-16, -4.440892098500627e-16, -2.220446049250313e-16, -2.220446049250313e-16, -2.220446049250313e-16, -2.220446049250313e-16, -2.220446049250313e-16, -0.0, 1.1102230246251565e-16, -2.220446049250313e-16, -2.220446049250313e-16, 2.2204460492503128e-16, -2.220446049250313e-16, -2.220446049250313e-16, -0.0, 2.2204460492503128e-16, -0.0, 1.1102230246251565e-16, -6.661338147750941e-16, -0.0, -0.0, -2.220446049250313e-16, -6.661338147750941e-16, 1.1102230246251565e-16, -2.220446049250313e-16, -2.220446049250313e-16, -2.220446049250313e-16, -4.440892098500627e-16, 2.2204460492503128e-16, -4.440892098500627e-16, -0.0, -2.220446049250313e-16, -4.440892098500627e-16, -2.220446049250313e-16, -2.220446049250313e-16, 4.4408920985006257e-16, 2.2204460492503128e-16, -0.0, -2.220446049250313e-16, -2.220446049250313e-16, -2.220446049250313e-16, -4.440892098500627e-16, -0.0, -0.0, -0.0, -0.0, -0.0, 2.2204460492503128e-16, 1.1102230246251565e-16, -0.0, 2.2204460492503128e-16, -0.0, -0.0, -0.0, -4.440892098500627e-16, 1.1102230246251565e-16, 3.330669073875469e-16]",-1.30E-16,2.33E-16,-3.52E-16,0.433175551,0,FALSE,100
qb_6828--25/25_2632281.txt#0_0,1,0.5,2.22E-16,"[-0.0, -2.220446049250313e-16, -0.0, -4.440892098500627e-16, -0.0, -2.220446049250313e-16, -0.0, -0.0, -2.220446049250313e-16, -0.0, -0.0, -0.0, 2.2204460492503128e-16, 2.2204460492503128e-16, 3.330669073875469e-16, -4.440892098500627e-16, -2.220446049250313e-16, 1.1102230246251565e-16, 2.2204460492503128e-16, -0.0, -2.220446049250313e-16, -0.0, -0.0, -2.220446049250313e-16, -2.220446049250313e-16, -0.0, -0.0, -0.0, -0.0, -2.220446049250313e-16, -4.440892098500627e-16, -2.220446049250313e-16, -2.220446049250313e-16, -2.220446049250313e-16, -0.0, -0.0, -2.220446049250313e-16, -2.220446049250313e-16, -0.0, -2.220446049250313e-16, -0.0, -2.220446049250313e-16, -2.220446049250313e-16, -0.0, -4.440892098500627e-16, -0.0, -0.0, 1.1102230246251565e-16, -2.220446049250313e-16, 1.1102230246251565e-16, -2.220446049250313e-16, -2.220446049250313e-16, -0.0, -0.0, -2.220446049250313e-16, -0.0, -0.0, -0.0, -4.440892098500627e-16, -2.220446049250313e-16, -4.440892098500627e-16, -4.440892098500627e-16, -2.220446049250313e-16, -0.0, -2.220446049250313e-16, -2.220446049250313e-16, 2.2204460492503128e-16, -4.440892098500627e-16, -2.220446049250313e-16, 1.1102230246251565e-16, 1.1102230246251565e-16, -0.0, 2.2204460492503128e-16, 2.2204460492503128e-16, 1.1102230246251565e-16, 2.2204460492503128e-16, -0.0, -0.0, -0.0, -2.220446049250313e-16, -0.0, -2.220446049250313e-16, 1.1102230246251565e-16, -0.0, -0.0, 1.1102230246251565e-16, -0.0, -2.220446049250313e-16, -0.0, -0.0, -2.220446049250313e-16, 1.1102230246251565e-16, -0.0, -0.0, -0.0, -2.220446049250313e-16, -2.220446049250313e-16, 2.2204460492503128e-16, -0.0, -0.0]",-7.33E-17,1.78E-16,-2.95E-16,1.009811226,0,FALSE,100
qb_6828--25/25_2632281.txt#0_0,1,1,2.22E-16,"[1.1102230246251565e-16, 1.1102230246251565e-16, -2.220446049250313e-16, -0.0, -2.220446049250313e-16, 2.2204460492503128e-16, -0.0, 2.2204460492503128e-16, -0.0, -2.220446049250313e-16, 2.2204460492503128e-16, -2.220446049250313e-16, -0.0, -2.220446049250313e-16, -4.440892098500627e-16, -0.0, 4.4408920985006257e-16, -2.220446049250313e-16, -4.440892098500627e-16, -2.220446049250313e-16, -2.220446049250313e-16, -0.0, -4.440892098500627e-16, -2.220446049250313e-16, 2.2204460492503128e-16, -2.220446049250313e-16, -2.220446049250313e-16, -0.0, -0.0, -2.220446049250313e-16, -0.0, 2.2204460492503128e-16, -2.220446049250313e-16, -4.440892098500627e-16, -0.0, -2.220446049250313e-16, -0.0, -2.220446049250313e-16, -2.220446049250313e-16, -4.440892098500627e-16, -0.0, -2.220446049250313e-16, -2.220446049250313e-16, 1.1102230246251565e-16, -4.440892098500627e-16, -2.220446049250313e-16, -0.0, -2.220446049250313e-16, -2.220446049250313e-16, -2.220446049250313e-16, 2.2204460492503128e-16, -0.0, -2.220446049250313e-16, -4.440892098500627e-16, -0.0, -2.220446049250313e-16, -4.440892098500627e-16, 1.1102230246251565e-16, -2.220446049250313e-16, 1.1102230246251565e-16, -2.220446049250313e-16, -4.440892098500627e-16, -4.440892098500627e-16, -2.220446049250313e-16, -2.220446049250313e-16, -0.0, 1.1102230246251565e-16, -2.220446049250313e-16, -4.440892098500627e-16, -0.0, -2.220446049250313e-16, -0.0, -0.0, -2.220446049250313e-16, -2.220446049250313e-16, -4.440892098500627e-16, -0.0, -2.220446049250313e-16, -2.220446049250313e-16, 2.2204460492503128e-16, -0.0, 1.1102230246251565e-16, -0.0, -4.440892098500627e-16, -2.220446049250313e-16, -4.440892098500627e-16, -4.440892098500627e-16, -0.0, -0.0, 1.1102230246251565e-16, -4.440892098500627e-16, -4.440892098500627e-16, -2.220446049250313e-16, -2.220446049250313e-16, -0.0, -2.220446049250313e-16, -4.440892098500627e-16, -0.0, 1.1102230246251565e-16, -4.440892098500627e-16]",-1.39E-16,2.09E-16,-3.61E-16,1.001456914,0,FALSE,100
qb_6828--25/25_2632281.txt#0_0,1,2,2.22E-16,"[-4.440892098500627e-16, -0.0, -0.0, -0.0, -2.220446049250313e-16, -6.661338147750941e-16, 1.1102230246251565e-16, 2.2204460492503128e-16, -2.220446049250313e-16, -0.0, -2.220446049250313e-16, 1.1102230246251565e-16, -2.220446049250313e-16, 1.1102230246251565e-16, -4.440892098500627e-16, -2.220446049250313e-16, -2.220446049250313e-16, -2.220446049250313e-16, -2.220446049250313e-16, -0.0, -2.220446049250313e-16, -2.220446049250313e-16, -6.661338147750941e-16, 2.2204460492503128e-16, -2.220446049250313e-16, 2.2204460492503128e-16, -0.0, -0.0, 1.1102230246251565e-16, -2.220446049250313e-16, -4.440892098500627e-16, -2.220446049250313e-16, -2.220446049250313e-16, 2.2204460492503128e-16, -2.220446049250313e-16, -2.220446049250313e-16, -4.440892098500627e-16, -2.220446049250313e-16, -4.440892098500627e-16, -2.220446049250313e-16, -0.0, -2.220446049250313e-16, -2.220446049250313e-16, -4.440892098500627e-16, -0.0, -0.0, -2.220446049250313e-16, -4.440892098500627e-16, 1.1102230246251565e-16, -0.0, 1.1102230246251565e-16, 2.2204460492503128e-16, -2.220446049250313e-16, -0.0, -2.220446049250313e-16, -4.440892098500627e-16, -0.0, 2.2204460492503128e-16, -4.440892098500627e-16, -0.0, -0.0, -2.220446049250313e-16, -0.0, -0.0, -2.220446049250313e-16, -4.440892098500627e-16, -6.661338147750941e-16, -2.220446049250313e-16, -2.220446049250313e-16, -2.220446049250313e-16, 1.1102230246251565e-16, -0.0, -0.0, -4.440892098500627e-16, -4.440892098500627e-16, -2.220446049250313e-16, -2.220446049250313e-16, -6.661338147750941e-16, -2.220446049250313e-16, -0.0, -6.661338147750941e-16, -2.220446049250313e-16, -2.220446049250313e-16, -6.661338147750941e-16, -2.220446049250313e-16, -2.220446049250313e-16, -0.0, -0.0, -0.0, -2.220446049250313e-16, -2.220446049250313e-16, -6.661338147750941e-16, -0.0, -0.0, -4.440892098500627e-16, -4.440892098500627e-16, -0.0, -0.0, -2.220446049250313e-16, -2.220446049250313e-16]",-1.74E-16,2.27E-16,-3.96E-16,1.074632476,0,FALSE,100
qb_6828--25/25_2632281.txt#0_0,2,0.5,2.22E-16,"[-0.0, 1.1102230246251565e-16, -0.0, -0.0, 2.2204460492503128e-16, -4.440892098500627e-16, -4.440892098500627e-16, -4.440892098500627e-16, -4.440892098500627e-16, -0.0, -2.220446049250313e-16, -2.220446049250313e-16, 1.1102230246251565e-16, -2.220446049250313e-16, 2.2204460492503128e-16, -4.440892098500627e-16, 1.1102230246251565e-16, -0.0, -2.220446049250313e-16, -0.0, -2.220446049250313e-16, -4.440892098500627e-16, -2.220446049250313e-16, 1.1102230246251565e-16, -0.0, -0.0, -0.0, -2.220446049250313e-16, -2.220446049250313e-16, -4.440892098500627e-16, -4.440892098500627e-16, -2.220446049250313e-16, -4.440892098500627e-16, -2.220446049250313e-16, 1.1102230246251565e-16, -0.0, -2.220446049250313e-16, 2.2204460492503128e-16, -4.440892098500627e-16, 2.2204460492503128e-16, -2.220446049250313e-16, -4.440892098500627e-16, -2.220446049250313e-16, -2.220446049250313e-16, -0.0, -4.440892098500627e-16, -2.220446049250313e-16, -4.440892098500627e-16, -0.0, -4.440892098500627e-16, -2.220446049250313e-16, -4.440892098500627e-16, -2.220446049250313e-16, -2.220446049250313e-16, -4.440892098500627e-16, -0.0, 1.1102230246251565e-16, 1.1102230246251565e-16, -4.440892098500627e-16, -0.0, -2.220446049250313e-16, -0.0, -0.0, -4.440892098500627e-16, -0.0, 2.2204460492503128e-16, -4.440892098500627e-16, -0.0, -4.440892098500627e-16, -0.0, -4.440892098500627e-16, -0.0, -4.440892098500627e-16, -2.220446049250313e-16, -4.440892098500627e-16, -0.0, -0.0, -4.440892098500627e-16, -6.661338147750941e-16, -0.0, -0.0, 2.2204460492503128e-16, -0.0, -2.220446049250313e-16, -0.0, -2.220446049250313e-16, -2.220446049250313e-16, -0.0, -0.0, -0.0, -2.220446049250313e-16, -2.220446049250313e-16, -2.220446049250313e-16, 1.1102230246251565e-16, -2.220446049250313e-16, -2.220446049250313e-16, 1.1102230246251565e-16, -4.440892098500627e-16, -2.220446049250313e-16, -0.0]",-1.59E-16,2.17E-16,-3.81E-16,2.015689501,0,FALSE,100
qb_6828--25/25_2632281.txt#0_0,2,1,2.22E-16,"[-0.0, 1.1102230246251565e-16, 1.1102230246251565e-16, 1.1102230246251565e-16, -2.220446049250313e-16, -2.220446049250313e-16, -4.440892098500627e-16, -0.0, -0.0, -2.220446049250313e-16, -0.0, -0.0, -0.0, 1.1102230246251565e-16, -0.0, -2.220446049250313e-16, -4.440892098500627e-16, -2.220446049250313e-16, -0.0, -2.220446049250313e-16, -0.0, -4.440892098500627e-16, -4.440892098500627e-16, -0.0, -4.440892098500627e-16, 2.2204460492503128e-16, -2.220446049250313e-16, -2.220446049250313e-16, 2.2204460492503128e-16, -0.0, 2.2204460492503128e-16, -0.0, -0.0, 1.1102230246251565e-16, -0.0, 2.2204460492503128e-16, -6.661338147750941e-16, -2.220446049250313e-16, -4.440892098500627e-16, -2.220446049250313e-16, -4.440892098500627e-16, 2.2204460492503128e-16, -2.220446049250313e-16, -2.220446049250313e-16, 1.1102230246251565e-16, -2.220446049250313e-16, -2.220446049250313e-16, -4.440892098500627e-16, 1.1102230246251565e-16, -6.661338147750941e-16, -2.220446049250313e-16, -2.220446049250313e-16, -0.0, -4.440892098500627e-16, -4.440892098500627e-16, -2.220446049250313e-16, -4.440892098500627e-16, 1.1102230246251565e-16, -6.661338147750941e-16, -2.220446049250313e-16, -4.440892098500627e-16, 3.330669073875469e-16, -0.0, -0.0, -2.220446049250313e-16, 1.1102230246251565e-16, 1.1102230246251565e-16, -0.0, -2.220446049250313e-16, -2.220446049250313e-16, -0.0, 2.2204460492503128e-16, -0.0, -4.440892098500627e-16, -4.440892098500627e-16, -4.440892098500627e-16, -4.440892098500627e-16, -0.0, -2.220446049250313e-16, -2.220446049250313e-16, 2.2204460492503128e-16, -0.0, -2.220446049250313e-16, -4.440892098500627e-16, -2.220446049250313e-16, 2.2204460492503128e-16, 4.4408920985006257e-16, -0.0, -0.0, -0.0, 2.2204460492503128e-16, 1.1102230246251565e-16, -2.220446049250313e-16, -2.220446049250313e-16, -0.0, 2.2204460492503128e-16, -0.0, -2.220446049250313e-16, -4.440892098500627e-16, -0.0]",-1.20E-16,2.40E-16,-3.42E-16,1.992154895,0,FALSE,100
qb_6828--25/25_2632281.txt#0_0,2,2,2.22E-16,"[-4.440892098500627e-16, -6.661338147750941e-16, 1.1102230246251565e-16, -6.661338147750941e-16, -4.440892098500627e-16, -4.440892098500627e-16, -2.220446049250313e-16, -2.220446049250313e-16, 1.1102230246251565e-16, -4.440892098500627e-16, -2.220446049250313e-16, 3.330669073875469e-16, -4.440892098500627e-16, 2.2204460492503128e-16, -6.661338147750941e-16, -4.440892098500627e-16, -4.440892098500627e-16, 2.2204460492503128e-16, 2.2204460492503128e-16, -2.220446049250313e-16, -0.0, -2.220446049250313e-16, -2.220446049250313e-16, -2.220446049250313e-16, -2.220446049250313e-16, 2.2204460492503128e-16, -0.0, -2.220446049250313e-16, -0.0, -0.0, -2.220446049250313e-16, -6.661338147750941e-16, -4.440892098500627e-16, -4.440892098500627e-16, 2.2204460492503128e-16, -4.440892098500627e-16, -0.0, 2.2204460492503128e-16, 1.1102230246251565e-16, 2.2204460492503128e-16, -6.661338147750941e-16, -2.220446049250313e-16, -0.0, -4.440892098500627e-16, 3.330669073875469e-16, 2.2204460492503128e-16, -6.661338147750941e-16, -6.661338147750941e-16, -4.440892098500627e-16, -4.440892098500627e-16, 2.2204460492503128e-16, -4.440892098500627e-16, 1.1102230246251565e-16, -4.440892098500627e-16, -0.0, -4.440892098500627e-16, -2.220446049250313e-16, 1.1102230246251565e-16, 1.1102230246251565e-16, -6.661338147750941e-16, -4.440892098500627e-16, -2.220446049250313e-16, -0.0, -2.220446049250313e-16, -0.0, -0.0, -6.661338147750941e-16, -0.0, -2.220446049250313e-16, -0.0, -2.220446049250313e-16, -0.0, -4.440892098500627e-16, -2.220446049250313e-16, -2.220446049250313e-16, 1.1102230246251565e-16, -0.0, -0.0, -6.661338147750941e-16, -2.220446049250313e-16, 3.330669073875469e-16, 1.1102230246251565e-16, -2.220446049250313e-16, -4.440892098500627e-16, -6.661338147750941e-16, -2.220446049250313e-16, 2.2204460492503128e-16, -2.220446049250313e-16, 2.2204460492503128e-16, -4.440892098500627e-16, 2.2204460492503128e-16, 1.1102230246251565e-16, -2.220446049250313e-16, -2.220446049250313e-16, 1.1102230246251565e-16, 2.2204460492503128e-16, -2.220446049250313e-16, -0.0, 1.1102230246251565e-16, -2.220446049250313e-16]",-1.69E-16,2.89E-16,-3.91E-16,1.930844167,0,FALSE,100
sfq_24386--33/33_2007786.txt#0_2,0,0.5,2.081038279,"[2.057220907325158, 2.0552449782636186, 1.985182938021441, 2.028305842996467, 2.0934097714637563, 2.108774988922678, 2.0348099645431357, 2.0293627252138626, 2.0212759012958523, 2.0799334428526044, 2.074137712885313, 2.0858559630375937, 2.0497087604834308, 2.036665725995832, 2.051507922606647, 2.042594744833766, 2.075938205742984, 2.068961955421335, 2.09870142382092, 2.069087571427829, 2.062261226104743, 2.090311237523174, 2.0630454337326114, 2.08829041971525, 2.028955233729688, 2.042213031198039, 1.9844677971714075, 2.043564063440886, 2.051911239490777, 1.994485354896009, 2.0759323098412112, 1.9801612440220295, 1.981686511179454, 1.9231134713041653, 2.0713428329761245, 2.0309995117953012, 2.0321718456408493, 2.0930626746174945, 2.049667195801063, 2.0912334893895594, 2.0337798514866563, 2.0589570930217405, 2.0510065526508017, 2.038548644349426, 2.0437820700619675, 2.060382253439207, 2.063133470989075, 2.110977093245885, 2.0669222518702837, 2.0145658005985103, 2.096070717520318, 2.062861362815667, 2.0613528450730314, 2.061635526615251, 2.0236959644687116, 2.0521166422142523, 2.0499498006664822, 2.0069009427869733, 2.0886409652463773, 2.006664801231513, 2.0686571645326777, 2.0606144435555476, 2.0370403975073033, 2.065952599808578, 2.059989154403666, 2.036483981868787, 2.0801060291672733, 2.0929140837828992, 2.050382969200967, 2.072350649633051, 2.059963624608555, 2.041358375732089, 2.092417229302102, 2.062625883836324, 2.0716219003756295, 2.070415379676248, 2.0722634403418487, 2.0062922775729244, 2.0491231715235747, 2.0794367094985438, 1.9871719236594074, 2.0353506666141294, 2.070254806696671, 2.0442385568683394, 2.059398808854755, 2.1149318029424284, 2.1026222134072667, 2.0170394208304345, 2.0735315462974278, 2.0173062374244046, 2.0411827147611383, 2.069156411337007, 2.0228593489372764, 2.0775960747288362, 2.1152992716214576, 2.0615053168053215, 2.0727501506997297, 2.0482654116224315, 2.097896777938335, 2.089739594095472]",2.054256087,0.033049588,-0.026782191,3.99E-05,0,FALSE,100
sfq_24386--33/33_2007786.txt#0_2,0,1,2.081038279,"[1.9864051318518703, 1.8107107391284436, 2.1186709272447333, 1.9912116684098937, 1.8808223125661785, 2.0603059540426805, 1.9006894267276824, 1.922216901077411, 2.0885570286907185, 1.985080758765932, 2.0888957397056065, 2.1046214891216724, 2.0747049568677416, 1.9767661575859548, 1.9315844877839727, 1.9544003200241644, 1.985426382495373, 1.812870097559248, 1.981358532954363, 2.0706749789207626, 1.9805020851193098, 1.9976921198830933, 2.0457446801079144, 1.8884273317828542, 1.8472112472626865, 2.038609609316525, 1.9641660561089804, 2.0176356596015896, 1.7511117899706576, 2.034321213157747, 2.0800779902954885, 2.127955799135659, 2.0256172768422758, 2.083789745717732, 2.067543994119479, 2.066068667887688, 2.0276222399329495, 2.1183858598125407, 2.0305487384629757, 1.9338572251303803, 2.060863058579495, 2.147277942425915, 2.0471608117514624, 1.8643502953872233, 2.1141183156884376, 1.9534557286552312, 1.967673558110141, 2.06335785201124, 1.9309942219044887, 1.964422083222033, 1.9448314125892403, 2.0055700778894296, 2.0634142953401593, 1.9785566469844273, 1.92855710888561, 1.9035815002870096, 2.065609467556871, 1.9030225503702831, 1.9742591698262386, 1.8872249768178315, 1.9581618558702254, 1.8055000242807182, 2.1169255616957114, 2.002418924665626, 2.0038110875335686, 2.0790153922658607, 2.032790857458457, 2.0274926331687153, 1.9451408070067278, 2.0720860527552123, 1.984104308675522, 2.0459716926500495, 1.965857389706904, 1.9780490536550703, 1.8476661627769693, 1.9554874359298313, 1.6894039940387058, 1.9029510698301526, 2.0127058285749073, 2.0954991770677998, 1.9915555955147624, 1.9804099362669192, 2.0576136413248047, 1.9901253223896183, 1.7657452785962227, 1.9936611178811767, 1.9455043579969256, 1.8695455075129876, 2.004719594540508, 2.0271524868948814, 2.0690087837020927, 1.9637994862801444, 1.9496587211123233, 2.017495711262203, 2.1180350681780395, 2.0205888183017087, 1.8927019167489052, 1.9509898799582541, 2.0323858827666603, 2.011911845411797]",1.987948127,0.087572907,-0.093090152,-0.015727087,0,FALSE,100
sfq_24386--33/33_2007786.txt#0_2,0,2,2.081038279,"[1.8301845864281074, 1.0639550477125475, 1.3635201598706947, 1.8794100667984615, 2.008136120222728, 1.796946342663311, 1.8493954843867875, 1.62171263770106, 1.649872108579357, 1.9199802831189452, 1.8396067057934669, 2.0836547508596905, 2.1218731759748737, 1.9077149426545026, 1.7165939717587553, 1.8278540908172516, 1.929253751968851, 1.9151537998228148, 1.947289420264219, 1.9950096979526863, 2.018704161990532, 1.439500178731103, 2.113932884803246, 1.8774089358846935, 1.9215715230129198, 0.9441128229400404, 1.9888587559576094, 1.400481049162498, 1.7958663602964804, 1.7896879071511345, 1.9537766096136902, 1.950908661165017, 1.7958481511717082, 1.818279643440988, 1.9885610139505274, 1.2957006948171312, 2.0448613739303783, 1.9337960848020563, 1.8730214455904572, 1.9616962430303964, 2.0157269755024583, 1.9751683861188403, 0.7183861106027901, 1.7289734853478236, 1.5995841849320223, 1.8566357765580612, 0.9932889348714601, 1.6186326855482742, 1.3427229473009017, 1.9573813607467156, 1.924486852350285, 2.125800850703317, 1.7304121895326376, 1.939221530142268, 1.9235643060525534, 2.0786287012262803, 2.0887120877935033, 1.5024330901732907, 1.9300493608171148, 1.910854736685439, 1.632655237384132, 1.6378114628155145, 1.5967620255576727, 1.4697843307045186, 1.5263063252847995, 1.2707874530537078, 0.9263766451148072, 1.9244177634195563, 1.9080630070307527, 1.5746991658387923, 1.0044957454749446, 1.8746992561459361, 1.6989936151699818, 1.8673800118858805, 1.6842331688369534, 1.913889685623957, 1.8043081242542052, 2.01342508868573, 2.0344745910563002, 1.7988101669456857, 1.9278112890119266, 1.8918812370504572, 1.8450552931916562, 1.9373925815301627, 1.9425656891870096, 0.9444646027817504, 1.9059869280015094, 1.6527177779275848, 1.6997113551926377, 1.9066293955268934, 1.3864267863183812, 1.9191765448185856, 1.8265128527569268, 0.7834813381504377, 1.4374594872308086, 2.006256845593257, 1.8128676669608539, 2.032853816191924, 2.0007123710041173, 1.640282844274282]",1.747969758,0.312225601,-0.333068521,0.003892093,0,FALSE,100
sfq_24386--33/33_2007786.txt#0_2,0.5,0.5,2.081038279,"[2.052788956094639, 2.078690617025968, 2.0628042368252295, 2.0779470815483245, 2.0541218678100157, 2.051387568624619, 2.041619730318989, 2.098939019549022, 2.007011468809274, 2.0549546185674465, 2.011537641040598, 2.0831367552000817, 2.060113801523766, 2.0332067804240737, 2.0875522003808564, 2.057234264956515, 2.10265384811591, 2.02542074728283, 2.0407526192128254, 2.0798250068303714, 2.0924397805919557, 2.0685458297768173, 2.029527653806672, 2.0566026612671635, 2.0940183652625777, 2.0277767273015135, 2.0634874161766055, 2.0440493830434683, 2.057988370800414, 2.0834071807567542, 2.095590243820716, 2.0585318881187518, 2.0851704259977955, 2.044469192518207, 2.0562663363846867, 2.06589552491817, 2.050042481565342, 2.063361300250131, 2.0013583561434887, 2.0509038171281126, 2.0789286960125297, 2.0640183480204946, 2.035032705862551, 2.1066331901706246, 2.072932101983569, 2.0633759537361014, 2.0983405554948162, 2.0585867891456777, 2.0681654691396427, 2.0522939523568438, 2.0383875061236174, 2.082494256997842, 2.0923455765686434, 2.069880534182852, 2.0905550349081663, 2.0668740892178015, 2.0496131800012343, 2.0693198696745903, 2.0547819643689222, 2.0156101549911063, 2.061051503841517, 2.042642276309031, 2.056373410453514, 2.0917867654027713, 2.0338648779583623, 2.076919846088347, 2.03963330123058, 2.087684719360618, 2.0423615262934187, 2.0851584084724557, 2.0375706042902664, 2.0687215583775953, 2.106093263128843, 2.0500069196789648, 2.040634559534618, 2.0726216984646793, 2.0539461847628075, 2.085167417686071, 2.03619826549171, 2.0110137524544243, 2.120978548503467, 2.0706532043659394, 2.006892487482831, 2.0683951299639363, 2.1011151855548498, 2.0762186107541, 2.0780773891315563, 2.0669678896258405, 2.066885471839061, 2.0553919909785776, 1.9997449316714953, 2.0586554660215435, 1.9781947368298465, 2.0493530742942228, 2.072427594031814, 1.9841988326254643, 2.0873526431356084, 2.0971103747229414, 2.1049635768596833, 2.0822029496066246]",2.060845326,0.02761151,-0.020192952,0.503266011,0,FALSE,100
sfq_24386--33/33_2007786.txt#0_2,0.5,1,2.081038279,"[2.0790043890892824, 2.019378864216, 2.0667706341818746, 1.8115902339126453, 2.1371010696032133, 1.9525087738946838, 2.027835173415041, 2.055369314726654, 2.035858974055156, 2.080574792783185, 1.9715721201157403, 2.0532662195235396, 2.0466914987444613, 1.7689322023556153, 2.028228086500646, 2.047642559133067, 1.936258146119041, 2.121190360878984, 2.0344368966993023, 2.0844827800602532, 2.0188461126647086, 2.042216025133991, 1.990575230493665, 1.843746382066377, 2.065300875098805, 1.9049623701693241, 2.014233982312799, 1.9166802257225408, 2.0300971200639486, 2.0772683295431813, 2.035809953213403, 1.8639578423632353, 1.880120195973998, 1.9765191710129915, 2.041694133180093, 2.0305451896990014, 1.9702267127992223, 1.8414896669896417, 1.882629488167406, 2.045061923302034, 2.028827858588529, 2.00561286976024, 1.9735340870234888, 2.0782488937281496, 1.9293960124079808, 2.0289288291022753, 2.046657723142378, 1.7787673137633502, 1.9544339720292203, 1.9794938989907034, 2.0981293397539504, 1.860757904024613, 1.9639601339798654, 1.9914375108496234, 1.8054477242899654, 2.0921534845270493, 2.068401724035632, 1.7014263040031166, 2.0726066592409658, 2.016230486664456, 2.016020796980543, 2.0617743152695787, 2.0675682594379317, 2.047057497098782, 1.7754009597632192, 2.011119676394754, 2.0946978512577754, 2.071226946249555, 2.1009013379236956, 2.0518228527066182, 2.0275709084124913, 2.0993696973899167, 2.0357790443288364, 1.649076709814714, 2.0093808649540565, 1.975636542293747, 2.0801602904657273, 2.0156649985956823, 2.1031705701141092, 1.823973684428424, 2.0564955011379693, 2.0122795604108292, 1.9805952520970291, 1.9918623297639244, 1.451561532654618, 2.0754182200178173, 1.9559416024572158, 1.897056872713256, 1.8980406990034289, 1.9518822280679575, 1.7698757180594125, 1.9159371850519322, 1.9977407233234528, 2.088778483339984, 1.9934480559866683, 1.9902496900169764, 2.0357989953675664, 1.9116713930599607, 2.0553971409553062, 2.0682487980363162]",1.985207805,0.110265107,-0.095830474,0.496252472,0,FALSE,100
sfq_24386--33/33_2007786.txt#0_2,0.5,2,2.081038279,"[1.9527066075579336, 1.8952278476658357, 1.8151022856454782, 1.7598688685120663, 1.5002271046426188, 1.2774586671062842, 1.8697263302141143, 1.9324692099036846, 1.5563772884087508, 1.8954890725111189, 1.682263194541126, 1.9589033396404427, 1.402907731661313, 1.7351648371939041, 1.781152335212137, 1.7225362233453605, 1.5573427958683523, 1.767610743684142, 1.9873180165084223, 0.7648681932158201, 1.9348020088517446, 1.6489119570056614, 0.7319813118154587, 1.9808050633317154, 1.7411211144199243, 1.7401655711842725, 1.8256166378325251, 1.8758462350128562, 1.803348388705472, 1.844981337102504, 1.8491281824154535, 1.3545022923485042, 1.9270710818642363, 1.8128654277927598, 2.00435754013097, 1.8343813570705196, 1.975342826989512, 1.4943381485841978, 2.042846707351993, 1.7810117674913297, 2.0395960278703056, 1.6583304035825956, 1.809856994442299, 1.4581276132811993, 1.0145271172351444, 1.2959709401227653, 1.7988284365712728, 1.8248550084730812, 1.8816886793152428, 1.8179914835910498, 2.11245524996567, 2.070130452718433, 1.950791962849151, 1.858372087730658, 1.3339547782101222, 2.070728742434371, 1.716863089566302, 2.0081999545151623, 2.0893545574186545, 1.911428002540971, 1.3556093622731689, 1.6603130261372432, 1.9919160115727665, 1.932461899729492, 1.950116219109145, 1.9636596941008664, 2.007647793215464, 1.7453646901592108, 1.7377598572609347, 1.5645050487239014, 1.972232006677625, 1.9500650827975519, 1.7112310118898741, 1.9030266834370977, 1.8134360065627595, 1.8601756782239303, 1.6226326402197127, 1.72291279090646, 1.844507338365036, 0.9317978490647664, 1.853415463385952, 1.985388156313705, 1.794289408602071, 1.9690282734325137, 1.9937458385032056, 1.4769294227445617, 1.9445212017411282, 1.316069130034404, 1.6492802922038752, 1.7711321630465846, 1.9786190519110225, 1.8369787089426102, 1.5768481492730593, 1.6332123371513176, 1.8279438854401888, 1.752258474537677, 1.7887643288051311, 1.3120451402622317, 1.654871359335486, 1.908435419827252]",1.750053441,0.267539793,-0.330984838,0.51513174,0,FALSE,100
sfq_24386--33/33_2007786.txt#0_2,1,0.5,2.081038279,"[2.0757705459057183, 2.0282950423875077, 2.09191982919126, 2.0791208048993504, 2.058561420684604, 2.0733322136865375, 2.020506251268942, 2.0608706545093267, 2.098353616416978, 2.055922740337874, 2.0622920009473056, 2.0625078487532784, 2.059048484665769, 2.0633945299067262, 2.0298735334601403, 2.0981733033337684, 2.0813691564086243, 2.0919917524523317, 2.0829516830011947, 2.043766769611519, 2.0681007930519084, 2.0356607742457498, 2.0530966952956247, 2.0507526931755886, 2.033182452051595, 2.0303708110047434, 2.0183274690643978, 2.0720141794050173, 2.05720392013808, 2.080540445658054, 2.088937599474092, 2.054912143129146, 2.0349481002014174, 2.0361927345302195, 2.0716543028669907, 2.0858272819868566, 2.0828850478022694, 2.0564082241241235, 2.097733716867005, 2.0727399527361006, 2.082379373164628, 2.0099705486544357, 2.028879198297705, 2.0545208080297854, 2.0719559389783067, 2.0110449472789327, 1.9992406262491829, 2.0932916540962667, 2.0761644055555926, 2.0503049313966124, 2.05637234972349, 2.080412969577249, 2.069866048310447, 2.094010783987188, 2.0322407587552576, 2.0891144310478693, 2.0744947073788356, 2.1233299871805253, 2.1064873598794245, 2.0753918661882174, 2.075736404730049, 2.0251791005150146, 2.092375181985828, 2.072653149513707, 2.0182992780615012, 2.0434570778475027, 2.064993717843634, 2.061890585546338, 2.1315798692599954, 2.0825143263584507, 2.0641802664516695, 2.1113077768048587, 2.0124831094698474, 2.077216846400826, 2.0576191297588573, 2.063953811928294, 2.0497544105481085, 2.0362668919129154, 2.0496256429759887, 2.053559488561508, 2.0630086437631077, 2.0704363579670915, 2.0734240504595505, 2.047662130376032, 2.0535267889417774, 2.007978739314543, 1.98652485883397, 2.0925085744330305, 2.0862546935320556, 2.033312387696929, 2.109887592178962, 2.0220447746827324, 2.116387733116769, 2.071695273395264, 2.090431533876378, 2.082473934130822, 2.0418147379613547, 2.064438251131835, 2.078766026575194, 2.0827318333412053]",2.062989402,0.027976202,-0.018048877,0.992291975,0,FALSE,100
sfq_24386--33/33_2007786.txt#0_2,1,1,2.081038279,"[1.884372736212283, 2.0260704335438517, 2.017016949493973, 1.987552321727318, 2.0831245357305055, 1.868127577742738, 2.084450819071363, 1.9800872267452265, 2.003685797828883, 1.9984142473341409, 1.8311752311959533, 2.0572177778052425, 2.044029089910608, 1.8113544180446999, 1.8963877437150023, 1.9227839512467895, 1.9353470620285738, 2.032863320136844, 2.0115118142262483, 2.09569328791381, 2.063568966968393, 1.9467347685838463, 2.036268084362638, 1.9844041912102868, 2.0965066279403795, 2.039807835726095, 1.897056388496131, 2.0252301207936583, 2.055477532948051, 2.0073012768020724, 2.0722004956773645, 2.0011371561228177, 2.048114781009193, 2.009912810852148, 1.9834911601924146, 2.052245175772706, 1.995639129840611, 1.855655146348469, 1.9260756341995091, 2.0194078504700173, 2.1152235413593483, 2.0622733341030868, 2.0567031854925877, 2.003932967772636, 2.0301838792626294, 1.9137129009345357, 2.0296987333636896, 1.9869685168392246, 2.080386497380287, 1.8579071733044463, 1.9579945019239633, 1.9362312798933157, 1.9449816159128253, 2.0645009045845093, 2.0107362159645885, 2.032441685594345, 2.1411666680583554, 2.0774040366713424, 1.984047146897372, 1.909942576999043, 2.0774545879166935, 1.9953716852165624, 1.9739267693110276, 2.0083359878014613, 1.9623825910287296, 1.9412250688840964, 2.107923995938165, 2.0193665617161156, 1.947712382000187, 1.9934211709712055, 2.0253927924653716, 1.8545195401794905, 2.115556610398538, 1.890800111781894, 2.0729717468001705, 2.0714418679473225, 1.9420803083343772, 2.101201998001913, 2.021114162476961, 1.8987252704595816, 2.043380802079059, 2.007433443490185, 2.0551401149575605, 2.1124234535476383, 2.0619160845834674, 1.8022597127365543, 2.0508004830831204, 2.003450203620474, 2.0513287918568883, 2.0286086899735385, 1.8704638799482072, 1.9632200768546682, 1.9889789334170784, 2.0192284923631036, 1.890974508882693, 2.1063874747498654, 2.011689042808049, 2.0857187793300063, 1.9996688965238152, 1.87886848421923]",1.999368044,0.07494174,-0.081670235,1.027112134,0,FALSE,100
sfq_24386--33/33_2007786.txt#0_2,1,2,2.081038279,"[1.925992253167315, 1.9988390021057418, 1.7903290901999176, 1.6838424040789797, 1.9596394133879937, 2.123340896482429, 1.8256958228594042, 1.7468073213136113, 0.49170756570973345, 1.9871074878862038, 1.6026170188216793, 1.9738809381044051, 1.8006907936108993, 1.66471209693879, 1.6311748695366441, 1.8204264685913623, 1.9356081835761867, 0.704985411095336, 1.9509802987826221, 1.536187420212542, 1.336161490266991, 1.7346910275239038, 1.8600601582590857, 1.7319174949362306, 1.7501696048276616, 2.0159865458851756, 1.9594944338809517, 1.5415511670082667, 1.3128421296708992, 2.0403441074354003, 1.7835576547877403, 1.8588812312998053, 1.781486776530718, 0.5243628984081262, 1.620344950604481, 1.6320087914585877, 1.325051688208657, 1.9817674740125797, 1.81526502336482, 1.7225707048095844, 1.5990555246291773, 1.2876670999728657, 2.0003350201665357, 1.776634299914482, 1.9744818646885256, 1.9610117979776396, 1.9147428523670078, 1.6845690241944247, 1.949457907971917, 1.9255107548286523, 2.0152352518567205, 1.896436035799881, 1.6828176391115617, 1.6900601921285336, 1.9958070412880666, 1.9447481168358451, 1.4942127079522853, 1.888585138417333, 1.7250341355826095, 1.5872268401801466, 1.8741012616334156, 1.7742042106402687, 1.9319465497824115, 1.8469432961210543, 1.8739426375638248, 1.9054784347248896, 1.4834776897963924, 1.821228104863926, 1.5575753530955017, 1.409927779846658, 1.8843682536001098, 1.8579982184513415, 1.8871697317370515, 1.6058095563780235, 1.791227727946987, 1.9195194369694835, 1.8521421562587241, 1.9197239753510078, 1.84571057642923, 1.7258755523304021, 1.737602647437664, 1.9052185832699193, 1.9997163453944193, 1.7876537293916104, 2.002974952323177, 2.047065323666824, 1.7952363786513668, 1.9203466015221935, 1.8202273137310103, 1.8484045970657519, 0.7617866012757433, 1.7153002615541242, 1.9550613837432158, 1.8908226806275534, 1.69582690831594, 1.9954865852071493, 1.5468026455826087, 1.4808120179267175, 2.0880229580241787, 1.9548281873995723]",1.751942766,0.293006444,-0.329095513,1.000130323,0,FALSE,100
sfq_24386--33/33_2007786.txt#0_2,2,0.5,2.081038279,"[2.094975967089935, 2.0669478430791783, 2.0526408547999924, 2.0887542135750774, 2.0489344586721776, 2.0619639205586298, 2.03677426170491, 2.0783718550989043, 2.103019571783401, 2.0292780744084697, 2.0551944715303847, 2.060733952413167, 2.0605217035618466, 2.099543772104268, 2.008341556221897, 2.0680191740527594, 2.0692826004159506, 2.0538084539124712, 2.0435692838816353, 2.063812729494588, 2.096134736468643, 2.0565341792186262, 2.0564663328001815, 1.9671087001412644, 2.0628562648838717, 2.043718840909057, 2.045429280778149, 2.0628856939015776, 2.075335447782628, 2.0400090506689414, 2.0451311185071, 2.0127035657601784, 2.077733444758514, 2.121212662004202, 2.00732073769051, 2.091530107167281, 2.0424953913032198, 2.06518272456826, 2.0612612753916686, 2.011976529512298, 2.0532370223073935, 2.0367548980438492, 2.064025038679898, 2.042616017229118, 2.0629659401680818, 2.125264743293428, 2.06238641572587, 2.014135759948237, 2.015862954361849, 2.0595117531410425, 2.0762472616343746, 2.0910268632137528, 2.0352335188106663, 2.112849844537862, 2.0182527199255986, 2.0694464182091004, 2.0422056190259585, 2.0904162066422005, 2.1123572509281625, 2.051158258898755, 2.070323178777072, 2.0259094895895724, 1.9984380401526038, 2.0396955597967175, 2.0545134724057124, 2.073911798765559, 2.1007881831251414, 2.076113148535364, 2.102301490111393, 2.0420747247607327, 2.0218183263822747, 2.0602092602455033, 2.0398532370121787, 2.034061827305273, 2.005447917142001, 2.0804211562609725, 2.0954635076060573, 2.0219789500612757, 2.054750713828396, 2.078504321832452, 2.0775841623142126, 2.0818768225659348, 2.0504637295891563, 2.03539197249684, 2.0555290679226643, 2.043690419143604, 2.045203952217895, 2.102939923130184, 2.0429355198859156, 2.031469642716616, 2.0599603715542223, 2.0860325097236547, 2.066840504309737, 2.0181871668428593, 2.0897524487569914, 2.0745414268662143, 2.0396420003909435, 2.03403126511324, 1.9930983730209724, 2.0404836797603827]",2.056697026,0.029418994,-0.024341253,1.9998829,0,FALSE,100
sfq_24386--33/33_2007786.txt#0_2,2,1,2.081038279,"[2.001368194491601, 1.7543484850728175, 2.0236595513099953, 2.0890246234741645, 1.902431679583044, 2.042738212869118, 1.9669856125438965, 2.0072847996258605, 1.9802508719461234, 1.8997028945064385, 2.0206583043573274, 2.039496356938651, 2.045166893401361, 1.9718825748873496, 2.0070012800292725, 2.096394032661835, 2.082229561556632, 2.0695928874289344, 2.102994755156376, 2.036535575106479, 1.8260917652263737, 1.756530713808072, 2.0117910023963606, 1.9581908180893939, 2.0370939451709664, 1.9898542341095202, 1.9552512882205606, 2.047226804201016, 2.06359998736889, 2.0101492293954766, 1.9145781091192913, 1.94026926582109, 2.038357613983074, 2.137395905436521, 1.8842216336128546, 1.6439665547174291, 2.0449053874504584, 2.0020766234446885, 1.9943966437322591, 1.9382607160327814, 1.9798827957448502, 1.8876914235937647, 2.013137824925191, 2.0871754590506684, 2.0423880552099054, 2.0607101740465947, 2.005427906499858, 1.9943673300346665, 2.0559244047597875, 2.052536206287743, 2.004081247129947, 2.1015346593766684, 1.9857578865762429, 1.9579206571079653, 1.9906490015105809, 1.9974280261812343, 1.966509758743982, 1.997189261274841, 2.0028408459344176, 2.0582161970846053, 1.8907976152190498, 1.9882312823647057, 1.8115128857481, 2.065339883183639, 1.9036448750093415, 1.7835767320011835, 2.032408045440526, 1.9843848150423478, 2.070470141573856, 2.067017650842969, 1.923844527453445, 2.0877188564275775, 2.012980357596022, 2.005604922809795, 2.117494934656947, 1.9725598206812962, 1.992791085934869, 2.0218597833906493, 2.0353255150298644, 2.069239535848519, 2.035289281470215, 2.077390222453466, 2.038771705282855, 2.0488220300015256, 2.076823147903788, 2.1003051352811557, 2.085418475865717, 2.0341075864628837, 2.0094899837893867, 2.0209244859083464, 1.9762192299008519, 1.915959873972929, 2.0497556999822466, 1.8581639552591245, 1.9484466397564209, 1.9463494103742873, 1.988835697885798, 2.067908618377894, 2.010009496245005, 1.9272012397316276]",1.996283197,0.08314271,-0.084755082,2.002806998,0,FALSE,100
sfq_24386--33/33_2007786.txt#0_2,2,2,2.081038279,"[1.724969541931576, 1.8748495249210086, 1.756944032703168, 1.1797965957661454, 1.4038556855235804, 1.240097482229721, 2.020355789010014, 1.3220774906800568, 1.925425592382615, 1.8530761036899381, 1.9393629091761666, 1.8190503411987888, 1.8113381538842754, 2.0784914646543, 1.8840234653129657, 1.426097864853369, 1.781517231109417, 2.007547765954874, 1.7784729591999615, 1.3302969726907536, 1.8516702737263064, 1.810277310788606, 1.885419676134864, 0.9307864111314064, 1.9778326240403197, 1.6979085385733945, 2.0661126899967766, 1.890882437204708, 1.8207724865759742, 1.7177650311101829, 2.062478268399137, 1.9939763971848363, 1.9655856462604, 1.7842817774676905, 1.1901144056546524, 1.887152977104597, 1.139018874196106, 2.0462635520058567, 1.8374820146680808, 1.8862860540578046, 1.2189845274130835, 1.657056592816487, 1.9206174871379587, 1.8036002076656208, 1.8976737796621659, 1.8061912938942029, 1.771058539491291, 1.9341390588456489, 2.0295316650642414, 1.8906056851066493, 1.7473059767395045, 1.9687440963206648, 1.5062541468456092, 1.9758014797311196, 1.8068135306720579, 1.919864139011155, 1.6004124434751967, 2.015577013873975, 1.7964572417356517, 1.9510872614682733, 1.7956519116868315, 2.087095266219239, 1.8604913693108904, 1.606427477392032, 1.7073492862078279, 2.037230732840334, 1.4420087972101643, 1.5790519550756885, 1.7671375202869652, 2.0629824106357804, 1.8956011138821676, 1.4752691537539433, 1.5641186348314284, 1.7823050775414808, 1.8680871466882265, 1.6925629797389656, 1.897723254287246, 1.6405062642762236, 1.0445681561305686, 1.8831679502131002, 1.8546104030160717, 1.4732902326019308, 1.7163553297094811, 1.9360645386458681, 1.893735191756905, 1.6056196038235206, 1.5662064524411472, 2.026306944597692, 1.7442476155579705, 1.5498444640153222, 1.7397938440125147, 1.6129791936244293, 1.4416736764818028, 1.9435625691169025, 1.994985866388153, 1.947553646265352, 1.9414948830367709, 1.8629439445950928, 1.644632276913678, 1.961396976818486]",1.759641247,0.246322041,-0.321397032,1.962971331,0,FALSE,100
qb_3702--159/159_370045.txt#0_0,0,0.5,0.166889189,"[0.1541126664120879, 0.14566538371407384, 0.19749549557850277, 0.15417561910473648, 0.1627459053639227, 0.21900034606141167, 0.17177328909552259, 0.16075448171293433, 0.11902994550262555, 0.17875148614872194, 0.1857486460078042, 0.16553547771140234, 0.14689494519012336, 0.20672897128353007, 0.20963534112404825, 0.14021226530965605, 0.14367427933019852, 0.13730135402304755, 0.1542631085904344, 0.160237731324282, 0.18738953312415743, 0.10930134329222296, 0.13045570097140427, 0.13366114280635333, 0.1598990547356818, 0.15215598130286279, 0.16759817574092423, 0.19927396074219966, 0.14929034909984573, 0.1166887739601219, 0.12498337074187768, 0.1325788900033176, 0.14209282022815017, 0.17744068599290588, 0.11038817913805249, 0.20210434317444598, 0.23704849923200633, 0.15984746962945603, 0.11990503202645927, 0.19345367062333807, 0.11250133150414841, 0.1873570217294806, 0.19191265838866517, 0.23798829271441546, 0.1518640987436533, 0.2223660892828431, 0.18388023096080325, 0.19280683010702723, 0.14578750480120134, 0.17657995302878324, 0.17548227098768815, 0.10756797291050783, 0.21872485290112442, 0.15635847449881796, 0.1880221433586684, 0.1937805167590119, 0.13203226582313196, 0.16765311308502026, 0.1508615484588267, 0.15850273893460617, 0.15644127869643418, 0.13145223608461096, 0.1630525126572794, 0.1918792375854278, 0.17438752440261296, 0.16301875068268123, 0.18768802370040089, 0.16260248503492278, 0.17917311391097032, 0.10043002837095938, 0.13721940138968358, 0.14362188028693276, 0.10689830670478861, 0.21773061579352387, 0.14635119100464736, 0.1221574644884654, 0.13769123815059456, 0.17340447982008975, 0.18236412353553988, 0.1796311433954715, 0.2534214115402209, 0.15842759670950274, 0.17221551204195534, 0.1446923206344778, 0.1517364019172094, 0.12729689371365352, 0.15343618891402364, 0.15739424220699655, 0.17412096425272944, 0.1903849892310106, 0.17441353961618292, 0.15574090361836107, 0.16097585182177254, 0.22217675426593061, 0.12162627845151129, 0.1472988926821009, 0.18281362589609584, 0.16573714638229226, 0.16905729864630856, 0.1794733810156081]",0.163909589,0.031161041,-0.002979601,-0.004848558,1,TRUE,100
qb_3702--159/159_370045.txt#0_0,0,1,0.166889189,"[0.19492232424486197, 0.18463562829330568, 0.09772845786600423, 0.22937795935083186, 0.18762862338265893, 0.14533678397091526, 0.15482239155761673, 0.16401007682237723, 0.17090012249827977, 0.16997003054873766, 0.19309258629758563, 0.25408094175128026, 0.17610876894244287, 0.20321901588219432, 0.19509622060185808, 0.12941338305094358, 0.17873708518051207, 0.2042098129952689, 0.08170755753557028, 0.13266941682013045, 0.1199870872031577, 0.1292530436259683, 0.1409698601831377, 0.15389256348519606, 0.05693972183911608, 0.1242640492199009, 0.11328801207032899, 0.1342267639448985, 0.1851471068277514, 0.12433063345714211, 0.20649557330459464, 0.18935633918180714, 0.0648390720694849, 0.15215200771296297, 0.15606061441286456, 0.24479161976946648, 0.2671629693583365, 0.07092931316067201, 0.14495103891468009, 0.12362000718840722, 0.07317224974308359, 0.14747861011242694, 0.08177920075405092, 0.10915955162665189, 0.17458298695820346, 0.08046305275692378, 0.16199253353224452, 0.12458829372978254, 0.24770842420855985, 0.12451310483516694, 0.056358193892684934, 0.1784913466790132, 0.11589471027632675, 0.20778798728210796, 0.17655638411149524, 0.11230979767700322, 0.19535079901449243, 0.17670889872477502, 0.14687860744774917, 0.12373118703526266, 0.10967847295285495, 0.13069836910658675, 0.07096727349866716, 0.19647385891645874, 0.14480924552755042, 0.07957446766598728, 0.07578132990186467, 0.12361872152639564, 0.158617618891711, 0.16140126294448026, 0.23592574614995745, 0.16911767264093241, 0.1495478531551324, 0.18639191297750826, 0.13358549591168356, 0.34886745666705954, 0.11705540923142028, 0.17626981181069046, 0.14721983034306235, 0.15692449950957343, 0.07426070733510354, 0.13432151356017383, 0.10672105791240637, 0.2459207898490134, 0.1597353111247209, 0.06759143392434794, 0.10791360356744853, 0.1106346507113522, 0.22350407996716698, 0.2802668308102845, 0.06494639907738729, 0.07185755605548798, 0.17257832259415168, 0.11011095202854777, 0.2034512086958634, 0.07241592382803012, 0.1770437545996337, 0.1287983895092022, 0.19133971691568064, 0.1345564952147487]",0.150763255,0.05440365,-0.016125934,-0.019320476,1,TRUE,100
qb_3702--159/159_370045.txt#0_0,0,2,0.166889189,"[0.5359915453393861, 0.015994362841439985, 0.07517994950835293, 0.04167723973564224, 0.04108629781007277, 0.21482025265602597, 0.05854512228967489, 0.08702354178335611, 0.11906736750812398, 0.05370332367124583, 0.15205944303056834, 0.07128403895045643, 0.03623481206472267, 0.11753180473449841, 0.05479690045408773, 0.026411822307550695, 0.03613407057852982, 0.139880060414997, 0.037144385689066764, 0.08759254359701113, 0.21791516806271974, 0.2574880117012981, 0.014566245594961974, 0.09524273095529878, 0.046687739632073615, 0.12489377985516249, 0.0766364672467478, 0.517467309214569, 0.18586410187066144, 0.03193306964994798, 0.26333061163809635, 0.018256026403012906, 0.12160665594871461, 0.3338680924138504, 0.07990242215126002, 0.08575711799960649, 0.10662948200780963, 0.02431144452549816, 0.08366242160894799, 0.19740919285670883, 0.014752079315174579, 0.12735025732086577, 0.13432075054659876, 0.029524277955838105, 0.10613839887931034, 0.025860558985685025, 0.05724419622896035, 0.06764256516483944, 0.13776040493469194, 0.05173535496060903, 0.4128394113139534, 0.22282134794360248, 0.11748438126826524, 0.04258971183446973, 0.07120666624281238, 0.2040835968571979, 0.04619788311135956, 0.018879488328735122, 0.09110630650742838, 0.14155188308339645, 0.23134436254195934, 0.28832293872615467, 0.09332501751923127, 0.15733343930756766, 0.17329142744358697, 0.14849313831608194, 0.41105642832037304, 0.025311798199126115, 0.1364506751914872, 0.2984902940608692, 0.07768744180299304, 0.06905293098672381, 0.040556529112981125, 0.08402099476723082, 0.010638229729559915, 0.10291440950640254, 0.1984543826198275, 0.12692198406549587, 0.06477746523361125, 0.07593334450791371, 0.059157424588457505, 0.023400267320840513, 0.34298977306709877, 0.08454453055972952, 0.039912584819416785, 0.050346945675259755, 0.16747820130978167, 0.10459947044407995, 0.09098492970751303, 0.01810693961298419, 0.14480790200047858, 0.05516347779564401, 0.057378301380129525, 0.48434212157286904, 0.12033079081372636, 0.17316470345876178, 0.02777351692432192, 0.03445697503312265, 0.020941926511112027, 0.14481384163482425]",0.120657484,0.109778644,-0.046231706,0.014445652,1,TRUE,100
qb_3702--159/159_370045.txt#0_0,0.5,0.5,0.166889189,"[0.1683019801739326, 0.17173075846447772, 0.18246095653302805, 0.15406033483439996, 0.14141143662744052, 0.14106261238225748, 0.16994407862708488, 0.10383919783597813, 0.20867896581890238, 0.16086907521918728, 0.16176176299025197, 0.15709677192925522, 0.1533575676513549, 0.14135404284699546, 0.16391248283664586, 0.19131033931074048, 0.19209255325593386, 0.13290453117046178, 0.17589344667191698, 0.14841709448341484, 0.10358458424025309, 0.15220346005260782, 0.1525471203179399, 0.18476334164453645, 0.13009459476594296, 0.2090735358943177, 0.09715265185508293, 0.14077013490776902, 0.15260260682131518, 0.16478954212980898, 0.11362512124254853, 0.11031175376752193, 0.201419495347486, 0.14176122285332712, 0.1951198965848098, 0.1698602569304704, 0.19628634947537732, 0.15373847776898805, 0.15321334005132414, 0.199564526071321, 0.12004225822415875, 0.19357753604345732, 0.15035877734527892, 0.15567462721083059, 0.15132891920275687, 0.11189571639745252, 0.11950663180698355, 0.17099176590422835, 0.13784724618839367, 0.1395082802084822, 0.09312433443878845, 0.12864543990992156, 0.22539754883663626, 0.15866706471537467, 0.16348842526753893, 0.14776712468762107, 0.11520218461900825, 0.115807502766825, 0.11486322914084805, 0.19736590641909232, 0.13004549428231685, 0.14689839487068154, 0.13698221719969728, 0.17006100846398828, 0.1541609847604704, 0.2776600276038302, 0.13650710592066093, 0.20234212201763802, 0.1587559434447121, 0.19627948437278914, 0.11815205137225177, 0.15757829529820677, 0.14765911030134962, 0.16810509912658028, 0.18931416214942628, 0.1652946036132877, 0.15429372301404512, 0.14053688562452502, 0.17937563049218871, 0.1296421444165085, 0.16970808913671864, 0.16821942528384717, 0.12537279190663003, 0.15431667786351416, 0.10895881325383631, 0.1941829690708527, 0.19473850851312266, 0.1718463277826999, 0.18987617516028465, 0.12092691851751552, 0.12624912712326858, 0.11292764825810794, 0.16134647786925296, 0.1918739443218348, 0.12871280344475527, 0.16373101448757904, 0.17192897089312084, 0.14306082211593601, 0.12799384201213695, 0.14801857052527015]",0.155876369,0.031047309,-0.01101282,0.483304351,1,TRUE,100
qb_3702--159/159_370045.txt#0_0,0.5,1,0.166889189,"[0.09702545727013515, 0.13240623067696303, 0.15853453145584637, 0.13416269381997487, 0.16247894879014435, 0.10668322893468801, 0.16354695813813475, 0.22704136285504525, 0.06589057746808857, 0.11995409839762826, 0.14506429115382372, 0.16226538722131525, 0.08645526821588581, 0.13286161227175075, 0.18140764632043055, 0.1316100857842036, 0.2131870222029726, 0.10561541471009464, 0.13246596970821767, 0.22328457948313868, 0.17434517027693064, 0.0627445689295783, 0.22484714810486728, 0.1048053472653297, 0.21978979321414482, 0.14547277237955103, 0.16600298386581064, 0.11516088743219102, 0.1382780180562874, 0.09257048462642378, 0.08803152473146666, 0.11428326674039704, 0.18958463277361975, 0.19670666984296573, 0.09152532893336103, 0.22266732711508738, 0.18142888649350286, 0.300122577759989, 0.11113067087437875, 0.07328201668597291, 0.18323966134469624, 0.16748732272177788, 0.09442794141105074, 0.13003540598729368, 0.0997958831669868, 0.11046131838459038, 0.1931243075666359, 0.061281961007453256, 0.18017617958975016, 0.07765867894907146, 0.14477741688819834, 0.07732389533665988, 0.15231209970070128, 0.13033388015886113, 0.09712094055892345, 0.09802646280620633, 0.13879043643433048, 0.09274293726171767, 0.1700310603654771, 0.09555907150882702, 0.17495562169146325, 0.13808539941708753, 0.16225372881155, 0.21661658340645665, 0.2227076926034444, 0.11547171674837277, 0.200899873224522, 0.10383594852538854, 0.23075705287077358, 0.18263508415514165, 0.17321235955929762, 0.18817280927187735, 0.16999708894383614, 0.24532854374950688, 0.11674812943156744, 0.14218387539480262, 0.07146531519363307, 0.08652712765781562, 0.13416778535606408, 0.04219610542050399, 0.13889603723230598, 0.1878903012243254, 0.1610000465396808, 0.16059288044649866, 0.08914477069739907, 0.24655952957935667, 0.26014992022207484, 0.19461394867578966, 0.13604233763499693, 0.2112796759158697, 0.14124236490775627, 0.12223930156430833, 0.12946402809027624, 0.07890631532157066, 0.32547750615266785, 0.1605775953632244, 0.08799773271215622, 0.2688952048104544, 0.11057085525850334, 0.24209092538480909]",0.149612774,0.055765164,-0.017276415,0.526801621,1,TRUE,100
qb_3702--159/159_370045.txt#0_0,0.5,2,0.166889189,"[0.6436059901028262, 0.29981864945091985, 0.057501830001810215, 0.14922337610840516, 0.188080315853096, 0.022793845053364924, 0.08798476443572986, 0.08099726629021844, 0.18756438076251952, 0.07810812700655063, 0.11925656917934899, 0.056480902624774745, 0.09412099361760383, 0.06922484126253949, 0.044442651158099894, 0.11734043363637804, 0.10214262833207105, 0.04592147624579513, 0.20137072279819523, 0.08213565594295442, 0.061533597248347754, 0.045066524379815225, 0.18182694986650572, 0.04997969415855076, 0.05983320255797164, 0.39947901926608953, 0.28324629590641853, 0.07190302582789698, 0.05697371191850252, 0.022186160854342506, 0.06214412432014377, 0.1613213144562791, 0.08570233600244564, 0.21155226655134446, 0.0411524283666782, 0.014472710015711753, 0.06306823030682397, 0.10526459701193563, 0.13102239897606238, 0.007517852594071207, 0.20030690186267797, 0.01694151710479934, 0.1967713002648561, 0.08520553791752175, 0.09632191480390251, 0.24561341214984403, 0.13329322257635406, 0.2496480768524394, 0.04938421911612575, 0.5943838647060699, 0.058175975734311644, 0.15777649085951564, 0.042522646405160104, 0.04998578300793123, 0.022584877726368434, 0.07600837850501053, 0.06766946700934044, 0.030471552934541644, 0.0270454548854566, 0.38837643606113553, 0.47059445703075803, 0.03812377769302641, 0.06676454421111427, 0.13386993199987013, 0.019115591914284445, 0.14717642948426646, 0.03338365187450012, 0.1013452573088661, 0.04820821758366664, 0.1594339874373609, 0.08003004972523226, 0.058447366200657186, 0.010575334624217385, 0.06333722381495083, 0.10914610669186613, 0.2585756902818523, 0.03572758638860433, 0.04852592491215932, 0.09721800010651044, 0.10612876276896592, 0.10838520463143975, 0.3682809710945503, 0.04457070463912033, 0.038815559465666005, 0.10075749527155023, 0.18519047478271944, 0.021362885656501778, 0.22758493556944018, 0.05293859658011946, 0.020325268437014134, 0.018194865033682856, 0.006944621579729463, 0.060890033096981086, 0.07967915034619016, 0.03852912550495289, 0.25868175315508096, 0.04620074253823157, 0.10622495914293593, 0.042873469098378164, 0.0047413265330203975]",0.115487489,0.116623372,-0.0514017,0.455254886,1,TRUE,100
qb_3702--159/159_370045.txt#0_0,1,0.5,0.166889189,"[0.10780115054508495, 0.16692187143163814, 0.15040131947658256, 0.17277033179302426, 0.20993897232362613, 0.18980781907968022, 0.17183566659840507, 0.1907546434079314, 0.1663834609832132, 0.15415036356173134, 0.15394480181149872, 0.15888322701450178, 0.14990251763595883, 0.2118621979676861, 0.13119920597783719, 0.16223022150547114, 0.17383956265239245, 0.15021916961971135, 0.1806845824843379, 0.14049520849510458, 0.1515955751354856, 0.19067711493005834, 0.19926081640646676, 0.2000970100027501, 0.2560099523450284, 0.18163538901804022, 0.16231438694736763, 0.3036886195142791, 0.0945709842823432, 0.17139383562321256, 0.10676459016576716, 0.1522686347891998, 0.16944640484129847, 0.22641840515458214, 0.1805536864612856, 0.14869703021324662, 0.18343243723010005, 0.18244257611963005, 0.17358693771525055, 0.1620687699514251, 0.16769974072219393, 0.13994757443647224, 0.11555119211925598, 0.15145236918539198, 0.15907415976466496, 0.20534699911432555, 0.12336137573808181, 0.20994239257755642, 0.18341818884074407, 0.1811199451094746, 0.1768957028638025, 0.11677246421005713, 0.2081529586272134, 0.16512955881680771, 0.1433208792732178, 0.16480834135830183, 0.15690142694100703, 0.1512007647172113, 0.13539156009394088, 0.1742418333429385, 0.14431974474958986, 0.2115806509367527, 0.1641628339168834, 0.15431930603201624, 0.1433120643567525, 0.15396079227951223, 0.181898626842805, 0.14452669635923954, 0.1256140969697693, 0.22832922034118655, 0.14849076677974166, 0.17231397297293757, 0.11163690422966513, 0.19290840301307072, 0.18749374986426504, 0.13795809051193336, 0.20034264386420492, 0.19414442947306035, 0.19930192433205285, 0.15008328409794888, 0.12127224538319457, 0.15092182549565236, 0.12734921825604406, 0.188088351851288, 0.24502565179435104, 0.10605817785304439, 0.12528035856875455, 0.128293161683338, 0.1460517447223319, 0.18253438698231436, 0.2106316383588278, 0.12318430152340186, 0.16297536232643076, 0.13612234633251485, 0.13586356146447917, 0.14364258193158985, 0.19477468641989096, 0.24993447219123888, 0.12679023958999341, 0.20708708917013974]",0.166792585,0.035296926,-9.66E-05,1.021016486,1,TRUE,100
qb_3702--159/159_370045.txt#0_0,1,1,0.166889189,"[0.1202914718714367, 0.12804721529513222, 0.16700222669976228, 0.11066525214161539, 0.1706957508768598, 0.26671838798463654, 0.18841246396758757, 0.23335752044668126, 0.20731931542488674, 0.13293242019478785, 0.08790898291815452, 0.13129660570910745, 0.30473143016144777, 0.17585731449819464, 0.16024355133303347, 0.19433570488637608, 0.10908513407333552, 0.1671933171662801, 0.15165528075751475, 0.28078023293988474, 0.27994494104602297, 0.12527045634505282, 0.09701413477736925, 0.18482193017727105, 0.16112837627508564, 0.293902578321792, 0.22989884156389026, 0.13600495895729178, 0.10276581630551278, 0.10745037912669551, 0.14066152008409513, 0.12660168381679204, 0.1764626802742187, 0.08760475258161313, 0.09549791118782819, 0.11368859653912952, 0.12545643992657024, 0.17490945647168682, 0.13986272113774859, 0.0569435995654019, 0.21016398172509665, 0.21135969659581652, 0.1508650153709126, 0.0953377217759848, 0.25022765156551485, 0.11543902756551865, 0.1480268547823064, 0.11387895293891986, 0.1829441278629755, 0.055498124862258316, 0.1864186845540903, 0.19975913205524592, 0.17292540680396917, 0.2155109791870751, 0.17757136469240348, 0.24630329066833556, 0.26424011518579305, 0.05585758179351832, 0.21094670041735505, 0.07006406258559986, 0.0999082681760905, 0.12271515349216647, 0.18553335108908542, 0.08258909357233513, 0.11154554857454727, 0.21998370539754014, 0.11769141827643717, 0.0872403860871902, 0.23377842321474604, 0.22997984304734684, 0.09161064198392789, 0.07977860765689734, 0.11198353806749017, 0.11284668923232623, 0.1221575361793842, 0.3002539343722029, 0.3551825655059201, 0.1800511810737874, 0.09358715050523886, 0.18412196420285679, 0.24194709217549334, 0.18921467237232859, 0.10458516471773048, 0.1067439659502645, 0.13062114066109512, 0.16441811552446697, 0.19508883785010908, 0.1642377904108463, 0.17056663940783312, 0.10596629288482591, 0.21143286535897252, 0.13557116163759672, 0.14061284502811583, 0.1977429612734235, 0.10234114894493312, 0.1119947184142997, 0.1802613476507134, 0.06332150434802179, 0.10925463212053016, 0.19323904478022627]",0.159194608,0.061941641,-0.007694581,1.024376406,1,TRUE,100
qb_3702--159/159_370045.txt#0_0,1,2,0.166889189,"[0.009717200963803433, 0.207784238059559, 0.24502424700007103, 0.222447202320617, 0.09160823914820874, 0.052732823025168074, 0.16554993693066775, 0.059762803357342686, 0.28298665995772476, 0.0340145089378849, 0.15100116063059713, 0.08870077698780371, 0.0385949164444359, 0.14401181881771047, 0.14262607618504625, 0.10218059908846816, 0.12340961141781046, 0.025491508260115477, 0.030457144130997798, 0.2049148446099802, 0.07685290723817585, 0.23369955848504728, 0.28027073181706613, 0.05259778244040981, 0.2533118915804441, 0.03625999455649071, 0.04924012568181162, 0.2274700415547837, 0.018781945222776132, 0.11117779448280926, 0.18052271767645728, 0.08456550043848651, 0.04428248068754367, 0.10205580123519496, 0.07262438708944172, 0.08080852945065535, 0.08278656051666872, 0.048223262633031505, 0.03285319085868953, 0.19874027496957908, 0.22019955050568635, 0.17121067050355504, 0.12021468047772806, 0.008818289786819158, 0.07515488022635854, 0.027498181319637903, 0.05297561886094283, 0.19434767626198224, 0.04826077547247633, 0.24163112014812574, 0.13377899635232568, 0.09050491349134308, 0.3262117829407634, 0.04786053831979536, 0.07232403318870564, 0.07104076337437248, 0.24283000093004914, 0.09273033176328341, 0.06783713060894683, 0.22906741498660538, 0.10968251457204575, 0.3270418247521062, 0.1223446472888683, 0.047530324346488795, 0.048146580247463364, 0.11284136952074043, 0.24653371696793444, 0.025821545966341272, 0.20099696880972828, 0.06437089656623919, 0.1019432944745049, 0.16855534169290326, 0.03824163570678259, 0.1537625629430947, 0.29443172927741385, 0.05299802103098, 0.15263345964569291, 0.21591987150056555, 0.026857284708495858, 0.23003132880893995, 0.08086260111477395, 0.026626095595026798, 0.31788576045295214, 0.09098027669761216, 0.2876049251726261, 0.14201350239470317, 0.046005866285011895, 0.07390167585502437, 0.38342796609118557, 0.11188202482031143, 0.1073890346960687, 0.1915458140180385, 0.010987039254650135, 0.0554567549370299, 0.07604792509187551, 0.3043849042187634, 0.08681386847218023, 0.06891937054257675, 0.044883154977660815, 0.04248742150439953]",0.1251543,0.089255763,-0.041734889,1.031044758,1,TRUE,100
qb_3702--159/159_370045.txt#0_0,2,0.5,0.166889189,"[0.17270578694020305, 0.15912900750220219, 0.1436058680369311, 0.1709018767080473, 0.17399570490907473, 0.20256508573661364, 0.2450755056328038, 0.13737133403948198, 0.13818373178280874, 0.13341623558531637, 0.17027449164396324, 0.16920268524263934, 0.19784050719831603, 0.09871922720846803, 0.2168238334245963, 0.20733344478934151, 0.14215888204196644, 0.151496552296907, 0.16666415429269532, 0.12721313097928652, 0.19387156591812435, 0.15449251764285202, 0.13562887635536763, 0.2113291969616238, 0.14959015052283833, 0.16047313760370113, 0.24198483031310825, 0.16469927623806957, 0.1648225899427897, 0.1577316589024009, 0.14990906629444, 0.19462785485034476, 0.14644876090321715, 0.16720656311503343, 0.14074443740199377, 0.10584625981977672, 0.14690191116824963, 0.1484464140237453, 0.16685756853319503, 0.14551797286492701, 0.19801925311225077, 0.14268653578303064, 0.12607344545827334, 0.22347771173407446, 0.17586879867233476, 0.09893709197522654, 0.25933907318157795, 0.2177470341821385, 0.16012332400618295, 0.1881504798115098, 0.16128747180174582, 0.2553483949559948, 0.18321687354839322, 0.14746215384617745, 0.14762304567479262, 0.17019651266189653, 0.1647140287577715, 0.23688431667933849, 0.15226700716187822, 0.12441759939582529, 0.14829220385622, 0.15910012670400792, 0.14677241522330922, 0.20280442945620208, 0.18019162400963218, 0.20677643551703023, 0.23088386365394153, 0.1718462041986739, 0.20044553237154342, 0.16750413947827236, 0.1632938336774428, 0.09606382511826564, 0.18748151362421822, 0.15533271710491206, 0.1878368167845073, 0.12976551051872218, 0.19052424105658858, 0.255021474260596, 0.17375513754200253, 0.2222470105059458, 0.14132298132652715, 0.18585847347775514, 0.2168149706919822, 0.16458144328445667, 0.23669897863850634, 0.1725768887406103, 0.19366855819031478, 0.14052342998393094, 0.1477965050919055, 0.16116887549031458, 0.20097299208528874, 0.1558352943793001, 0.1643944652647431, 0.13534100367037408, 0.2078843710569598, 0.164547158826953, 0.15580535126768616, 0.12936806985793847, 0.22434368172682742, 0.18607674725875378]",0.171671671,0.035169704,0.004782482,1.993117154,1,TRUE,100
qb_3702--159/159_370045.txt#0_0,2,1,0.166889189,"[0.09641797685800917, 0.10674867726179157, 0.093254915034442, 0.0638952309243951, 0.2184196989010719, 0.20775252701064875, 0.13265602885794686, 0.11729777120694761, 0.08548873148459743, 0.05525940541986129, 0.06653136637251436, 0.0724274200282565, 0.17416388670728794, 0.10136701673286627, 0.09895033321006619, 0.14960206975622223, 0.14285225657960943, 0.12079502961286956, 0.13390398389268837, 0.10455941197497977, 0.06850623299686945, 0.0836382724323168, 0.18041199040576356, 0.3076423998163687, 0.277341865837226, 0.14098961267054427, 0.143304395023098, 0.12766371854315253, 0.1085791973471369, 0.07840953528466654, 0.1765725102346703, 0.23812982259444906, 0.11628488641973134, 0.03442469918504769, 0.16277173179779617, 0.2158587371184818, 0.0643023748593535, 0.136471676347763, 0.19008076084215494, 0.05666078549323329, 0.12348650797940029, 0.18586451853063157, 0.15205131346589817, 0.11464601677197687, 0.21309209525306838, 0.11231084147679449, 0.11817764801784679, 0.17028001662254788, 0.11570064464962987, 0.3258850436366907, 0.08440652915206512, 0.08647937691758097, 0.1359108149832416, 0.12382865867250642, 0.09086872672195219, 0.28100520254164146, 0.33663709795093233, 0.14356418241270236, 0.11491041824834085, 0.15171139766583708, 0.36936998265731313, 0.07972216395128157, 0.14582341781124866, 0.10875800570171491, 0.12664352209019025, 0.30622256603065656, 0.19487527977020463, 0.2958605655885723, 0.42183668052314005, 0.1258095195298653, 0.10508349214236302, 0.1760302827865054, 0.06196348678589348, 0.2401461818910398, 0.12017621680880182, 0.07157065822352164, 0.3920211695461468, 0.049657789354981545, 0.07970547623318962, 0.11911239108101508, 0.10270841744804289, 0.11166829052817141, 0.11144838744213095, 0.13427483570251159, 0.15320305377862486, 0.1656510556108164, 0.13304771441987906, 0.1913653781837041, 0.17823795445503537, 0.18025774530868502, 0.15475920698836376, 0.12380471378177105, 0.1188820111047724, 0.058865674187833804, 0.039890080875070996, 0.07709024774929435, 0.14317734013546485, 0.12786550794680138, 0.1381265753306622, 0.15416047772562064]",0.146200795,0.076641044,-0.020688394,2.011166216,1,TRUE,100
qb_3702--159/159_370045.txt#0_0,2,2,0.166889189,"[0.3490409025318749, 0.02623494043008849, 0.4332865607266876, 0.007444586514792303, 0.17462897088006216, 0.04490753928721943, 0.07926385719599273, 0.10337167106845792, 0.036177804302734366, 0.05271167514127541, 0.053469714365555004, 0.009250976930402072, 0.016753099814954018, 0.01708650549305128, 0.02302291341828618, 0.018747234906148096, 0.36964378563880496, 0.13107132968878676, 0.05233599420063266, 0.0076257694699577595, 0.0769054006783821, 0.05668044936521197, 0.08385954229598522, 0.3353344872758571, 0.1184257170848547, 0.3775764362573001, 0.0444368761350282, 0.03309035829653253, 0.20147589196225754, 0.1985228809077776, 0.21016515387024015, 0.04879686001086951, 0.18124919918791835, 0.02435195001173111, 0.32585114165555296, 0.05249985604494422, 0.05589229832789079, 0.039960444229197305, 0.07873876411915247, 0.12839161538160324, 0.16330442767099518, 0.06256794855102955, 0.22695788084748103, 0.3992394929488438, 0.023255992551370355, 0.06325843382124036, 0.035233294458229404, 0.02729148845089578, 0.015394037685232875, 0.10959587781067494, 0.01922115185320103, 0.1272635247783562, 0.15374418030150114, 0.04760094981944032, 0.07098053418538522, 0.10302715901836525, 0.1964317258218827, 0.050946359051053464, 0.14325984172016815, 0.04236842350103445, 0.24382187733438937, 0.12676743847238672, 0.24399649341698976, 0.15064769953023044, 0.09568090334726134, 0.006293272095661913, 0.14873949899151873, 0.04124885643489429, 0.11297333818912626, 0.13422594881161568, 0.030282545697790104, 0.11939108313764507, 0.04389111993331857, 0.10510526968204564, 0.012303182006430276, 0.029317146466591646, 0.2595454026141925, 0.0566518607869541, 0.2695391945165462, 0.07355094303330743, 0.17155004339557112, 0.18836914789248915, 0.11780428337309058, 0.23190075559995105, 0.11228589518786164, 0.17760493789937515, 0.027462153247533337, 0.0716625488315552, 0.06686225601617354, 0.011508369489599397, 0.0017956955164549326, 0.05296104554827194, 0.19489878182551995, 0.03051002616670817, 0.019693198961007352, 0.39709929340734795, 0.22851743591259188, 0.032224255503963316, 0.20962328808076036, 0.11098925786665331]",0.115185196,0.102979858,-0.051703993,2.002891065,1,TRUE,100
sfq_13345--191/191_1767828.txt#0_0,0,0.5,2.22E-16,"[2.2204460492503128e-16, -0.0, 1.1102230246251565e-16, 2.2204460492503128e-16, -4.440892098500627e-16, -0.0, -2.220446049250313e-16, -2.220446049250313e-16, -0.0, -2.220446049250313e-16, 1.1102230246251565e-16, -2.220446049250313e-16, -2.220446049250313e-16, -4.440892098500627e-16, -4.440892098500627e-16, -2.220446049250313e-16, -2.220446049250313e-16, -2.220446049250313e-16, -2.220446049250313e-16, 1.1102230246251565e-16, -0.0, -2.220446049250313e-16, 2.2204460492503128e-16, -0.0, -0.0, 1.1102230246251565e-16, -2.220446049250313e-16, -0.0, -0.0, 1.1102230246251565e-16, 1.1102230246251565e-16, -2.220446049250313e-16, -2.220446049250313e-16, -0.0, -2.220446049250313e-16, -4.440892098500627e-16, -0.0, 2.2204460492503128e-16, -2.220446049250313e-16, 1.1102230246251565e-16, -0.0, -0.0, -4.440892098500627e-16, -2.220446049250313e-16, -0.0, -0.0, -0.0, -0.0, -0.0, -2.220446049250313e-16, 1.1102230246251565e-16, -0.0, 1.1102230246251565e-16, -0.0, -4.440892098500627e-16, -0.0, -0.0, -4.440892098500627e-16, -2.220446049250313e-16, -0.0, -2.220446049250313e-16, -2.220446049250313e-16, 1.1102230246251565e-16, -2.220446049250313e-16, -0.0, 4.4408920985006257e-16, -2.220446049250313e-16, -0.0, -0.0, 1.1102230246251565e-16, 2.2204460492503128e-16, -2.220446049250313e-16, -2.220446049250313e-16, -4.440892098500627e-16, -0.0, -2.220446049250313e-16, -0.0, 1.1102230246251565e-16, 2.2204460492503128e-16, -2.220446049250313e-16, -0.0, -4.440892098500627e-16, -0.0, -0.0, -0.0, -2.220446049250313e-16, -0.0, -2.220446049250313e-16, -2.220446049250313e-16, 1.1102230246251565e-16, 1.1102230246251565e-16, -0.0, -4.440892098500627e-16, -4.440892098500627e-16, -0.0, -0.0, -2.220446049250313e-16, 2.2204460492503128e-16, -2.220446049250313e-16, -2.220446049250313e-16]",-8.44E-17,1.94E-16,-3.06E-16,0.006653842,1,TRUE,100
sfq_13345--191/191_1767828.txt#0_0,0,1,2.22E-16,"[-2.220446049250313e-16, -0.0, -2.220446049250313e-16, -4.440892098500627e-16, -0.0, 1.1102230246251565e-16, -4.440892098500627e-16, -2.220446049250313e-16, -2.220446049250313e-16, -2.220446049250313e-16, -4.440892098500627e-16, -0.0, -0.0, -2.220446049250313e-16, 1.1102230246251565e-16, -2.220446049250313e-16, 1.1102230246251565e-16, -0.0, -0.0, -0.0, -0.0, -0.0, 2.2204460492503128e-16, -2.220446049250313e-16, -2.220446049250313e-16, -4.440892098500627e-16, 1.1102230246251565e-16, -2.220446049250313e-16, -2.220446049250313e-16, -0.0, -2.220446049250313e-16, -0.0, -0.0, -0.0, -2.220446049250313e-16, -0.0, 2.2204460492503128e-16, -4.440892098500627e-16, -4.440892098500627e-16, -4.440892098500627e-16, -0.0, -2.220446049250313e-16, -0.0, 2.2204460492503128e-16, 2.2204460492503128e-16, -4.440892098500627e-16, -0.0, -2.220446049250313e-16, 1.1102230246251565e-16, -2.220446049250313e-16, -4.440892098500627e-16, -2.220446049250313e-16, -0.0, -2.220446049250313e-16, -2.220446049250313e-16, -0.0, 2.2204460492503128e-16, -0.0, 1.1102230246251565e-16, -2.220446049250313e-16, -4.440892098500627e-16, -0.0, -2.220446049250313e-16, 1.1102230246251565e-16, -2.220446049250313e-16, -0.0, -2.220446049250313e-16, 1.1102230246251565e-16, -0.0, -4.440892098500627e-16, 1.1102230246251565e-16, -0.0, 1.1102230246251565e-16, -4.440892098500627e-16, -2.220446049250313e-16, 2.2204460492503128e-16, -2.220446049250313e-16, -2.220446049250313e-16, 1.1102230246251565e-16, -0.0, -4.440892098500627e-16, 1.1102230246251565e-16, 1.1102230246251565e-16, -4.440892098500627e-16, -2.220446049250313e-16, -2.220446049250313e-16, -0.0, -2.220446049250313e-16, -4.440892098500627e-16, -2.220446049250313e-16, -2.220446049250313e-16, -2.220446049250313e-16, 1.1102230246251565e-16, -2.220446049250313e-16, -0.0, 1.1102230246251565e-16, -2.220446049250313e-16, -2.220446049250313e-16, -0.0, 1.1102230246251565e-16]",-1.13E-16,1.97E-16,-3.35E-16,0.016000038,1,TRUE,100
sfq_13345--191/191_1767828.txt#0_0,0,2,2.22E-16,"[-2.220446049250313e-16, -0.0, -0.0, 2.2204460492503128e-16, -4.440892098500627e-16, -4.440892098500627e-16, -6.661338147750941e-16, -4.440892098500627e-16, -2.220446049250313e-16, -2.220446049250313e-16, -2.220446049250313e-16, -0.0, -2.220446049250313e-16, -0.0, -0.0, 2.2204460492503128e-16, -0.0, -0.0, -4.440892098500627e-16, -0.0, -0.0, -0.0, -4.440892098500627e-16, -2.220446049250313e-16, -0.0, -2.220446049250313e-16, -2.220446049250313e-16, -0.0, -2.220446049250313e-16, -0.0, -2.220446049250313e-16, -2.220446049250313e-16, -6.661338147750941e-16, -2.220446049250313e-16, -2.220446049250313e-16, 2.2204460492503128e-16, -0.0, -0.0, -2.220446049250313e-16, -0.0, 1.1102230246251565e-16, 1.1102230246251565e-16, 3.330669073875469e-16, -2.220446049250313e-16, -0.0, 2.2204460492503128e-16, -4.440892098500627e-16, 3.330669073875469e-16, 1.1102230246251565e-16, -2.220446049250313e-16, -2.220446049250313e-16, -2.220446049250313e-16, -2.220446049250313e-16, -2.220446049250313e-16, -0.0, 1.1102230246251565e-16, -2.220446049250313e-16, -0.0, 2.2204460492503128e-16, -2.220446049250313e-16, -2.220446049250313e-16, -2.220446049250313e-16, -0.0, -0.0, -4.440892098500627e-16, -0.0, -4.440892098500627e-16, -2.220446049250313e-16, -4.440892098500627e-16, -2.220446049250313e-16, -2.220446049250313e-16, -0.0, -0.0, -0.0, -0.0, -2.220446049250313e-16, -0.0, 2.2204460492503128e-16, -0.0, 1.1102230246251565e-16, -2.220446049250313e-16, -0.0, -0.0, 3.330669073875469e-16, -4.440892098500627e-16, -2.220446049250313e-16, -2.220446049250313e-16, -2.220446049250313e-16, 1.1102230246251565e-16, -4.440892098500627e-16, 1.1102230246251565e-16, -0.0, -4.440892098500627e-16, -2.220446049250313e-16, 2.2204460492503128e-16, -2.220446049250313e-16, -2.220446049250313e-16, -0.0, -2.220446049250313e-16, -2.220446049250313e-16]",-1.15E-16,2.12E-16,-3.38E-16,-0.004368472,1,TRUE,100
sfq_13345--191/191_1767828.txt#0_0,0.5,0.5,2.22E-16,"[-2.220446049250313e-16, -0.0, -2.220446049250313e-16, -2.220446049250313e-16, -0.0, -0.0, -0.0, -2.220446049250313e-16, -2.220446049250313e-16, -2.220446049250313e-16, -2.220446049250313e-16, 1.1102230246251565e-16, -2.220446049250313e-16, -0.0, -0.0, -0.0, 1.1102230246251565e-16, -0.0, -0.0, -4.440892098500627e-16, -2.220446049250313e-16, -2.220446049250313e-16, -0.0, -2.220446049250313e-16, -0.0, -0.0, -2.220446049250313e-16, -4.440892098500627e-16, -0.0, -0.0, -2.220446049250313e-16, -2.220446049250313e-16, 1.1102230246251565e-16, -0.0, -0.0, -4.440892098500627e-16, -2.220446049250313e-16, -2.220446049250313e-16, -4.440892098500627e-16, -0.0, -2.220446049250313e-16, -4.440892098500627e-16, -0.0, -4.440892098500627e-16, -2.220446049250313e-16, -0.0, -0.0, -2.220446049250313e-16, -0.0, -0.0, -0.0, -2.220446049250313e-16, -2.220446049250313e-16, -2.220446049250313e-16, -0.0, 2.2204460492503128e-16, -0.0, -2.220446049250313e-16, -2.220446049250313e-16, -4.440892098500627e-16, 2.2204460492503128e-16, -0.0, -2.220446049250313e-16, -0.0, -4.440892098500627e-16, -4.440892098500627e-16, -0.0, -2.220446049250313e-16, -2.220446049250313e-16, -4.440892098500627e-16, 1.1102230246251565e-16, 1.1102230246251565e-16, -0.0, -0.0, -2.220446049250313e-16, 1.1102230246251565e-16, 1.1102230246251565e-16, -0.0, -0.0, -2.220446049250313e-16, 1.1102230246251565e-16, -2.220446049250313e-16, -0.0, -2.220446049250313e-16, -2.220446049250313e-16, 2.2204460492503128e-16, -4.440892098500627e-16, -0.0, -0.0, -2.220446049250313e-16, -2.220446049250313e-16, -0.0, 2.2204460492503128e-16, 2.2204460492503128e-16, -0.0, -0.0, -0.0, -2.220446049250313e-16, -0.0, -2.220446049250313e-16]",-1.09E-16,1.76E-16,-3.31E-16,0.506451323,1,TRUE,100
sfq_13345--191/191_1767828.txt#0_0,0.5,1,2.22E-16,"[-0.0, -2.220446049250313e-16, -2.220446049250313e-16, -0.0, -2.220446049250313e-16, -0.0, -0.0, -2.220446049250313e-16, -0.0, -0.0, -2.220446049250313e-16, -0.0, -0.0, -4.440892098500627e-16, -2.220446049250313e-16, -0.0, 1.1102230246251565e-16, 2.2204460492503128e-16, -0.0, -2.220446049250313e-16, 2.2204460492503128e-16, -2.220446049250313e-16, -0.0, -0.0, -2.220446049250313e-16, -0.0, -2.220446049250313e-16, -0.0, -0.0, -2.220446049250313e-16, 1.1102230246251565e-16, 1.1102230246251565e-16, -4.440892098500627e-16, -2.220446049250313e-16, 1.1102230246251565e-16, -2.220446049250313e-16, -2.220446049250313e-16, -0.0, -2.220446049250313e-16, -2.220446049250313e-16, -2.220446049250313e-16, -2.220446049250313e-16, -2.220446049250313e-16, -0.0, 1.1102230246251565e-16, -2.220446049250313e-16, -2.220446049250313e-16, -0.0, -4.440892098500627e-16, -0.0, -0.0, -2.220446049250313e-16, 1.1102230246251565e-16, -0.0, -4.440892098500627e-16, -0.0, -4.440892098500627e-16, -2.220446049250313e-16, -0.0, -0.0, -2.220446049250313e-16, -2.220446049250313e-16, -0.0, 1.1102230246251565e-16, -2.220446049250313e-16, -0.0, -2.220446049250313e-16, -0.0, 1.1102230246251565e-16, -2.220446049250313e-16, -2.220446049250313e-16, -2.220446049250313e-16, -2.220446049250313e-16, -0.0, -0.0, -2.220446049250313e-16, -2.220446049250313e-16, -0.0, -0.0, -4.440892098500627e-16, -2.220446049250313e-16, -4.440892098500627e-16, -2.220446049250313e-16, -2.220446049250313e-16, -0.0, -2.220446049250313e-16, -0.0, 1.1102230246251565e-16, -4.440892098500627e-16, -0.0, -2.220446049250313e-16, -2.220446049250313e-16, -2.220446049250313e-16, -4.440892098500627e-16, 4.4408920985006257e-16, -2.220446049250313e-16, -0.0, -0.0, -2.220446049250313e-16, -0.0]",-1.14E-16,1.72E-16,-3.36E-16,0.553950369,1,TRUE,100
sfq_13345--191/191_1767828.txt#0_0,0.5,2,2.22E-16,"[1.1102230246251565e-16, -4.440892098500627e-16, -6.661338147750941e-16, 3.330669073875469e-16, -0.0, -4.440892098500627e-16, -2.220446049250313e-16, -0.0, 3.330669073875469e-16, -4.440892098500627e-16, -0.0, -6.661338147750941e-16, 1.1102230246251565e-16, -0.0, -2.220446049250313e-16, -2.220446049250313e-16, 1.1102230246251565e-16, -0.0, -0.0, -0.0, -0.0, -4.440892098500627e-16, -2.220446049250313e-16, -0.0, 1.1102230246251565e-16, -0.0, 2.2204460492503128e-16, -0.0, -4.440892098500627e-16, -6.661338147750941e-16, -6.661338147750941e-16, -2.220446049250313e-16, 1.1102230246251565e-16, -2.220446049250313e-16, -0.0, 1.1102230246251565e-16, -2.220446049250313e-16, -0.0, -0.0, 1.1102230246251565e-16, -6.661338147750941e-16, -0.0, -2.220446049250313e-16, -2.220446049250313e-16, -0.0, -0.0, -0.0, -0.0, -4.440892098500627e-16, -2.220446049250313e-16, -0.0, -0.0, -4.440892098500627e-16, -2.220446049250313e-16, -2.220446049250313e-16, -6.661338147750941e-16, 1.1102230246251565e-16, -6.661338147750941e-16, -4.440892098500627e-16, -2.220446049250313e-16, -0.0, 1.1102230246251565e-16, 1.1102230246251565e-16, -4.440892098500627e-16, -4.440892098500627e-16, -2.220446049250313e-16, -2.220446049250313e-16, -6.661338147750941e-16, -2.220446049250313e-16, -2.220446049250313e-16, -2.220446049250313e-16, -2.220446049250313e-16, -0.0, -2.220446049250313e-16, 2.2204460492503128e-16, -0.0, -2.220446049250313e-16, 2.2204460492503128e-16, -0.0, -0.0, 1.1102230246251565e-16, -0.0, -4.440892098500627e-16, -4.440892098500627e-16, -2.220446049250313e-16, 2.2204460492503128e-16, -2.220446049250313e-16, -0.0, 1.1102230246251565e-16, -4.440892098500627e-16, -4.440892098500627e-16, 4.4408920985006257e-16, -4.440892098500627e-16, -4.440892098500627e-16, -2.220446049250313e-16, -0.0, 1.1102230246251565e-16, -6.661338147750941e-16, -0.0, 1.1102230246251565e-16]",-1.49E-16,2.63E-16,-3.71E-16,0.52914319,1,TRUE,100
sfq_13345--191/191_1767828.txt#0_0,1,0.5,2.22E-16,"[-0.0, -2.220446049250313e-16, -2.220446049250313e-16, -0.0, -2.220446049250313e-16, -0.0, 1.1102230246251565e-16, -4.440892098500627e-16, -2.220446049250313e-16, -0.0, -0.0, -2.220446049250313e-16, 1.1102230246251565e-16, -4.440892098500627e-16, -0.0, -0.0, -2.220446049250313e-16, -0.0, -0.0, -0.0, -2.220446049250313e-16, 1.1102230246251565e-16, -0.0, -0.0, -2.220446049250313e-16, -4.440892098500627e-16, 1.1102230246251565e-16, -2.220446049250313e-16, -2.220446049250313e-16, -2.220446049250313e-16, -2.220446049250313e-16, -0.0, -4.440892098500627e-16, -2.220446049250313e-16, -0.0, -2.220446049250313e-16, -0.0, -2.220446049250313e-16, 1.1102230246251565e-16, 2.2204460492503128e-16, -0.0, -0.0, -2.220446049250313e-16, 1.1102230246251565e-16, -0.0, 2.2204460492503128e-16, -0.0, -2.220446049250313e-16, -4.440892098500627e-16, -0.0, -0.0, -0.0, -2.220446049250313e-16, -4.440892098500627e-16, -4.440892098500627e-16, -0.0, -4.440892098500627e-16, -2.220446049250313e-16, -4.440892098500627e-16, -2.220446049250313e-16, -0.0, -0.0, -2.220446049250313e-16, -2.220446049250313e-16, -2.220446049250313e-16, -0.0, -0.0, -2.220446049250313e-16, -2.220446049250313e-16, -2.220446049250313e-16, -0.0, 1.1102230246251565e-16, -4.440892098500627e-16, -0.0, -2.220446049250313e-16, -0.0, -4.440892098500627e-16, -2.220446049250313e-16, 1.1102230246251565e-16, -2.220446049250313e-16, -2.220446049250313e-16, 1.1102230246251565e-16, -0.0, -4.440892098500627e-16, -4.440892098500627e-16, -0.0, 3.330669073875469e-16, -2.220446049250313e-16, -2.220446049250313e-16, -4.440892098500627e-16, 1.1102230246251565e-16, -2.220446049250313e-16, 1.1102230246251565e-16, -2.220446049250313e-16, -2.220446049250313e-16, -2.220446049250313e-16, -0.0, -2.220446049250313e-16, -2.220446049250313e-16, -2.220446049250313e-16]",-1.29E-16,1.84E-16,-3.51E-16,1.022424284,1,TRUE,100
sfq_13345--191/191_1767828.txt#0_0,1,1,2.22E-16,"[2.2204460492503128e-16, -2.220446049250313e-16, 1.1102230246251565e-16, -2.220446049250313e-16, -2.220446049250313e-16, -2.220446049250313e-16, -4.440892098500627e-16, 1.1102230246251565e-16, -0.0, -2.220446049250313e-16, -2.220446049250313e-16, -2.220446049250313e-16, -2.220446049250313e-16, -0.0, -2.220446049250313e-16, -0.0, -6.661338147750941e-16, -4.440892098500627e-16, -2.220446049250313e-16, -2.220446049250313e-16, -0.0, -4.440892098500627e-16, 2.2204460492503128e-16, -2.220446049250313e-16, -0.0, -2.220446049250313e-16, -0.0, -2.220446049250313e-16, -0.0, -0.0, -2.220446049250313e-16, -0.0, -2.220446049250313e-16, -0.0, -0.0, -0.0, 1.1102230246251565e-16, -2.220446049250313e-16, -0.0, -2.220446049250313e-16, -2.220446049250313e-16, -4.440892098500627e-16, -2.220446049250313e-16, 1.1102230246251565e-16, 1.1102230246251565e-16, 2.2204460492503128e-16, 1.1102230246251565e-16, -2.220446049250313e-16, -0.0, -4.440892098500627e-16, -0.0, -4.440892098500627e-16, -0.0, -2.220446049250313e-16, 1.1102230246251565e-16, -4.440892098500627e-16, -2.220446049250313e-16, -0.0, -2.220446049250313e-16, -0.0, -0.0, -4.440892098500627e-16, -6.661338147750941e-16, -4.440892098500627e-16, 1.1102230246251565e-16, -0.0, -0.0, 1.1102230246251565e-16, -2.220446049250313e-16, -2.220446049250313e-16, -2.220446049250313e-16, -2.220446049250313e-16, -4.440892098500627e-16, -2.220446049250313e-16, -2.220446049250313e-16, -2.220446049250313e-16, -2.220446049250313e-16, -2.220446049250313e-16, -0.0, -4.440892098500627e-16, -2.220446049250313e-16, -2.220446049250313e-16, 1.1102230246251565e-16, -0.0, -2.220446049250313e-16, -0.0, 1.1102230246251565e-16, -4.440892098500627e-16, 1.1102230246251565e-16, -0.0, -2.220446049250313e-16, 1.1102230246251565e-16, -0.0, -2.220446049250313e-16, -2.220446049250313e-16, 1.1102230246251565e-16, -2.220446049250313e-16, -2.220446049250313e-16, 1.1102230246251565e-16, -2.220446049250313e-16]",-1.37E-16,1.95E-16,-3.59E-16,0.94351223,1,TRUE,100
sfq_13345--191/191_1767828.txt#0_0,1,2,2.22E-16,"[-0.0, 2.2204460492503128e-16, -0.0, 1.1102230246251565e-16, -4.440892098500627e-16, -2.220446049250313e-16, -4.440892098500627e-16, -2.220446049250313e-16, 1.1102230246251565e-16, -0.0, -2.220446049250313e-16, -4.440892098500627e-16, -6.661338147750941e-16, 3.330669073875469e-16, 2.2204460492503128e-16, -4.440892098500627e-16, 1.1102230246251565e-16, -0.0, 2.2204460492503128e-16, -0.0, -0.0, -4.440892098500627e-16, 1.1102230246251565e-16, -4.440892098500627e-16, -0.0, -4.440892098500627e-16, -4.440892098500627e-16, -2.220446049250313e-16, -0.0, -0.0, -4.440892098500627e-16, -4.440892098500627e-16, -4.440892098500627e-16, 1.1102230246251565e-16, -2.220446049250313e-16, 1.1102230246251565e-16, -4.440892098500627e-16, -4.440892098500627e-16, -0.0, -4.440892098500627e-16, -2.220446049250313e-16, -0.0, -4.440892098500627e-16, -2.220446049250313e-16, -6.661338147750941e-16, -4.440892098500627e-16, -2.220446049250313e-16, -4.440892098500627e-16, 3.330669073875469e-16, -2.220446049250313e-16, -4.440892098500627e-16, 2.2204460492503128e-16, -2.220446049250313e-16, -2.220446049250313e-16, -2.220446049250313e-16, -4.440892098500627e-16, 2.2204460492503128e-16, -4.440892098500627e-16, -0.0, -0.0, -0.0, -2.220446049250313e-16, -0.0, -4.440892098500627e-16, -2.220446049250313e-16, -0.0, -6.661338147750941e-16, -2.220446049250313e-16, -2.220446049250313e-16, 1.1102230246251565e-16, -4.440892098500627e-16, -4.440892098500627e-16, -4.440892098500627e-16, -2.220446049250313e-16, 1.1102230246251565e-16, 2.2204460492503128e-16, -0.0, -0.0, -0.0, -2.220446049250313e-16, 2.2204460492503128e-16, -4.440892098500627e-16, -0.0, -4.440892098500627e-16, -0.0, -0.0, -4.440892098500627e-16, -0.0, 2.2204460492503128e-16, -0.0, -4.440892098500627e-16, -0.0, -2.220446049250313e-16, -0.0, -4.440892098500627e-16, 2.2204460492503128e-16, -0.0, -0.0, -6.661338147750941e-16, -2.220446049250313e-16]",-1.64E-16,2.56E-16,-3.86E-16,0.990630741,1,TRUE,100
sfq_13345--191/191_1767828.txt#0_0,2,0.5,2.22E-16,"[-2.220446049250313e-16, -4.440892098500627e-16, 4.4408920985006257e-16, -0.0, -4.440892098500627e-16, -0.0, -2.220446049250313e-16, -4.440892098500627e-16, -2.220446049250313e-16, 1.1102230246251565e-16, -2.220446049250313e-16, 4.4408920985006257e-16, -2.220446049250313e-16, -2.220446049250313e-16, -2.220446049250313e-16, 1.1102230246251565e-16, -0.0, -2.220446049250313e-16, -0.0, -4.440892098500627e-16, 1.1102230246251565e-16, 2.2204460492503128e-16, 3.330669073875469e-16, 1.1102230246251565e-16, -0.0, 4.4408920985006257e-16, 1.1102230246251565e-16, -0.0, 1.1102230246251565e-16, 2.2204460492503128e-16, -6.661338147750941e-16, -6.661338147750941e-16, 2.2204460492503128e-16, -6.661338147750941e-16, -4.440892098500627e-16, -0.0, -0.0, -4.440892098500627e-16, -4.440892098500627e-16, -6.661338147750941e-16, -0.0, -2.220446049250313e-16, -0.0, -2.220446049250313e-16, -0.0, 2.2204460492503128e-16, -6.661338147750941e-16, -2.220446049250313e-16, 3.330669073875469e-16, 2.2204460492503128e-16, -2.220446049250313e-16, 2.2204460492503128e-16, -4.440892098500627e-16, 1.1102230246251565e-16, -4.440892098500627e-16, -4.440892098500627e-16, -4.440892098500627e-16, -4.440892098500627e-16, -4.440892098500627e-16, -4.440892098500627e-16, -2.220446049250313e-16, -0.0, -6.661338147750941e-16, 3.330669073875469e-16, 5.551115123125782e-16, -2.220446049250313e-16, 3.330669073875469e-16, -4.440892098500627e-16, -0.0, -0.0, -4.440892098500627e-16, -0.0, 4.4408920985006257e-16, -4.440892098500627e-16, -6.661338147750941e-16, -2.220446049250313e-16, -0.0, -6.661338147750941e-16, -0.0, -6.661338147750941e-16, -2.220446049250313e-16, -6.661338147750941e-16, -4.440892098500627e-16, 3.330669073875469e-16, 1.1102230246251565e-16, -0.0, -4.440892098500627e-16, 3.330669073875469e-16, -0.0, -4.440892098500627e-16, 1.1102230246251565e-16, -2.220446049250313e-16, -2.220446049250313e-16, -0.0, 2.2204460492503128e-16, -0.0, 2.2204460492503128e-16, -4.440892098500627e-16, -4.440892098500627e-16, -0.0]",-1.33E-16,3.19E-16,-3.55E-16,1.988852031,1,TRUE,100
sfq_13345--191/191_1767828.txt#0_0,2,1,2.22E-16,"[-4.440892098500627e-16, -4.440892098500627e-16, 1.1102230246251565e-16, -4.440892098500627e-16, -4.440892098500627e-16, -2.220446049250313e-16, -0.0, -4.440892098500627e-16, -0.0, -2.220446049250313e-16, -4.440892098500627e-16, -2.220446049250313e-16, -2.220446049250313e-16, -4.440892098500627e-16, 1.1102230246251565e-16, -2.220446049250313e-16, 2.2204460492503128e-16, -2.220446049250313e-16, 4.4408920985006257e-16, 1.1102230246251565e-16, -4.440892098500627e-16, -0.0, -0.0, -2.220446049250313e-16, -4.440892098500627e-16, -0.0, -4.440892098500627e-16, -6.661338147750941e-16, -2.220446049250313e-16, -0.0, 2.2204460492503128e-16, -4.440892098500627e-16, -6.661338147750941e-16, -2.220446049250313e-16, 1.1102230246251565e-16, -2.220446049250313e-16, -0.0, -0.0, 2.2204460492503128e-16, -4.440892098500627e-16, -6.661338147750941e-16, 3.330669073875469e-16, -2.220446049250313e-16, -0.0, -2.220446049250313e-16, 2.2204460492503128e-16, 1.1102230246251565e-16, -4.440892098500627e-16, -6.661338147750941e-16, -2.220446049250313e-16, -4.440892098500627e-16, -2.220446049250313e-16, 1.1102230246251565e-16, 3.330669073875469e-16, -2.220446049250313e-16, -4.440892098500627e-16, -4.440892098500627e-16, -6.661338147750941e-16, 1.1102230246251565e-16, -0.0, -2.220446049250313e-16, -0.0, -0.0, -2.220446049250313e-16, 4.4408920985006257e-16, -0.0, 1.1102230246251565e-16, -0.0, 2.2204460492503128e-16, -4.440892098500627e-16, -4.440892098500627e-16, 2.2204460492503128e-16, -4.440892098500627e-16, -4.440892098500627e-16, -0.0, -6.661338147750941e-16, -6.661338147750941e-16, 2.2204460492503128e-16, -6.661338147750941e-16, -4.440892098500627e-16, -6.661338147750941e-16, -4.440892098500627e-16, -2.220446049250313e-16, 1.1102230246251565e-16, -4.440892098500627e-16, -0.0, -4.440892098500627e-16, -2.220446049250313e-16, -2.220446049250313e-16, 1.1102230246251565e-16, -6.661338147750941e-16, -0.0, 1.1102230246251565e-16, -4.440892098500627e-16, 4.4408920985006257e-16, -2.220446049250313e-16, 2.2204460492503128e-16, -2.220446049250313e-16, -4.440892098500627e-16, -4.440892098500627e-16]",-1.85E-16,2.96E-16,-4.07E-16,1.979920903,1,TRUE,100
sfq_13345--191/191_1767828.txt#0_0,2,2,2.22E-16,"[2.2204460492503128e-16, -2.220446049250313e-16, -6.661338147750941e-16, -4.440892098500627e-16, -4.440892098500627e-16, 2.2204460492503128e-16, -2.220446049250313e-16, -2.220446049250313e-16, 1.1102230246251565e-16, -6.661338147750941e-16, 2.2204460492503128e-16, 1.1102230246251565e-16, -0.0, 2.2204460492503128e-16, -6.661338147750941e-16, -4.440892098500627e-16, -2.220446049250313e-16, -4.440892098500627e-16, 1.1102230246251565e-16, 2.2204460492503128e-16, -4.440892098500627e-16, -2.220446049250313e-16, -4.440892098500627e-16, -0.0, -2.220446049250313e-16, -0.0, -0.0, -4.440892098500627e-16, -4.440892098500627e-16, -6.661338147750941e-16, -4.440892098500627e-16, 2.2204460492503128e-16, -2.220446049250313e-16, -2.220446049250313e-16, -4.440892098500627e-16, -0.0, 2.2204460492503128e-16, -0.0, -0.0, -0.0, 3.330669073875469e-16, -0.0, -2.220446049250313e-16, -0.0, -0.0, -2.220446049250313e-16, -0.0, 1.1102230246251565e-16, -0.0, -4.440892098500627e-16, -2.220446049250313e-16, -6.661338147750941e-16, -2.220446049250313e-16, -4.440892098500627e-16, -0.0, -2.220446049250313e-16, -6.661338147750941e-16, -0.0, -4.440892098500627e-16, -6.661338147750941e-16, -2.220446049250313e-16, 1.1102230246251565e-16, -4.440892098500627e-16, -4.440892098500627e-16, -0.0, 1.1102230246251565e-16, -2.220446049250313e-16, -2.220446049250313e-16, -2.220446049250313e-16, -4.440892098500627e-16, 3.330669073875469e-16, -4.440892098500627e-16, -4.440892098500627e-16, 1.1102230246251565e-16, 2.2204460492503128e-16, -0.0, 1.1102230246251565e-16, -4.440892098500627e-16, -6.661338147750941e-16, 2.2204460492503128e-16, 3.330669073875469e-16, -2.220446049250313e-16, -2.220446049250313e-16, -2.220446049250313e-16, -2.220446049250313e-16, -4.440892098500627e-16, -4.440892098500627e-16, -2.220446049250313e-16, -4.440892098500627e-16, 2.2204460492503128e-16, 2.2204460492503128e-16, -6.661338147750941e-16, -0.0, -4.440892098500627e-16, 3.330669073875469e-16, -0.0, 1.1102230246251565e-16, -0.0, -6.661338147750941e-16, -0.0]",-1.70E-16,2.88E-16,-3.92E-16,1.959691295,1,TRUE,100
qw_12886--79/79_2977981.txt#0_1,0,0.5,0.057251089,"[0.04989075197424949, 0.08404348342345327, 0.06350622164118137, 0.04582815643548715, 0.05918784213912169, 0.049545552352939115, 0.0606952182375124, 0.047886495669904994, 0.07753814421148195, 0.0694119584627008, 0.02863778178112473, 0.027950777100279954, 0.02447237683784332, 0.07119894842297345, 0.05558002851678546, 0.04519846158537707, 0.06235014058900226, 0.06295101981103494, 0.05045487012125777, 0.02621426961775874, 0.043448651963953144, 0.0715309743414427, 0.11614498393467168, 0.048592843436220515, 0.040813150446972694, 0.036706875284723, 0.05932653677896441, 0.04356961813243051, 0.047710958403883, 0.06130982302375741, 0.0677267708954502, 0.039090322360313706, 0.09844388490720685, 0.04950750365560276, 0.051550339922984724, 0.052469484110141205, 0.0700384186129813, 0.03785916724317315, 0.05379847522975812, 0.036854824839068566, 0.04115932759612759, 0.05708665267470557, 0.03748846773424311, 0.05897260304629041, 0.08046508889001033, 0.07315040316990863, 0.03314891191269476, 0.08327079159112846, 0.05514424791884767, 0.0572295580600522, 0.07093881202824666, 0.07082931040898204, 0.08466205517424202, 0.040914037073219146, 0.06344156716773004, 0.018822849702409723, 0.05529178506075669, 0.05931836335447561, 0.08825468187013066, 0.05426667363239716, 0.07591801500667611, 0.05225660143272161, 0.059076486627343244, 0.040896510895089444, 0.029753078015923723, 0.059628163057818206, 0.03407233764330568, 0.05649511970468948, 0.056755174627443214, 0.05113847366683944, 0.043367654644204764, 0.04738281265494574, 0.048940911734929864, 0.0520179016368308, 0.05167469738647629, 0.08501539588673879, 0.06303264128094177, 0.04644034476120935, 0.04086354153079165, 0.041086709713819496, 0.040333213854313724, 0.03942420093740102, 0.06389674107112238, 0.05987789765337043, 0.05296422162019083, 0.04366805961004445, 0.08102324470550226, 0.08246823225524004, 0.03813929934975407, 0.09876584514863253, 0.06585796612318283, 0.049046978213288586, 0.07467126186488378, 0.049503955111612916, 0.05196051203927954, 0.04661201847375649, 0.043257953397374, 0.059707305832085424, 0.06499993903021276, 0.04694676020606638]",0.055618305,0.017120012,-0.001632784,0.009252141,1,TRUE,100
qw_12886--79/79_2977981.txt#0_1,0,1,0.057251089,"[0.0473575773138659, 0.02579078185671422, 0.03462457470609292, 0.0660143987946984, 0.01107537018156026, 0.039311093983382915, 0.03567237192863025, 0.046063476427261565, 0.022614223552789064, 0.029959878609734276, 0.02844759853806751, 0.04524534372613683, 0.04199236624806669, 0.09575326646068005, 0.08330138787454398, 0.04000569582714418, 0.029991145941627783, 0.03206624490594091, 0.06558345481811104, 0.026935913727889088, 0.029432086997662435, 0.057353527142050095, 0.025129667157560816, 0.12310639556910037, 0.06870761462485726, 0.014010102396256937, 0.04267833774610523, 0.11098636511404812, 0.0462784480113117, 0.08886268851419662, 0.048152328011488416, 0.015594247600841752, 0.12688006540201086, 0.023334528964761042, 0.06341534758123861, 0.08323885680867915, 0.05547446654867409, 0.06554090691385082, 0.05200585896885233, 0.069968590615179, 0.09119828448488816, 0.05856225681063962, 0.0539410452585805, 0.08632110720000372, 0.04794839413374864, 0.04274296363892314, 0.029398978572704, 0.05550024529604444, 0.13109139508228856, 0.015872461816450308, 0.05541904147927547, 0.071408164658346, 0.038479656124874084, 0.04554658216088823, 0.034408305487322155, 0.04784736877677656, 0.022835024095844026, 0.0977158731031424, 0.09034785458877098, 0.047234568765391144, 0.10613973829860897, 0.05274789500682129, 0.0446291221990022, 0.047666391287847394, 0.03945625297641763, 0.05320360911151509, 0.03494504017237859, 0.27585372418994114, 0.21171969015255343, 0.03474807014099999, 0.05132762030565077, 0.06202742282635686, 0.032561541771302, 0.03352377962671017, 0.01439087912472939, 0.11083256956095618, 0.0840708684182939, 0.06485837510055885, 0.1091217002776708, 0.05061423015521472, 0.10051614024770031, 0.13880078268248455, 0.02390152087832951, 0.03231521784122071, 0.06352337274362933, 0.04025580669962776, 0.1031614574386368, 0.04331593302221711, 0.03747357396985141, 0.023177750264770616, 0.03219663367163808, 0.027572990504334337, 0.057293662603062206, 0.054062408969312706, 0.06241297738735221, 0.07092610489469585, 0.10628241006586069, 0.06096019360380123, 0.11635010166087545, 0.0945839976885681]",0.060252977,0.039634933,0.003001888,-0.032413316,1,TRUE,100
qw_12886--79/79_2977981.txt#0_1,0,2,0.057251089,"[0.04058931771752539, 0.002975880654500208, 0.06827439120355819, 0.06395212892599406, 0.10735297531034674, 0.029663279212111766, 0.19439431976299906, 0.006911781244444128, 0.0021148283242802385, 0.01217762112765472, 0.26386755058660954, 0.023054043524347142, 0.12309791269287773, 0.0853679584283344, 0.04579689468258076, 0.04003378970224936, 0.06491405655632773, 0.00787690042035707, 0.016731761954047675, 0.007468619547525152, 0.08368103618235016, 0.01202501693709444, 0.007487495556670132, 0.10855275703541666, 0.012876819048792471, 0.32660276673423694, 0.107099735780621, 0.04982140490443285, 0.05625146323715724, 0.248632173968664, 0.022268652922077282, 0.022436506139857065, 0.020517866434682556, 0.10673440481608226, 0.021444138763367343, 0.04580591924894514, 0.024357505425779608, 0.2576965032853984, 0.032913175373213824, 0.06176145112360375, 0.07839981908269338, 0.21336896966642588, 0.01426312674409878, 0.12389527363450932, 0.0052825361769485825, 0.037190396636031624, 0.027862717093090336, 0.02492142924240808, 0.04759863857019869, 0.03356028881038109, 0.017469345794897256, 0.02966076414191142, 0.030343904173835708, 0.1729871391995139, 0.017970214129235437, 0.038931468157888754, 0.049768119698391435, 0.0392367750442838, 0.12923422522508124, 0.004862307022959996, 0.021813701999101924, 0.016002728946088483, 0.015530646856896098, 0.021563410589310487, 0.007641504691881757, 0.00497198376687732, 0.05173869027198908, 0.01186501212470544, 0.039864465911987085, 0.06769704132180342, 0.03128853065326443, 0.012290051379564505, 0.037728500624099354, 0.02257396991101972, 0.16160357453312477, 0.003908303323098329, 0.103880809430563, 0.02151383783904668, 0.03285532513703257, 0.014900384638194862, 0.10583573348564221, 0.027010544273161356, 0.0669041857902131, 0.3313348085696385, 0.012317899319840075, 0.01284707650667007, 0.023561007551329994, 0.021535074571228576, 0.013078854060571351, 0.12446112045614384, 0.007661765022591784, 0.1846331814290863, 0.02572530733746198, 0.0015465181860504326, 0.018811051596242148, 0.1564336907634925, 0.11156082318453006, 0.15593588998073465, 0.1624546535903083, 0.06478324165522847]",0.063020552,0.071207526,0.005769463,-0.02275163,1,TRUE,100
qw_12886--79/79_2977981.txt#0_1,0.5,0.5,0.057251089,"[0.05741781180997289, 0.048233602688752236, 0.0779238188107087, 0.04443615341452803, 0.08304502113982416, 0.09265206565678452, 0.04592719640778936, 0.07976498125466486, 0.053397183341003226, 0.04983380034380512, 0.04329610265519584, 0.06108960841123094, 0.09705189697722645, 0.059443711134655984, 0.04636024451886096, 0.036921643559941014, 0.04596360611911171, 0.0382605673800642, 0.06206436139617259, 0.06437610261455824, 0.047579651251209866, 0.0991831688569322, 0.06315023647481828, 0.058754129360674916, 0.05299276139242979, 0.04391847102556854, 0.04564740959848473, 0.06348792875452276, 0.0429740833007481, 0.0651802164175564, 0.06458237587923318, 0.040492335117418114, 0.042061973494692075, 0.05875377536658947, 0.03464578202495243, 0.038324835588870385, 0.04890032091536495, 0.04864362031663967, 0.04060849259172225, 0.06698518228949833, 0.05719884008253766, 0.05910282105237555, 0.054377708954748236, 0.06412054755816132, 0.04648363853764421, 0.058813411661680984, 0.06614038967908158, 0.06579104028660354, 0.06009520548892061, 0.055716046242323417, 0.03151876755948319, 0.0918233230619752, 0.04072402570127943, 0.044370994356982316, 0.06814974349575884, 0.04733102603965967, 0.09703165651210839, 0.032762745938681614, 0.05374198420939475, 0.04520533723064104, 0.10810774348665639, 0.06308513141588455, 0.03955096586486393, 0.07947636330477875, 0.02790481878915734, 0.06529491588484815, 0.08077827927709624, 0.05647768579322075, 0.0467697019576709, 0.06591934236458817, 0.039873719859686324, 0.048073052659835115, 0.038939863074214605, 0.06208559788344919, 0.04938890010013747, 0.05618434200324493, 0.07011562909575168, 0.060455093897936615, 0.04917871958401192, 0.02869489740272386, 0.02237033208982409, 0.033143806129360485, 0.058430721633709715, 0.05957200792972596, 0.07618471931594711, 0.05649817777309306, 0.0702705728648916, 0.03665020829464942, 0.07027606824411957, 0.07199540528095807, 0.03830216060304751, 0.04206176869714721, 0.026958416291055748, 0.0392732230603816, 0.0812273823745339, 0.038378977539952085, 0.0656578292795676, 0.0644183625215234, 0.05843592302767768, 0.032591407662323914]",0.055738777,0.017095313,-0.001512312,0.515905451,1,TRUE,100
qw_12886--79/79_2977981.txt#0_1,0.5,1,0.057251089,"[0.06720474344028465, 0.048483546768597924, 0.029276660884614315, 0.05069881904182152, 0.02593487580012108, 0.03835672737172803, 0.03997927088482142, 0.08940964527665252, 0.03843736735441116, 0.047653467866781776, 0.025501896615746672, 0.04231465130690007, 0.033021099145428584, 0.030895086901444505, 0.08303010443505722, 0.08309176699316619, 0.053519649243781504, 0.04672758466790668, 0.05689061502520315, 0.025001722902669252, 0.00946799454025471, 0.10901454805310154, 0.12765771338600937, 0.07250781704157137, 0.19444605901334572, 0.11282493423972137, 0.03257877669363007, 0.07003526890937431, 0.06826632240670863, 0.04162558995564025, 0.026592569850851466, 0.12864014887110273, 0.04558441821087266, 0.004560476259536015, 0.03394103098955208, 0.15554793605002729, 0.05087363454753924, 0.092022675750337, 0.09093321022178867, 0.05184755170129855, 0.026087599202728615, 0.04892520903263394, 0.07662936131023221, 0.07768405878886507, 0.029976036612746743, 0.03276721335315208, 0.019009670835783886, 0.022030563188430104, 0.02222435713506649, 0.01832220046392641, 0.07311093527318457, 0.03461691876481409, 0.09835092006580726, 0.14006141521541288, 0.08420496259615734, 0.08042494503472905, 0.06002094164304869, 0.033680101792684304, 0.059660130669919514, 0.06054487470877961, 0.04013069703485934, 0.026955603120972862, 0.025085931475196693, 0.04459108497873458, 0.043575542408598546, 0.052372505176838925, 0.06766868397080752, 0.10103785329708456, 0.031416981303144596, 0.016622096539943322, 0.06709083199656939, 0.07721492051974933, 0.06046761221761485, 0.08400881362734944, 0.09784177911220146, 0.043099668636742264, 0.08027404125456755, 0.029463033791352712, 0.07027121804241673, 0.029755564530122233, 0.03606189962564619, 0.03834597045947472, 0.10000938552588294, 0.09076878805696365, 0.03357402055490563, 0.06889692583675067, 0.014407354112623647, 0.03697218756113454, 0.10148489753939839, 0.038952820901331967, 0.247260899155816, 0.01337459828882665, 0.022471973523810543, 0.023282084116913487, 0.025701622965058343, 0.07272104708636436, 0.022113218309815073, 0.11163217354278182, 0.022160684303287905, 0.06357279857758913]",0.058454402,0.038970336,0.001203313,0.484040608,1,TRUE,100
qw_12886--79/79_2977981.txt#0_1,0.5,2,0.057251089,"[0.014439127927807334, 0.023936387471892202, 0.01567284277341002, 0.313583082771231, 0.017890136393355998, 0.014300916029369896, 0.013786684465148276, 0.0528752966834075, 0.11998776338887762, 0.044475771439253506, 0.11515820058282311, 0.11626053756323868, 0.013920540182613534, 0.04808424543713638, 0.10207526266725732, 0.17592138425627718, 0.04843165251904464, 0.08838270536345127, 0.025909810310816846, 0.2960413474076797, 0.12140395467738808, 0.12153209542987498, 0.033381346681656245, 0.07093233917547583, 0.0857546611369209, 0.22859863664239158, 0.09597108635118334, 0.008309080717421912, 0.011906131870922697, 0.21807848411963282, 0.3022794540293131, 0.037233244178684524, 0.4373490425266622, 0.16345638183036543, 0.029362927654604062, 0.27824589560578084, 0.2269014191293638, 0.036675177883842, 0.1109054263403034, 0.03201764006843456, 0.03625528543192807, 0.047610015827198565, 0.15883482401184754, 0.3046650390587662, 0.15728962313479083, 0.00897154363223289, 0.030330175995460888, 0.03235449044523044, 0.01198923170851976, 0.009722688666395215, 0.011633502567629982, 0.1187289424604452, 0.27640995445289107, 0.355240603602975, 0.06509671999225716, 0.016033328253191523, 0.05154419908720929, 0.1657642501384336, 0.09222971220893444, 0.0030331650903450604, 0.06154590646912111, 0.10517797123795557, 0.040155461109086424, 0.09724558090138116, 0.006156572422231832, 0.043454935819550254, 0.01945873854367312, 0.020560762925773725, 0.0032517688692899204, 0.013235873812899946, 0.08966832984851791, 0.042015197599687464, 0.013260473807980582, 0.4093778354795916, 0.06125076465228147, 0.041767274366184645, 0.008031816826582803, 0.08080127178806062, 0.010559079519498905, 0.47525043830609554, 0.008496707133885041, 0.09761942087669966, 0.1373595295175801, 0.08806711440142823, 0.1668727184338517, 0.009754379880261503, 0.013481913742257, 0.08207235054174522, 0.052269970366190965, 0.27473832737863974, 0.2419810750235023, 0.08549184830770694, 0.012134651865844344, 0.04341373155603723, 0.017281165051088933, 0.6488348270202708, 0.07746402596953031, 0.19563661101553273, 0.03735501304397591, 0.09534156120012105]",0.102930584,0.117586953,0.045679495,0.512789496,1,TRUE,100
qw_12886--79/79_2977981.txt#0_1,1,0.5,0.057251089,"[0.04073186693902855, 0.049035172262344995, 0.04921168006679316, 0.03137710909910059, 0.049930798356135966, 0.05465692578385353, 0.06907725960442349, 0.080210492010325, 0.0391804968117371, 0.058132376221425676, 0.05142405773480093, 0.05131812671430115, 0.06638183430764451, 0.07475611050672157, 0.04612781851150379, 0.043036779176878724, 0.04525504957590053, 0.04331901695868685, 0.06413178434831068, 0.047751304929585195, 0.09578066495506757, 0.07894496610470728, 0.04351005279606861, 0.04268904576185463, 0.0620327488134244, 0.06659623368515016, 0.037580403164264406, 0.0469806174011443, 0.06471365504846746, 0.04445170042731381, 0.06727425539290871, 0.05405814670561479, 0.05589733958512995, 0.05832953190256947, 0.0659933401165867, 0.07056577675733747, 0.06599452323810207, 0.041694385233705764, 0.05407857316830282, 0.08866422899913315, 0.04937477623265722, 0.047362469500021986, 0.06295206962714496, 0.0433833901640953, 0.060726001931239476, 0.05001443880901397, 0.03464099637650017, 0.052564824389357785, 0.04080883663375453, 0.046315246317896394, 0.05667387487562716, 0.08610833392282966, 0.05497331491812259, 0.04651187032560579, 0.06401674899467477, 0.05543377457186315, 0.07538354473980577, 0.05338488446045174, 0.03656864576804884, 0.0418559008446379, 0.050951525006882395, 0.05395169821211297, 0.03720957580142481, 0.047975862070843235, 0.0372227909910516, 0.07673600897538736, 0.08941062646316658, 0.07685406744396445, 0.03950229850924205, 0.06828157062625695, 0.08221918113478058, 0.05320779116535408, 0.04170749633129441, 0.06293239237491997, 0.026787547023005724, 0.06953048553817594, 0.07568861405806532, 0.058839581109385364, 0.039621911869023245, 0.0899076292053546, 0.06448969330034382, 0.044859043238245445, 0.06115279660483011, 0.03870537005757714, 0.07261237792710235, 0.0702771126080487, 0.08130341628860248, 0.07692789892702862, 0.05045001963533989, 0.058743060649252596, 0.0418951994120029, 0.07266299155348599, 0.04239598631736751, 0.050713078049917135, 0.044254720909176815, 0.08636996864259777, 0.06380219414708978, 0.08177049219956112, 0.07038933949352376, 0.07994583026232228]",0.057521894,0.015356758,0.000270805,1.010433519,1,TRUE,100
qw_12886--79/79_2977981.txt#0_1,1,1,0.057251089,"[0.06272812491875845, 0.056869316251449475, 0.07953324446793844, 0.04119332218779089, 0.10638688640483637, 0.06523926026002463, 0.03504234785553125, 0.07360686892426273, 0.036229744297188234, 0.06237144289549669, 0.18124551382470955, 0.09203486129700167, 0.05856927712449296, 0.045376591313804254, 0.0727704686244964, 0.060978000093592805, 0.08314119962174796, 0.048383652578660986, 0.06152941596400868, 0.03852401450639949, 0.06776903769831161, 0.049468736747350056, 0.055574808118284386, 0.12552798969117338, 0.04741067723119483, 0.07597733584237029, 0.09029056151212023, 0.0751519844489845, 0.16021275890567768, 0.09269860343201748, 0.09589636682473672, 0.043790523422248345, 0.08621249204332837, 0.04468782712323629, 0.11587487313391356, 0.1887028114634702, 0.11914904546559199, 0.04299797828694446, 0.03574520466249765, 0.04619309856953262, 0.08921072659768113, 0.11381720926765611, 0.04450204750129408, 0.028172679586150426, 0.07535241934787676, 0.01887392900044453, 0.0340663014574636, 0.09653118023200251, 0.04946352813574906, 0.11560429076700293, 0.029980230462382462, 0.01202430312184863, 0.0284020011631617, 0.05017055888940878, 0.08316339687229682, 0.07702081553776918, 0.05269891494596421, 0.016590033771594518, 0.0468769896793207, 0.06379555402443692, 0.06645108760011102, 0.016540632688834548, 0.0356329421282864, 0.03637056444129004, 0.026435383859022814, 0.09948767547567024, 0.10062088883530469, 0.013296665788789123, 0.05064168678497867, 0.030797797288060265, 0.011109951143938208, 0.04850609275251734, 0.047241512432705114, 0.08763686348528665, 0.06807524381510995, 0.04021101649717158, 0.16164724993325905, 0.020805590385766563, 0.032607143115411824, 0.023502583914111454, 0.025322908264299317, 0.23465202088755746, 0.02574992028148005, 0.024971188961458446, 0.029021887501645555, 0.014481978819641247, 0.04421153023914971, 0.06795043057256742, 0.09206561599473367, 0.05117140248677585, 0.03227201506726506, 0.03127245416194209, 0.01764576352802221, 0.09395059499603448, 0.09958981024566617, 0.06520887375156804, 0.016822655624805987, 0.015081343802104626, 0.03561156072215739, 0.07835094205068686]",0.062604268,0.040254871,0.005353179,0.969892553,1,TRUE,100
qw_12886--79/79_2977981.txt#0_1,1,2,0.057251089,"[0.00530568809897759, 0.003059840255751748, 0.0646087581984596, 0.0045285474240787296, 0.02163013487539347, 0.002138786634932132, 0.032873825048912765, 0.022170232941893506, 0.10399055994402306, 0.013218185557906983, 0.05940450505980479, 0.0185303184912126, 0.04859514366230929, 0.006144060988263699, 0.029584814765175976, 0.034087155989513854, 0.019083989654568475, 0.014176736426935916, 0.04487714066649741, 0.050675977523531174, 0.10961748980339625, 0.003931840770542565, 0.13901059723429426, 0.0656926983205463, 0.008509555037769512, 0.0033778809284402207, 0.014853560467690966, 0.07635710979096544, 0.10430346808418285, 0.1913871513091568, 0.13914449141072288, 0.09940764112668707, 0.1913726009445339, 0.08865664818973706, 0.004527697419626019, 0.16060493157789818, 0.254772896668267, 0.03922108559095268, 0.019439164207511413, 0.008173707879023618, 0.028138328618878248, 0.041909269236106404, 0.011817891296338213, 0.2134889923792822, 0.03360580879438378, 0.028011369535593016, 0.06667095523651562, 0.09298683304589735, 0.09837156592945762, 0.010747928469201948, 0.02946931642672134, 0.010478022119790282, 0.07273701946485422, 0.13122231729040323, 0.04038610073219361, 0.04906168612580368, 0.034025528424034994, 0.015405124647391716, 0.008447485698370881, 0.04982479898058298, 0.038290713268081096, 0.026284415056646387, 0.029915784043522367, 0.025754043674198656, 0.006080267168686374, 0.021804729817491514, 0.005271814675845681, 0.03248703907493327, 0.0734932353612636, 0.03531096802102109, 0.017834517466295344, 0.09745510139510374, 0.007182497683569214, 0.05508766598377454, 0.1865392100525211, 0.01885934019101115, 0.04862176848701138, 0.023452359967101655, 0.07931274551000769, 0.003269538128124661, 0.029735265196920647, 0.04686303006126818, 0.07350686432844308, 0.08432960791174532, 0.005649848181518957, 0.0031251138235507863, 0.01004868795922253, 0.026375799048157966, 0.05856738293425913, 0.010075567007964697, 0.11876790549691191, 0.013248121191100005, 0.01762118335076461, 0.008943748615357006, 0.22524619193434722, 0.010588374099212507, 0.11840059328724645, 0.03027105743293144, 0.1305087654285676, 0.007455551615159614]",0.052494894,0.054970242,-0.004756195,0.996891615,1,TRUE,100
qw_12886--79/79_2977981.txt#0_1,2,0.5,0.057251089,"[0.04815879896778049, 0.0511082811278529, 0.04657799416509743, 0.07462153139143084, 0.07253981080051397, 0.03093985021132339, 0.05213626496071101, 0.058077442686969315, 0.07737388268237418, 0.05645927633052421, 0.059917513697044136, 0.0577663032588476, 0.05563473218943258, 0.09015170879479543, 0.07786597162953908, 0.04692527424668848, 0.07098422698740993, 0.07544098396461275, 0.06253876353588723, 0.0437328571203139, 0.05242252490026344, 0.05720638167204045, 0.042156862576798806, 0.09991934688994719, 0.07092833035794054, 0.06503421942827352, 0.050418398823778694, 0.08614936693288591, 0.040786462955308876, 0.04645194595872175, 0.061458802030742415, 0.055197537773055125, 0.09425907299162056, 0.09385157736833805, 0.06655577748476296, 0.0537851322553758, 0.0361245613820533, 0.09330369450462679, 0.04669714319787703, 0.061388875172113666, 0.06374814713339463, 0.059117497945353724, 0.08561696143479301, 0.07398435395746683, 0.03684538793445472, 0.05543619044519324, 0.04483314208820477, 0.07188861912907582, 0.05664477802844142, 0.1203019466337743, 0.03690868312918526, 0.036585250178904044, 0.04592238667063072, 0.04157628611780359, 0.0349869772112949, 0.038607317279906274, 0.05597763107211293, 0.07580410162489963, 0.03793452292760639, 0.05273159541484012, 0.042404916348925785, 0.049255657938805805, 0.08053450776732282, 0.07580025866833574, 0.04196480890531949, 0.05870218551755119, 0.06081322181292478, 0.09099922982665562, 0.06914461110774342, 0.048886571440437704, 0.0586692688879826, 0.07076554307995861, 0.14013231461955303, 0.054088750660871, 0.04346646572533434, 0.0697351963594203, 0.06568398993602881, 0.06659574373829856, 0.06122848844913199, 0.040600794945987964, 0.048619108300011066, 0.07507220703026243, 0.04936297612302403, 0.05362189175470642, 0.04736409572339067, 0.05876587234326994, 0.04508506535214275, 0.04138349537026619, 0.0655930198046461, 0.0447152066686529, 0.0714887028263257, 0.06804601897164268, 0.08015555408591338, 0.08630593438168618, 0.04173372032814199, 0.07313377935834063, 0.04769523862053414, 0.06561495268693612, 0.05060791129840382, 0.05341403860479513]",0.060657506,0.018520072,0.003406417,1.987866227,1,TRUE,100
qw_12886--79/79_2977981.txt#0_1,2,1,0.057251089,"[0.05612781656425887, 0.032200534702913154, 0.04285764008249378, 0.0485659335928433, 0.029894156318747537, 0.21993256858630955, 0.06860772750567054, 0.027536308761215357, 0.03414049279570903, 0.07696882175955572, 0.09329261100211432, 0.04565038872663721, 0.09543379736411095, 0.06591990591865834, 0.07547688427066626, 0.04954193262649581, 0.03967988951647002, 0.09533338815267442, 0.029817865320563002, 0.06090145572714317, 0.019645805103588546, 0.08185624357827151, 0.07314818836283095, 0.06347692503253316, 0.02154594653902508, 0.03356654027582502, 0.04021721756978535, 0.04532610243231586, 0.12748805097497987, 0.062067975435432174, 0.06200238063764077, 0.056277844637184285, 0.06571700014675277, 0.0206092764859923, 0.0314670771285104, 0.04535536831884519, 0.03435882410142015, 0.03762575902594879, 0.04652354048645233, 0.11780929859995429, 0.08299672777147202, 0.024978866358265413, 0.04150270526897713, 0.015176076414713276, 0.015688023867404748, 0.04736189653180806, 0.02105953482349627, 0.10965802170008836, 0.060447694404770616, 0.024367085363755953, 0.10565767784694954, 0.044486130023862376, 0.034608099043853424, 0.05396651128294036, 0.07383193517315734, 0.034383597499578526, 0.058980288494134045, 0.048015253029474146, 0.06897231242561377, 0.022456856699183778, 0.07974034242579343, 0.10468239882006343, 0.08426573737162839, 0.06401125551595235, 0.10331621348456088, 0.025711902734621678, 0.029255332492031084, 0.07740969953986186, 0.0230970237827078, 0.05475021481922844, 0.027327313227294127, 0.06585112184688108, 0.02063666545498992, 0.10861881049476518, 0.0698134479434424, 0.04498699053186016, 0.016279830760769342, 0.08928253233080904, 0.07834464302390655, 0.06611290145971818, 0.061428653765751406, 0.08300109968932615, 0.03128828457473186, 0.08199156907272145, 0.045853315384524515, 0.11140724235950084, 0.15624524689094402, 0.028588574960897284, 0.0933388677021236, 0.06163439677839448, 0.021525424094103088, 0.1281213418199359, 0.05629296096895057, 0.01681410473721849, 0.03967332192410156, 0.10670823634450861, 0.05233562155062618, 0.03098782929805635, 0.029802634562787148, 0.026563961658324392]",0.058596578,0.034023524,0.001345489,1.983395932,1,TRUE,100
qw_12886--79/79_2977981.txt#0_1,2,2,0.057251089,"[0.011254095449395604, 0.02340063092663046, 0.005384998058984647, 0.0039482260673698285, 0.001429130147848766, 0.07707249895235155, 0.0257866598559389, 0.12443420691133328, 0.009943935450260236, 0.13079961678486587, 0.09200462090486133, 0.07340223956564228, 0.010974162968260676, 0.06683990337433009, 0.07666873993723117, 0.07808771413403337, 0.113056500288131, 0.13012576775036042, 0.030238258153672284, 0.010492293781743678, 0.022811838385940485, 0.015013314218696158, 0.018762467028503118, 0.22110522868178198, 0.0028597103370972938, 0.05102530847114119, 0.14747954033131921, 0.10525646040573672, 0.029637182333435565, 0.24017491508242927, 0.018095619340164182, 0.07552962145210071, 0.02205211165399289, 0.02490597264009132, 0.09467550290110985, 0.1649125198313945, 0.0933568675533191, 0.053434164364649525, 0.020732308250060463, 0.32186436168854826, 0.09106789959426469, 0.0422202003333775, 0.034847204143809284, 0.01027819114649739, 0.06490404060269157, 0.041143935233611095, 0.031874536236231585, 0.053205678747608155, 0.060007229994220326, 0.07043756729777924, 0.02203525944901953, 0.06380653216709259, 0.223332837917697, 0.046674072570854645, 0.034313988540744, 0.1542958954630928, 0.020665109511502168, 0.33199264466292755, 0.008184804745450098, 0.303250850142022, 0.015044122565355006, 0.011437024730934397, 0.16590120319458784, 0.0350726066583785, 0.010933856489945977, 0.028980391573490957, 0.15784484373454125, 0.05419160653804225, 0.01753660639360181, 0.05706761301302618, 0.14418553384742075, 0.034279316911746335, 0.08533767353105123, 0.049844251085410594, 0.05101937123264741, 0.04178021469049028, 0.018691158878667125, 0.07185568005961512, 0.08036408003655503, 0.0747670477522671, 0.03108467203437605, 0.04232368387761267, 0.07556287852329781, 0.017706143226172335, 0.3200124138636854, 0.023899068805567213, 0.014144586468566544, 0.08012827996384497, 0.04886203240968402, 0.045761226900358595, 0.0011659113405605662, 0.13254473346143894, 0.08872475043394337, 0.0151842583608892, 0.06752457768140793, 0.02435471957871206, 0.1377819120550425, 0.008535650855728927, 0.10729007836795434, 0.013652053947634607]",0.070499455,0.072151916,0.013248366,2.031002871,1,TRUE,100
qf_2195--13/13_325145.txt#0_0,0,0.5,-2.22E-16,"[-2.220446049250313e-16, -0.0, -0.0, -0.0, -0.0, -0.0, -2.220446049250313e-16, 2.2204460492503128e-16, 3.330669073875469e-16, 3.330669073875469e-16, -2.220446049250313e-16, -2.220446049250313e-16, -0.0, -0.0, -0.0, -2.220446049250313e-16, -0.0, -0.0, 2.2204460492503128e-16, -2.220446049250313e-16, 2.2204460492503128e-16, 2.2204460492503128e-16, -2.220446049250313e-16, -4.440892098500627e-16, -2.220446049250313e-16, -4.440892098500627e-16, -0.0, -2.220446049250313e-16, 1.1102230246251565e-16, -2.220446049250313e-16, -0.0, -2.220446049250313e-16, -0.0, -0.0, -0.0, 1.1102230246251565e-16, 1.1102230246251565e-16, -0.0, -0.0, -0.0, -2.220446049250313e-16, -0.0, -4.440892098500627e-16, 2.2204460492503128e-16, -2.220446049250313e-16, -0.0, -2.220446049250313e-16, -4.440892098500627e-16, -2.220446049250313e-16, 1.1102230246251565e-16, -2.220446049250313e-16, -0.0, 3.330669073875469e-16, -0.0, -2.220446049250313e-16, -0.0, -2.220446049250313e-16, 3.330669073875469e-16, 2.2204460492503128e-16, -0.0, -0.0, -2.220446049250313e-16, -0.0, -4.440892098500627e-16, -0.0, -0.0, -2.220446049250313e-16, -0.0, 2.2204460492503128e-16, -0.0, 2.2204460492503128e-16, -4.440892098500627e-16, -4.440892098500627e-16, -0.0, -2.220446049250313e-16, -0.0, -0.0, -2.220446049250313e-16, -2.220446049250313e-16, -0.0, 1.1102230246251565e-16, -2.220446049250313e-16, -0.0, -0.0, -2.220446049250313e-16, -0.0, -2.220446049250313e-16, -2.220446049250313e-16, -4.440892098500627e-16, -2.220446049250313e-16, -0.0, -0.0, 1.1102230246251565e-16, -2.220446049250313e-16, -0.0, -2.220446049250313e-16, 1.1102230246251565e-16, -2.220446049250313e-16, -0.0, -0.0]",-6.55E-17,1.90E-16,1.57E-16,0.007270083,1,TRUE,100
qf_2195--13/13_325145.txt#0_0,0,1,-2.22E-16,"[2.2204460492503128e-16, -0.0, -2.220446049250313e-16, -2.220446049250313e-16, -4.440892098500627e-16, -0.0, -4.440892098500627e-16, -2.220446049250313e-16, -0.0, -0.0, -2.220446049250313e-16, 1.1102230246251565e-16, 2.2204460492503128e-16, 1.1102230246251565e-16, 2.2204460492503128e-16, 1.1102230246251565e-16, -2.220446049250313e-16, -2.220446049250313e-16, -2.220446049250313e-16, -0.0, -2.220446049250313e-16, -2.220446049250313e-16, -2.220446049250313e-16, 1.1102230246251565e-16, -0.0, -0.0, 1.1102230246251565e-16, -4.440892098500627e-16, -2.220446049250313e-16, -2.220446049250313e-16, -0.0, -2.220446049250313e-16, -2.220446049250313e-16, 2.2204460492503128e-16, -2.220446049250313e-16, -0.0, -4.440892098500627e-16, -0.0, -2.220446049250313e-16, -0.0, -4.440892098500627e-16, 2.2204460492503128e-16, 1.1102230246251565e-16, -2.220446049250313e-16, -0.0, -2.220446049250313e-16, -0.0, -2.220446049250313e-16, -2.220446049250313e-16, 2.2204460492503128e-16, -0.0, -2.220446049250313e-16, -0.0, -2.220446049250313e-16, -4.440892098500627e-16, 3.330669073875469e-16, -2.220446049250313e-16, -2.220446049250313e-16, -2.220446049250313e-16, -0.0, -2.220446049250313e-16, 1.1102230246251565e-16, -2.220446049250313e-16, -0.0, -2.220446049250313e-16, -2.220446049250313e-16, -4.440892098500627e-16, -0.0, 3.330669073875469e-16, -4.440892098500627e-16, -2.220446049250313e-16, -0.0, -2.220446049250313e-16, -2.220446049250313e-16, -2.220446049250313e-16, -2.220446049250313e-16, -2.220446049250313e-16, -0.0, -2.220446049250313e-16, 2.2204460492503128e-16, 2.2204460492503128e-16, -2.220446049250313e-16, -2.220446049250313e-16, -0.0, -2.220446049250313e-16, 2.2204460492503128e-16, 2.2204460492503128e-16, -2.220446049250313e-16, -2.220446049250313e-16, 1.1102230246251565e-16, 1.1102230246251565e-16, -2.220446049250313e-16, -0.0, -0.0, -2.220446049250313e-16, -4.440892098500627e-16, 3.330669073875469e-16, -0.0, -2.220446049250313e-16, -2.220446049250313e-16]",-9.77E-17,1.99E-16,1.24E-16,0.012927042,1,TRUE,100
qf_2195--13/13_325145.txt#0_0,0,2,-2.22E-16,"[-2.220446049250313e-16, -0.0, -0.0, -0.0, 2.2204460492503128e-16, -0.0, -0.0, 2.2204460492503128e-16, -2.220446049250313e-16, -4.440892098500627e-16, -0.0, -4.440892098500627e-16, -0.0, -2.220446049250313e-16, -0.0, -2.220446049250313e-16, -0.0, -2.220446049250313e-16, -4.440892098500627e-16, -4.440892098500627e-16, -2.220446049250313e-16, -0.0, -2.220446049250313e-16, -0.0, -4.440892098500627e-16, -0.0, 2.2204460492503128e-16, -2.220446049250313e-16, -4.440892098500627e-16, -0.0, -4.440892098500627e-16, 1.1102230246251565e-16, 2.2204460492503128e-16, -0.0, -0.0, -0.0, -2.220446049250313e-16, -2.220446049250313e-16, -0.0, -0.0, 1.1102230246251565e-16, -2.220446049250313e-16, -2.220446049250313e-16, -2.220446049250313e-16, -0.0, -2.220446049250313e-16, -2.220446049250313e-16, -4.440892098500627e-16, 1.1102230246251565e-16, -4.440892098500627e-16, -0.0, -2.220446049250313e-16, -0.0, -0.0, -0.0, -0.0, -0.0, 1.1102230246251565e-16, -0.0, 4.4408920985006257e-16, -0.0, -0.0, -0.0, -0.0, -0.0, -2.220446049250313e-16, -2.220446049250313e-16, -0.0, 2.2204460492503128e-16, 1.1102230246251565e-16, -0.0, -0.0, -2.220446049250313e-16, -4.440892098500627e-16, -4.440892098500627e-16, -2.220446049250313e-16, -2.220446049250313e-16, -2.220446049250313e-16, -2.220446049250313e-16, -0.0, -0.0, -0.0, 1.1102230246251565e-16, -0.0, -2.220446049250313e-16, 1.1102230246251565e-16, 1.1102230246251565e-16, -2.220446049250313e-16, -0.0, -0.0, 1.1102230246251565e-16, -0.0, -2.220446049250313e-16, -0.0, -2.220446049250313e-16, 1.1102230246251565e-16, -2.220446049250313e-16, 1.1102230246251565e-16, 2.2204460492503128e-16, -2.220446049250313e-16]",-8.33E-17,1.88E-16,1.39E-16,-0.0033044,1,TRUE,100
qf_2195--13/13_325145.txt#0_0,0.5,0.5,-2.22E-16,"[-0.0, -4.440892098500627e-16, -2.220446049250313e-16, -0.0, -2.220446049250313e-16, -2.220446049250313e-16, -0.0, -2.220446049250313e-16, -2.220446049250313e-16, -2.220446049250313e-16, -2.220446049250313e-16, -0.0, -0.0, -2.220446049250313e-16, -4.440892098500627e-16, -0.0, -2.220446049250313e-16, -2.220446049250313e-16, -0.0, -2.220446049250313e-16, -0.0, -2.220446049250313e-16, -2.220446049250313e-16, -0.0, 2.2204460492503128e-16, -0.0, -2.220446049250313e-16, -0.0, -0.0, -0.0, -2.220446049250313e-16, -0.0, -4.440892098500627e-16, -2.220446049250313e-16, -0.0, -0.0, -0.0, -4.440892098500627e-16, -2.220446049250313e-16, -2.220446049250313e-16, -2.220446049250313e-16, -0.0, -0.0, 1.1102230246251565e-16, -0.0, 4.4408920985006257e-16, -2.220446049250313e-16, -4.440892098500627e-16, -0.0, -0.0, -0.0, -0.0, 2.2204460492503128e-16, -0.0, 1.1102230246251565e-16, -0.0, -0.0, -2.220446049250313e-16, -0.0, -2.220446049250313e-16, -2.220446049250313e-16, 1.1102230246251565e-16, -2.220446049250313e-16, -0.0, -0.0, -2.220446049250313e-16, -0.0, -4.440892098500627e-16, -2.220446049250313e-16, -2.220446049250313e-16, -0.0, -2.220446049250313e-16, -4.440892098500627e-16, -0.0, -0.0, -0.0, -4.440892098500627e-16, -2.220446049250313e-16, -4.440892098500627e-16, 1.1102230246251565e-16, -0.0, 1.1102230246251565e-16, -2.220446049250313e-16, -0.0, -2.220446049250313e-16, -2.220446049250313e-16, -0.0, -2.220446049250313e-16, -4.440892098500627e-16, -0.0, -0.0, -0.0, -4.440892098500627e-16, -4.440892098500627e-16, -2.220446049250313e-16, -0.0, -2.220446049250313e-16, -0.0, 1.1102230246251565e-16, -2.220446049250313e-16]",-1.18E-16,1.77E-16,1.04E-16,0.503630854,1,TRUE,100
qf_2195--13/13_325145.txt#0_0,0.5,1,-2.22E-16,"[2.2204460492503128e-16, -0.0, 2.2204460492503128e-16, -2.220446049250313e-16, -0.0, -2.220446049250313e-16, -2.220446049250313e-16, -0.0, -2.220446049250313e-16, -0.0, -2.220446049250313e-16, -0.0, 1.1102230246251565e-16, -2.220446049250313e-16, -0.0, -4.440892098500627e-16, -2.220446049250313e-16, -0.0, -0.0, 1.1102230246251565e-16, -2.220446049250313e-16, -2.220446049250313e-16, -2.220446049250313e-16, -2.220446049250313e-16, -0.0, -2.220446049250313e-16, -0.0, -0.0, -0.0, -0.0, -0.0, -0.0, -2.220446049250313e-16, -0.0, -0.0, 1.1102230246251565e-16, 1.1102230246251565e-16, -0.0, -4.440892098500627e-16, 1.1102230246251565e-16, -0.0, 1.1102230246251565e-16, -0.0, -2.220446049250313e-16, -2.220446049250313e-16, -0.0, -2.220446049250313e-16, 4.4408920985006257e-16, 3.330669073875469e-16, 1.1102230246251565e-16, -4.440892098500627e-16, 1.1102230246251565e-16, 1.1102230246251565e-16, -0.0, -0.0, -4.440892098500627e-16, -0.0, -0.0, -2.220446049250313e-16, -2.220446049250313e-16, -0.0, -0.0, 1.1102230246251565e-16, -0.0, -2.220446049250313e-16, -4.440892098500627e-16, -0.0, -0.0, -2.220446049250313e-16, -0.0, 1.1102230246251565e-16, -2.220446049250313e-16, 1.1102230246251565e-16, -0.0, 1.1102230246251565e-16, -4.440892098500627e-16, -2.220446049250313e-16, -0.0, -0.0, -2.220446049250313e-16, -2.220446049250313e-16, -0.0, 2.2204460492503128e-16, 2.2204460492503128e-16, -4.440892098500627e-16, -2.220446049250313e-16, -2.220446049250313e-16, -0.0, -2.220446049250313e-16, -0.0, -2.220446049250313e-16, -2.220446049250313e-16, -0.0, -0.0, -2.220446049250313e-16, 2.2204460492503128e-16, -2.220446049250313e-16, -2.220446049250313e-16, -2.220446049250313e-16, -2.220446049250313e-16]",-7.33E-17,1.80E-16,1.49E-16,0.501116568,1,TRUE,100
qf_2195--13/13_325145.txt#0_0,0.5,2,-2.22E-16,"[-0.0, 1.1102230246251565e-16, 1.1102230246251565e-16, -0.0, -2.220446049250313e-16, 1.1102230246251565e-16, -0.0, -2.220446049250313e-16, -0.0, -0.0, 3.330669073875469e-16, -0.0, -2.220446049250313e-16, -0.0, -2.220446049250313e-16, -0.0, -2.220446049250313e-16, -2.220446049250313e-16, -2.220446049250313e-16, -0.0, -2.220446049250313e-16, -0.0, -2.220446049250313e-16, -4.440892098500627e-16, -2.220446049250313e-16, 1.1102230246251565e-16, 2.2204460492503128e-16, -0.0, -0.0, -2.220446049250313e-16, -2.220446049250313e-16, -2.220446049250313e-16, -2.220446049250313e-16, -0.0, -2.220446049250313e-16, -2.220446049250313e-16, -2.220446049250313e-16, -2.220446049250313e-16, -2.220446049250313e-16, 1.1102230246251565e-16, -0.0, -4.440892098500627e-16, -0.0, -2.220446049250313e-16, -2.220446049250313e-16, -2.220446049250313e-16, -2.220446049250313e-16, -2.220446049250313e-16, -0.0, 3.330669073875469e-16, -4.440892098500627e-16, 1.1102230246251565e-16, 2.2204460492503128e-16, -4.440892098500627e-16, -2.220446049250313e-16, 1.1102230246251565e-16, -4.440892098500627e-16, -0.0, -0.0, -2.220446049250313e-16, -0.0, 1.1102230246251565e-16, -0.0, -0.0, -4.440892098500627e-16, 1.1102230246251565e-16, -2.220446049250313e-16, -0.0, -0.0, -0.0, 1.1102230246251565e-16, 1.1102230246251565e-16, -0.0, -0.0, -0.0, -2.220446049250313e-16, -0.0, -0.0, -2.220446049250313e-16, 1.1102230246251565e-16, -0.0, -0.0, 1.1102230246251565e-16, -0.0, -2.220446049250313e-16, -2.220446049250313e-16, -0.0, -2.220446049250313e-16, -2.220446049250313e-16, -0.0, -2.220446049250313e-16, -0.0, 3.330669073875469e-16, -0.0, 1.1102230246251565e-16, -2.220446049250313e-16, 2.2204460492503128e-16, -0.0, -0.0, -2.220446049250313e-16]",-7.44E-17,1.75E-16,1.48E-16,0.46465872,1,TRUE,100
qf_2195--13/13_325145.txt#0_0,1,0.5,-2.22E-16,"[-2.220446049250313e-16, -0.0, 1.1102230246251565e-16, -2.220446049250313e-16, -0.0, 2.2204460492503128e-16, -2.220446049250313e-16, -0.0, -2.220446049250313e-16, 2.2204460492503128e-16, -0.0, -0.0, -0.0, 1.1102230246251565e-16, 1.1102230246251565e-16, -0.0, -4.440892098500627e-16, -2.220446049250313e-16, -2.220446049250313e-16, -2.220446049250313e-16, 1.1102230246251565e-16, -2.220446049250313e-16, -0.0, -2.220446049250313e-16, -2.220446049250313e-16, -0.0, -0.0, -0.0, -4.440892098500627e-16, -2.220446049250313e-16, -2.220446049250313e-16, 1.1102230246251565e-16, -0.0, -4.440892098500627e-16, -0.0, -4.440892098500627e-16, -2.220446049250313e-16, 2.2204460492503128e-16, -0.0, -0.0, -2.220446049250313e-16, -4.440892098500627e-16, -4.440892098500627e-16, 1.1102230246251565e-16, -2.220446049250313e-16, -0.0, -2.220446049250313e-16, -2.220446049250313e-16, -2.220446049250313e-16, -0.0, -0.0, -0.0, -2.220446049250313e-16, -2.220446049250313e-16, -0.0, -0.0, 1.1102230246251565e-16, -0.0, -4.440892098500627e-16, -2.220446049250313e-16, -0.0, -2.220446049250313e-16, -4.440892098500627e-16, -2.220446049250313e-16, -2.220446049250313e-16, -2.220446049250313e-16, -0.0, -2.220446049250313e-16, 1.1102230246251565e-16, 2.2204460492503128e-16, -0.0, 1.1102230246251565e-16, 2.2204460492503128e-16, -4.440892098500627e-16, -2.220446049250313e-16, -2.220446049250313e-16, -4.440892098500627e-16, -2.220446049250313e-16, -2.220446049250313e-16, 2.2204460492503128e-16, -2.220446049250313e-16, -2.220446049250313e-16, 1.1102230246251565e-16, -2.220446049250313e-16, -2.220446049250313e-16, -2.220446049250313e-16, -2.220446049250313e-16, 1.1102230246251565e-16, 1.1102230246251565e-16, -0.0, -2.220446049250313e-16, -0.0, -2.220446049250313e-16, -2.220446049250313e-16, -0.0, -0.0, 2.2204460492503128e-16, -0.0, -4.440892098500627e-16, -0.0]",-1.07E-16,1.86E-16,1.15E-16,1.002306392,1,TRUE,100
qf_2195--13/13_325145.txt#0_0,1,1,-2.22E-16,"[-0.0, -2.220446049250313e-16, 1.1102230246251565e-16, 1.1102230246251565e-16, -0.0, -0.0, -2.220446049250313e-16, -0.0, -2.220446049250313e-16, -2.220446049250313e-16, -2.220446049250313e-16, -2.220446049250313e-16, -0.0, 2.2204460492503128e-16, -2.220446049250313e-16, -4.440892098500627e-16, -0.0, -4.440892098500627e-16, -0.0, -0.0, 1.1102230246251565e-16, -0.0, -2.220446049250313e-16, -0.0, -2.220446049250313e-16, -0.0, -2.220446049250313e-16, -0.0, -2.220446049250313e-16, 2.2204460492503128e-16, -0.0, -0.0, 1.1102230246251565e-16, -0.0, -0.0, -0.0, -2.220446049250313e-16, -2.220446049250313e-16, -2.220446049250313e-16, -0.0, -2.220446049250313e-16, -0.0, -0.0, -4.440892098500627e-16, -2.220446049250313e-16, -2.220446049250313e-16, -2.220446049250313e-16, -2.220446049250313e-16, -4.440892098500627e-16, -2.220446049250313e-16, -2.220446049250313e-16, -2.220446049250313e-16, -2.220446049250313e-16, -0.0, -0.0, -0.0, -0.0, -2.220446049250313e-16, -2.220446049250313e-16, 1.1102230246251565e-16, 1.1102230246251565e-16, -2.220446049250313e-16, 1.1102230246251565e-16, -0.0, -0.0, -0.0, -0.0, -0.0, -4.440892098500627e-16, -0.0, -2.220446049250313e-16, 1.1102230246251565e-16, -0.0, -0.0, -0.0, -4.440892098500627e-16, -0.0, 1.1102230246251565e-16, -0.0, -2.220446049250313e-16, -6.661338147750941e-16, -2.220446049250313e-16, -2.220446049250313e-16, -0.0, -2.220446049250313e-16, -0.0, 1.1102230246251565e-16, -4.440892098500627e-16, 1.1102230246251565e-16, -2.220446049250313e-16, -2.220446049250313e-16, -2.220446049250313e-16, -2.220446049250313e-16, -0.0, -2.220446049250313e-16, -0.0, -2.220446049250313e-16, -0.0, -2.220446049250313e-16, -4.440892098500627e-16]",-1.10E-16,1.71E-16,1.12E-16,1.000213177,1,TRUE,100
qf_2195--13/13_325145.txt#0_0,1,2,-2.22E-16,"[2.2204460492503128e-16, -4.440892098500627e-16, -0.0, -2.220446049250313e-16, -0.0, -2.220446049250313e-16, -0.0, -4.440892098500627e-16, -0.0, 1.1102230246251565e-16, -2.220446049250313e-16, -0.0, -2.220446049250313e-16, -0.0, -2.220446049250313e-16, 1.1102230246251565e-16, -2.220446049250313e-16, -2.220446049250313e-16, -0.0, 1.1102230246251565e-16, -4.440892098500627e-16, -2.220446049250313e-16, -2.220446049250313e-16, -2.220446049250313e-16, -0.0, -2.220446049250313e-16, -0.0, -4.440892098500627e-16, -0.0, 1.1102230246251565e-16, -2.220446049250313e-16, -2.220446049250313e-16, -0.0, -0.0, -4.440892098500627e-16, -0.0, -6.661338147750941e-16, 1.1102230246251565e-16, -2.220446049250313e-16, -2.220446049250313e-16, -2.220446049250313e-16, 2.2204460492503128e-16, 1.1102230246251565e-16, -0.0, -6.661338147750941e-16, -2.220446049250313e-16, -0.0, -2.220446049250313e-16, -0.0, -0.0, -0.0, 1.1102230246251565e-16, -2.220446049250313e-16, -2.220446049250313e-16, -2.220446049250313e-16, -0.0, 3.330669073875469e-16, 1.1102230246251565e-16, -4.440892098500627e-16, -0.0, -2.220446049250313e-16, -2.220446049250313e-16, -4.440892098500627e-16, 1.1102230246251565e-16, -0.0, -0.0, -2.220446049250313e-16, -2.220446049250313e-16, -2.220446049250313e-16, -0.0, 1.1102230246251565e-16, -4.440892098500627e-16, -2.220446049250313e-16, -0.0, 3.330669073875469e-16, 3.330669073875469e-16, 1.1102230246251565e-16, -4.440892098500627e-16, -0.0, -0.0, -2.220446049250313e-16, -0.0, -0.0, -4.440892098500627e-16, -2.220446049250313e-16, -4.440892098500627e-16, -4.440892098500627e-16, -0.0, -4.440892098500627e-16, -4.440892098500627e-16, -0.0, -4.440892098500627e-16, 1.1102230246251565e-16, -2.220446049250313e-16, -2.220446049250313e-16, -0.0, 1.1102230246251565e-16, -0.0, -0.0, -2.220446049250313e-16]",-1.22E-16,2.13E-16,9.99E-17,0.99647428,1,TRUE,100
qf_2195--13/13_325145.txt#0_0,2,0.5,-2.22E-16,"[-4.440892098500627e-16, -2.220446049250313e-16, -0.0, 1.1102230246251565e-16, 1.1102230246251565e-16, 1.1102230246251565e-16, 4.4408920985006257e-16, 2.2204460492503128e-16, -2.220446049250313e-16, -4.440892098500627e-16, 2.2204460492503128e-16, -0.0, -4.440892098500627e-16, 1.1102230246251565e-16, 2.2204460492503128e-16, -6.661338147750941e-16, -0.0, -0.0, -0.0, 1.1102230246251565e-16, -4.440892098500627e-16, -4.440892098500627e-16, 3.330669073875469e-16, -0.0, 1.1102230246251565e-16, -4.440892098500627e-16, -4.440892098500627e-16, -2.220446049250313e-16, -4.440892098500627e-16, -4.440892098500627e-16, 3.330669073875469e-16, 2.2204460492503128e-16, -2.220446049250313e-16, -4.440892098500627e-16, -4.440892098500627e-16, -6.661338147750941e-16, -6.661338147750941e-16, -2.220446049250313e-16, -0.0, -4.440892098500627e-16, -0.0, -0.0, -4.440892098500627e-16, -2.220446049250313e-16, 2.2204460492503128e-16, -6.661338147750941e-16, -6.661338147750941e-16, -4.440892098500627e-16, -2.220446049250313e-16, -2.220446049250313e-16, -2.220446049250313e-16, 2.2204460492503128e-16, -0.0, -2.220446049250313e-16, 2.2204460492503128e-16, 1.1102230246251565e-16, 2.2204460492503128e-16, -4.440892098500627e-16, 1.1102230246251565e-16, 2.2204460492503128e-16, -0.0, -4.440892098500627e-16, -4.440892098500627e-16, 2.2204460492503128e-16, -4.440892098500627e-16, 2.2204460492503128e-16, -0.0, -0.0, 3.330669073875469e-16, -4.440892098500627e-16, 2.2204460492503128e-16, 2.2204460492503128e-16, -6.661338147750941e-16, -4.440892098500627e-16, -0.0, -4.440892098500627e-16, -4.440892098500627e-16, 2.2204460492503128e-16, -2.220446049250313e-16, 2.2204460492503128e-16, -2.220446049250313e-16, -4.440892098500627e-16, -2.220446049250313e-16, 3.330669073875469e-16, -6.661338147750941e-16, 2.2204460492503128e-16, -4.440892098500627e-16, 3.330669073875469e-16, 2.2204460492503128e-16, -4.440892098500627e-16, -2.220446049250313e-16, -2.220446049250313e-16, -2.220446049250313e-16, -6.661338147750941e-16, -4.440892098500627e-16, 5.551115123125782e-16, 2.2204460492503128e-16, -4.440892098500627e-16, -2.220446049250313e-16, 2.2204460492503128e-16]",-1.33E-16,3.17E-16,8.88E-17,2.004831373,1,TRUE,100
qf_2195--13/13_325145.txt#0_0,2,1,-2.22E-16,"[-2.220446049250313e-16, -0.0, 1.1102230246251565e-16, -0.0, -2.220446049250313e-16, 3.330669073875469e-16, -0.0, -0.0, -4.440892098500627e-16, -4.440892098500627e-16, 4.4408920985006257e-16, 1.1102230246251565e-16, -2.220446049250313e-16, -0.0, -2.220446049250313e-16, 1.1102230246251565e-16, -4.440892098500627e-16, -6.661338147750941e-16, -0.0, -0.0, 1.1102230246251565e-16, -2.220446049250313e-16, -0.0, -6.661338147750941e-16, -4.440892098500627e-16, 1.1102230246251565e-16, -4.440892098500627e-16, -0.0, -2.220446049250313e-16, -0.0, -0.0, 2.2204460492503128e-16, -6.661338147750941e-16, -2.220446049250313e-16, -2.220446049250313e-16, -4.440892098500627e-16, -2.220446049250313e-16, 3.330669073875469e-16, 1.1102230246251565e-16, 1.1102230246251565e-16, -2.220446049250313e-16, 2.2204460492503128e-16, -6.661338147750941e-16, -0.0, -6.661338147750941e-16, -2.220446049250313e-16, -4.440892098500627e-16, -0.0, 2.2204460492503128e-16, -4.440892098500627e-16, -4.440892098500627e-16, 1.1102230246251565e-16, -4.440892098500627e-16, -2.220446049250313e-16, -0.0, 1.1102230246251565e-16, 3.330669073875469e-16, -0.0, 2.2204460492503128e-16, 1.1102230246251565e-16, -0.0, -2.220446049250313e-16, -6.661338147750941e-16, 1.1102230246251565e-16, -4.440892098500627e-16, 4.4408920985006257e-16, -2.220446049250313e-16, -6.661338147750941e-16, -2.220446049250313e-16, -0.0, -4.440892098500627e-16, -4.440892098500627e-16, -0.0, -4.440892098500627e-16, 2.2204460492503128e-16, -4.440892098500627e-16, -4.440892098500627e-16, -4.440892098500627e-16, -0.0, -2.220446049250313e-16, -0.0, -4.440892098500627e-16, -6.661338147750941e-16, -2.220446049250313e-16, -4.440892098500627e-16, -6.661338147750941e-16, -2.220446049250313e-16, -4.440892098500627e-16, 3.330669073875469e-16, -4.440892098500627e-16, -4.440892098500627e-16, 1.1102230246251565e-16, 1.1102230246251565e-16, -4.440892098500627e-16, -4.440892098500627e-16, -2.220446049250313e-16, -0.0, 2.2204460492503128e-16, -2.220446049250313e-16, 2.2204460492503128e-16]",-1.59E-16,2.92E-16,6.33E-17,2.009262546,1,TRUE,100
qf_2195--13/13_325145.txt#0_0,2,2,-2.22E-16,"[-2.220446049250313e-16, -2.220446049250313e-16, 2.2204460492503128e-16, -6.661338147750941e-16, -0.0, -4.440892098500627e-16, -4.440892098500627e-16, -6.661338147750941e-16, -2.220446049250313e-16, -2.220446049250313e-16, 3.330669073875469e-16, -6.661338147750941e-16, -4.440892098500627e-16, -6.661338147750941e-16, -0.0, -2.220446049250313e-16, -2.220446049250313e-16, -2.220446049250313e-16, -0.0, -6.661338147750941e-16, 1.1102230246251565e-16, -4.440892098500627e-16, -4.440892098500627e-16, -0.0, -2.220446049250313e-16, 2.2204460492503128e-16, -0.0, -4.440892098500627e-16, -2.220446049250313e-16, -2.220446049250313e-16, -4.440892098500627e-16, 2.2204460492503128e-16, -2.220446049250313e-16, -2.220446049250313e-16, -2.220446049250313e-16, -2.220446049250313e-16, 1.1102230246251565e-16, -2.220446049250313e-16, -2.220446049250313e-16, 1.1102230246251565e-16, -6.661338147750941e-16, -6.661338147750941e-16, 1.1102230246251565e-16, -2.220446049250313e-16, -6.661338147750941e-16, -4.440892098500627e-16, -0.0, -2.220446049250313e-16, 1.1102230246251565e-16, -0.0, -6.661338147750941e-16, 2.2204460492503128e-16, -2.220446049250313e-16, -6.661338147750941e-16, -2.220446049250313e-16, -4.440892098500627e-16, -0.0, -2.220446049250313e-16, -0.0, 1.1102230246251565e-16, -0.0, 2.2204460492503128e-16, -8.881784197001256e-16, -4.440892098500627e-16, -2.220446049250313e-16, 2.2204460492503128e-16, -2.220446049250313e-16, -2.220446049250313e-16, -0.0, -4.440892098500627e-16, -0.0, -4.440892098500627e-16, -4.440892098500627e-16, -4.440892098500627e-16, -6.661338147750941e-16, -0.0, -0.0, -4.440892098500627e-16, -6.661338147750941e-16, -4.440892098500627e-16, -0.0, -0.0, -2.220446049250313e-16, -2.220446049250313e-16, -4.440892098500627e-16, -4.440892098500627e-16, -2.220446049250313e-16, -6.661338147750941e-16, 3.330669073875469e-16, -2.220446049250313e-16, -2.220446049250313e-16, -4.440892098500627e-16, -2.220446049250313e-16, -4.440892098500627e-16, 3.330669073875469e-16, -6.661338147750941e-16, -4.440892098500627e-16, -0.0, -4.440892098500627e-16, -4.440892098500627e-16]",-2.41E-16,2.81E-16,-1.89E-17,2.030224843,1,TRUE,100
bb_5330--140/140_950316.txt#0_1,0,0.5,-2.22E-16,"[-0.0, -0.0, -0.0, -0.0, 1.1102230246251565e-16, 1.1102230246251565e-16, -2.220446049250313e-16, -0.0, 1.1102230246251565e-16, -0.0, -0.0, -2.220446049250313e-16, -0.0, -4.440892098500627e-16, -2.220446049250313e-16, -2.220446049250313e-16, -0.0, -0.0, -2.220446049250313e-16, -0.0, -0.0, -0.0, -2.220446049250313e-16, -2.220446049250313e-16, -2.220446049250313e-16, 1.1102230246251565e-16, -2.220446049250313e-16, -2.220446049250313e-16, 1.1102230246251565e-16, -2.220446049250313e-16, -2.220446049250313e-16, -0.0, -2.220446049250313e-16, -2.220446049250313e-16, -0.0, -0.0, 1.1102230246251565e-16, -2.220446049250313e-16, -0.0, -2.220446049250313e-16, -4.440892098500627e-16, -0.0, -4.440892098500627e-16, -2.220446049250313e-16, 1.1102230246251565e-16, -0.0, -2.220446049250313e-16, -0.0, -0.0, -4.440892098500627e-16, -2.220446049250313e-16, -0.0, -0.0, 1.1102230246251565e-16, -0.0, -2.220446049250313e-16, -2.220446049250313e-16, -0.0, 2.2204460492503128e-16, 1.1102230246251565e-16, -4.440892098500627e-16, -2.220446049250313e-16, -0.0, -0.0, -0.0, -2.220446049250313e-16, -0.0, -4.440892098500627e-16, -2.220446049250313e-16, -4.440892098500627e-16, -2.220446049250313e-16, 1.1102230246251565e-16, -0.0, -2.220446049250313e-16, -0.0, -0.0, -0.0, -2.220446049250313e-16, -0.0, 2.2204460492503128e-16, -0.0, 2.2204460492503128e-16, -0.0, -2.220446049250313e-16, -4.440892098500627e-16, -0.0, -2.220446049250313e-16, -0.0, -0.0, -0.0, 1.1102230246251565e-16, 3.330669073875469e-16, -2.220446049250313e-16, -0.0, 2.2204460492503128e-16, -2.220446049250313e-16, -0.0, -2.220446049250313e-16, 2.2204460492503128e-16, -2.220446049250313e-16]",-8.22E-17,1.74E-16,1.40E-16,0.010029739,1,TRUE,100
bb_5330--140/140_950316.txt#0_1,0,1,-2.22E-16,"[-0.0, -4.440892098500627e-16, -2.220446049250313e-16, -0.0, 1.1102230246251565e-16, -0.0, 1.1102230246251565e-16, -0.0, -2.220446049250313e-16, -2.220446049250313e-16, -0.0, -0.0, -0.0, -2.220446049250313e-16, -2.220446049250313e-16, -0.0, -4.440892098500627e-16, -0.0, -4.440892098500627e-16, -4.440892098500627e-16, 1.1102230246251565e-16, -0.0, -2.220446049250313e-16, -2.220446049250313e-16, -0.0, -0.0, -2.220446049250313e-16, 1.1102230246251565e-16, -0.0, 1.1102230246251565e-16, -0.0, -2.220446049250313e-16, 1.1102230246251565e-16, -2.220446049250313e-16, -2.220446049250313e-16, -0.0, -2.220446049250313e-16, -0.0, -4.440892098500627e-16, -2.220446049250313e-16, -2.220446049250313e-16, 3.330669073875469e-16, -2.220446049250313e-16, -2.220446049250313e-16, -2.220446049250313e-16, 1.1102230246251565e-16, 1.1102230246251565e-16, 1.1102230246251565e-16, -0.0, -0.0, -0.0, 1.1102230246251565e-16, -0.0, 2.2204460492503128e-16, -0.0, -2.220446049250313e-16, -0.0, -0.0, -4.440892098500627e-16, -0.0, 1.1102230246251565e-16, -0.0, 2.2204460492503128e-16, -0.0, -2.220446049250313e-16, -0.0, -2.220446049250313e-16, -2.220446049250313e-16, 1.1102230246251565e-16, -2.220446049250313e-16, -2.220446049250313e-16, -2.220446049250313e-16, -0.0, -2.220446049250313e-16, 2.2204460492503128e-16, -2.220446049250313e-16, -0.0, -0.0, -2.220446049250313e-16, -0.0, 2.2204460492503128e-16, 1.1102230246251565e-16, -2.220446049250313e-16, -0.0, -0.0, -2.220446049250313e-16, -2.220446049250313e-16, -0.0, -0.0, -2.220446049250313e-16, -2.220446049250313e-16, -2.220446049250313e-16, -2.220446049250313e-16, -2.220446049250313e-16, -2.220446049250313e-16, -2.220446049250313e-16, -0.0, -0.0, -0.0, 1.1102230246251565e-16]",-8.10E-17,1.68E-16,1.41E-16,0.016007148,1,TRUE,100
bb_5330--140/140_950316.txt#0_1,0,2,-2.22E-16,"[1.1102230246251565e-16, -0.0, -4.440892098500627e-16, -4.440892098500627e-16, -2.220446049250313e-16, -4.440892098500627e-16, -2.220446049250313e-16, -0.0, -0.0, -0.0, 3.330669073875469e-16, 1.1102230246251565e-16, 1.1102230246251565e-16, -0.0, -2.220446049250313e-16, 1.1102230246251565e-16, -0.0, 1.1102230246251565e-16, -8.881784197001256e-16, 1.1102230246251565e-16, 2.2204460492503128e-16, -2.220446049250313e-16, -0.0, -0.0, -4.440892098500627e-16, 2.2204460492503128e-16, -4.440892098500627e-16, -0.0, -4.440892098500627e-16, -2.220446049250313e-16, -0.0, -2.220446049250313e-16, -2.220446049250313e-16, -0.0, -2.220446049250313e-16, -2.220446049250313e-16, -0.0, -0.0, -4.440892098500627e-16, -4.440892098500627e-16, -0.0, -0.0, 2.2204460492503128e-16, -0.0, -4.440892098500627e-16, -0.0, -4.440892098500627e-16, -2.220446049250313e-16, -2.220446049250313e-16, 1.1102230246251565e-16, -4.440892098500627e-16, -2.220446049250313e-16, 2.2204460492503128e-16, -4.440892098500627e-16, -4.440892098500627e-16, -0.0, 1.1102230246251565e-16, 2.2204460492503128e-16, -0.0, -0.0, -2.220446049250313e-16, 2.2204460492503128e-16, -2.220446049250313e-16, 1.1102230246251565e-16, -2.220446049250313e-16, -0.0, -2.220446049250313e-16, -0.0, -2.220446049250313e-16, -2.220446049250313e-16, 2.2204460492503128e-16, -0.0, 3.330669073875469e-16, -2.220446049250313e-16, -0.0, -2.220446049250313e-16, -2.220446049250313e-16, -2.220446049250313e-16, -4.440892098500627e-16, -2.220446049250313e-16, 4.4408920985006257e-16, -0.0, -0.0, -4.440892098500627e-16, -0.0, -2.220446049250313e-16, -0.0, 1.1102230246251565e-16, 2.2204460492503128e-16, -0.0, -0.0, -2.220446049250313e-16, -0.0, -4.440892098500627e-16, -4.440892098500627e-16, -4.440892098500627e-16, -4.440892098500627e-16, 1.1102230246251565e-16, -2.220446049250313e-16, -4.440892098500627e-16]",-1.14E-16,2.38E-16,1.08E-16,-0.077687258,1,TRUE,100
bb_5330--140/140_950316.txt#0_1,0.5,0.5,-2.22E-16,"[-0.0, -2.220446049250313e-16, -2.220446049250313e-16, 2.2204460492503128e-16, -2.220446049250313e-16, -0.0, -0.0, -2.220446049250313e-16, -2.220446049250313e-16, -2.220446049250313e-16, 1.1102230246251565e-16, -2.220446049250313e-16, -4.440892098500627e-16, -4.440892098500627e-16, 3.330669073875469e-16, 2.2204460492503128e-16, -2.220446049250313e-16, -2.220446049250313e-16, -0.0, 1.1102230246251565e-16, -2.220446049250313e-16, -2.220446049250313e-16, -2.220446049250313e-16, -0.0, -4.440892098500627e-16, -2.220446049250313e-16, -2.220446049250313e-16, -2.220446049250313e-16, -4.440892098500627e-16, -2.220446049250313e-16, -2.220446049250313e-16, -2.220446049250313e-16, -0.0, -2.220446049250313e-16, -2.220446049250313e-16, -2.220446049250313e-16, -0.0, -2.220446049250313e-16, -2.220446049250313e-16, -0.0, -0.0, 3.330669073875469e-16, -2.220446049250313e-16, -2.220446049250313e-16, -0.0, -2.220446049250313e-16, -2.220446049250313e-16, -4.440892098500627e-16, 1.1102230246251565e-16, 1.1102230246251565e-16, -2.220446049250313e-16, 1.1102230246251565e-16, 1.1102230246251565e-16, -4.440892098500627e-16, -0.0, -2.220446049250313e-16, 3.330669073875469e-16, -0.0, -4.440892098500627e-16, -4.440892098500627e-16, -0.0, 1.1102230246251565e-16, -2.220446049250313e-16, 1.1102230246251565e-16, -2.220446049250313e-16, -2.220446049250313e-16, -2.220446049250313e-16, 1.1102230246251565e-16, -2.220446049250313e-16, -0.0, -0.0, -0.0, -0.0, -2.220446049250313e-16, -2.220446049250313e-16, 1.1102230246251565e-16, -2.220446049250313e-16, 1.1102230246251565e-16, -2.220446049250313e-16, 1.1102230246251565e-16, 1.1102230246251565e-16, -0.0, -0.0, -2.220446049250313e-16, 1.1102230246251565e-16, -2.220446049250313e-16, -2.220446049250313e-16, -0.0, -0.0, -0.0, 1.1102230246251565e-16, -0.0, -2.220446049250313e-16, -0.0, -2.220446049250313e-16, 1.1102230246251565e-16, -2.220446049250313e-16, -0.0, -2.220446049250313e-16, -2.220446049250313e-16]",-1.05E-16,1.83E-16,1.17E-16,0.497369684,1,TRUE,100
bb_5330--140/140_950316.txt#0_1,0.5,1,-2.22E-16,"[-2.220446049250313e-16, -4.440892098500627e-16, -2.220446049250313e-16, -0.0, -2.220446049250313e-16, -0.0, 1.1102230246251565e-16, 1.1102230246251565e-16, -0.0, 3.330669073875469e-16, -4.440892098500627e-16, -2.220446049250313e-16, -0.0, 1.1102230246251565e-16, -2.220446049250313e-16, -0.0, 3.330669073875469e-16, -0.0, 3.330669073875469e-16, -4.440892098500627e-16, -0.0, -0.0, -0.0, -2.220446049250313e-16, -0.0, -0.0, -2.220446049250313e-16, -2.220446049250313e-16, -2.220446049250313e-16, -0.0, -2.220446049250313e-16, -4.440892098500627e-16, 2.2204460492503128e-16, -2.220446049250313e-16, -2.220446049250313e-16, -4.440892098500627e-16, 1.1102230246251565e-16, -0.0, -2.220446049250313e-16, -0.0, -0.0, -0.0, -2.220446049250313e-16, -0.0, -2.220446049250313e-16, -2.220446049250313e-16, -2.220446049250313e-16, -0.0, -0.0, 1.1102230246251565e-16, -4.440892098500627e-16, 1.1102230246251565e-16, -4.440892098500627e-16, -6.661338147750941e-16, -0.0, -2.220446049250313e-16, -2.220446049250313e-16, -0.0, 1.1102230246251565e-16, -0.0, 2.2204460492503128e-16, -4.440892098500627e-16, -0.0, -2.220446049250313e-16, -0.0, -0.0, -2.220446049250313e-16, 3.330669073875469e-16, -0.0, 2.2204460492503128e-16, -0.0, -2.220446049250313e-16, -2.220446049250313e-16, -4.440892098500627e-16, -2.220446049250313e-16, -2.220446049250313e-16, -2.220446049250313e-16, -2.220446049250313e-16, -0.0, 2.2204460492503128e-16, -2.220446049250313e-16, 1.1102230246251565e-16, -4.440892098500627e-16, -2.220446049250313e-16, -0.0, -4.440892098500627e-16, 3.330669073875469e-16, -2.220446049250313e-16, -4.440892098500627e-16, -2.220446049250313e-16, -6.661338147750941e-16, -2.220446049250313e-16, 2.2204460492503128e-16, -2.220446049250313e-16, 1.1102230246251565e-16, -0.0, -0.0, -0.0, -2.220446049250313e-16, -0.0]",-1.04E-16,2.18E-16,1.18E-16,0.462120861,1,TRUE,100
bb_5330--140/140_950316.txt#0_1,0.5,2,-2.22E-16,"[-4.440892098500627e-16, -4.440892098500627e-16, -2.220446049250313e-16, 1.1102230246251565e-16, -0.0, -0.0, -2.220446049250313e-16, -2.220446049250313e-16, -0.0, -2.220446049250313e-16, -6.661338147750941e-16, -2.220446049250313e-16, 1.1102230246251565e-16, -4.440892098500627e-16, -2.220446049250313e-16, -2.220446049250313e-16, -0.0, -2.220446049250313e-16, 4.4408920985006257e-16, -6.661338147750941e-16, 1.1102230246251565e-16, -2.220446049250313e-16, -2.220446049250313e-16, -2.220446049250313e-16, 2.2204460492503128e-16, -6.661338147750941e-16, -6.661338147750941e-16, -6.661338147750941e-16, -6.661338147750941e-16, -4.440892098500627e-16, -2.220446049250313e-16, -0.0, -2.220446049250313e-16, 2.2204460492503128e-16, -4.440892098500627e-16, -2.220446049250313e-16, -4.440892098500627e-16, -0.0, -0.0, -0.0, 1.1102230246251565e-16, -0.0, -0.0, 1.1102230246251565e-16, -2.220446049250313e-16, -0.0, -2.220446049250313e-16, -4.440892098500627e-16, -4.440892098500627e-16, -2.220446049250313e-16, 1.1102230246251565e-16, -2.220446049250313e-16, -2.220446049250313e-16, -2.220446049250313e-16, -4.440892098500627e-16, -2.220446049250313e-16, 1.1102230246251565e-16, 1.1102230246251565e-16, -2.220446049250313e-16, 2.2204460492503128e-16, -0.0, -2.220446049250313e-16, -2.220446049250313e-16, -0.0, -4.440892098500627e-16, 3.330669073875469e-16, -4.440892098500627e-16, 3.330669073875469e-16, -2.220446049250313e-16, -4.440892098500627e-16, 1.1102230246251565e-16, 2.2204460492503128e-16, -2.220446049250313e-16, -2.220446049250313e-16, -2.220446049250313e-16, -0.0, 3.330669073875469e-16, -0.0, -4.440892098500627e-16, 1.1102230246251565e-16, -4.440892098500627e-16, -2.220446049250313e-16, -4.440892098500627e-16, -4.440892098500627e-16, 2.2204460492503128e-16, -2.220446049250313e-16, -0.0, -6.661338147750941e-16, -6.661338147750941e-16, -2.220446049250313e-16, -0.0, 1.1102230246251565e-16, -0.0, -6.661338147750941e-16, 2.2204460492503128e-16, -0.0, -2.220446049250313e-16, -4.440892098500627e-16, -4.440892098500627e-16, -0.0]",-1.71E-16,2.68E-16,5.11E-17,0.533327302,1,TRUE,100
bb_5330--140/140_950316.txt#0_1,1,0.5,-2.22E-16,"[-2.220446049250313e-16, -2.220446049250313e-16, -2.220446049250313e-16, -4.440892098500627e-16, -0.0, -0.0, -0.0, 1.1102230246251565e-16, -2.220446049250313e-16, -4.440892098500627e-16, -0.0, -4.440892098500627e-16, -0.0, -0.0, -4.440892098500627e-16, -2.220446049250313e-16, -0.0, -0.0, -2.220446049250313e-16, -2.220446049250313e-16, 1.1102230246251565e-16, -2.220446049250313e-16, -2.220446049250313e-16, -2.220446049250313e-16, -4.440892098500627e-16, 1.1102230246251565e-16, -4.440892098500627e-16, -4.440892098500627e-16, -4.440892098500627e-16, -0.0, -0.0, 1.1102230246251565e-16, -4.440892098500627e-16, -2.220446049250313e-16, -2.220446049250313e-16, -2.220446049250313e-16, -0.0, -4.440892098500627e-16, -2.220446049250313e-16, -0.0, -0.0, -0.0, -2.220446049250313e-16, -0.0, -0.0, -2.220446049250313e-16, -0.0, -2.220446049250313e-16, -0.0, -0.0, -4.440892098500627e-16, -4.440892098500627e-16, -4.440892098500627e-16, -0.0, 1.1102230246251565e-16, -0.0, -2.220446049250313e-16, -4.440892098500627e-16, -2.220446049250313e-16, 2.2204460492503128e-16, 1.1102230246251565e-16, -0.0, 1.1102230246251565e-16, 2.2204460492503128e-16, -2.220446049250313e-16, 1.1102230246251565e-16, -2.220446049250313e-16, 1.1102230246251565e-16, 1.1102230246251565e-16, -4.440892098500627e-16, -4.440892098500627e-16, -2.220446049250313e-16, -2.220446049250313e-16, -0.0, -0.0, -4.440892098500627e-16, -2.220446049250313e-16, -2.220446049250313e-16, -0.0, -4.440892098500627e-16, -2.220446049250313e-16, -0.0, -4.440892098500627e-16, -0.0, 1.1102230246251565e-16, -2.220446049250313e-16, -0.0, -0.0, 1.1102230246251565e-16, -2.220446049250313e-16, 1.1102230246251565e-16, -2.220446049250313e-16, -6.661338147750941e-16, 1.1102230246251565e-16, -2.220446049250313e-16, -0.0, -0.0, -4.440892098500627e-16, -2.220446049250313e-16, -0.0]",-1.44E-16,2.03E-16,7.77E-17,0.987281402,1,TRUE,100
bb_5330--140/140_950316.txt#0_1,1,1,-2.22E-16,"[-4.440892098500627e-16, -2.220446049250313e-16, -2.220446049250313e-16, -2.220446049250313e-16, -0.0, -2.220446049250313e-16, -0.0, -4.440892098500627e-16, -0.0, -2.220446049250313e-16, -0.0, -0.0, -4.440892098500627e-16, -2.220446049250313e-16, -2.220446049250313e-16, -2.220446049250313e-16, -4.440892098500627e-16, -0.0, -0.0, -2.220446049250313e-16, -2.220446049250313e-16, 1.1102230246251565e-16, -0.0, 2.2204460492503128e-16, -2.220446049250313e-16, -0.0, -2.220446049250313e-16, 1.1102230246251565e-16, -2.220446049250313e-16, -0.0, -2.220446049250313e-16, -2.220446049250313e-16, -0.0, 1.1102230246251565e-16, 2.2204460492503128e-16, -0.0, 2.2204460492503128e-16, -2.220446049250313e-16, 2.2204460492503128e-16, -2.220446049250313e-16, -2.220446049250313e-16, -2.220446049250313e-16, -0.0, 2.2204460492503128e-16, -0.0, -0.0, 1.1102230246251565e-16, -0.0, -4.440892098500627e-16, -8.881784197001256e-16, -2.220446049250313e-16, -2.220446049250313e-16, -0.0, -0.0, -0.0, -0.0, -2.220446049250313e-16, 2.2204460492503128e-16, 1.1102230246251565e-16, -0.0, -0.0, -4.440892098500627e-16, -0.0, -4.440892098500627e-16, -2.220446049250313e-16, -0.0, -0.0, -4.440892098500627e-16, -4.440892098500627e-16, -0.0, -2.220446049250313e-16, -2.220446049250313e-16, 2.2204460492503128e-16, -0.0, -2.220446049250313e-16, -2.220446049250313e-16, -2.220446049250313e-16, -2.220446049250313e-16, -2.220446049250313e-16, -2.220446049250313e-16, -4.440892098500627e-16, -2.220446049250313e-16, -4.440892098500627e-16, -0.0, 2.2204460492503128e-16, -4.440892098500627e-16, -0.0, 2.2204460492503128e-16, -2.220446049250313e-16, -2.220446049250313e-16, -2.220446049250313e-16, -0.0, -0.0, -4.440892098500627e-16, 1.1102230246251565e-16, -4.440892098500627e-16, -4.440892098500627e-16, -2.220446049250313e-16, -2.220446049250313e-16, -4.440892098500627e-16]",-1.35E-16,2.11E-16,8.66E-17,0.919900339,1,TRUE,100
bb_5330--140/140_950316.txt#0_1,1,2,-2.22E-16,"[-0.0, -4.440892098500627e-16, -2.220446049250313e-16, 2.2204460492503128e-16, -0.0, -2.220446049250313e-16, -2.220446049250313e-16, -0.0, -2.220446049250313e-16, -2.220446049250313e-16, 3.330669073875469e-16, -4.440892098500627e-16, -4.440892098500627e-16, 1.1102230246251565e-16, -8.881784197001256e-16, -2.220446049250313e-16, 4.4408920985006257e-16, 1.1102230246251565e-16, -2.220446049250313e-16, -0.0, 3.330669073875469e-16, 2.2204460492503128e-16, -0.0, -4.440892098500627e-16, -2.220446049250313e-16, -2.220446049250313e-16, -2.220446049250313e-16, -2.220446049250313e-16, 3.330669073875469e-16, 1.1102230246251565e-16, -0.0, -4.440892098500627e-16, 1.1102230246251565e-16, 1.1102230246251565e-16, 2.2204460492503128e-16, -0.0, 1.1102230246251565e-16, -2.220446049250313e-16, 2.2204460492503128e-16, -4.440892098500627e-16, -0.0, -4.440892098500627e-16, -4.440892098500627e-16, -4.440892098500627e-16, 3.330669073875469e-16, -4.440892098500627e-16, 1.1102230246251565e-16, 1.1102230246251565e-16, -0.0, -0.0, -2.220446049250313e-16, -4.440892098500627e-16, -2.220446049250313e-16, -0.0, 2.2204460492503128e-16, 1.1102230246251565e-16, 1.1102230246251565e-16, -0.0, 2.2204460492503128e-16, -6.661338147750941e-16, -2.220446049250313e-16, 1.1102230246251565e-16, -2.220446049250313e-16, -6.661338147750941e-16, -6.661338147750941e-16, -4.440892098500627e-16, -4.440892098500627e-16, -0.0, -4.440892098500627e-16, -2.220446049250313e-16, -2.220446049250313e-16, -2.220446049250313e-16, -0.0, -4.440892098500627e-16, -4.440892098500627e-16, -4.440892098500627e-16, -0.0, -0.0, -4.440892098500627e-16, -0.0, -4.440892098500627e-16, 1.1102230246251565e-16, -4.440892098500627e-16, 1.1102230246251565e-16, 1.1102230246251565e-16, -0.0, 1.1102230246251565e-16, -6.661338147750941e-16, -4.440892098500627e-16, -2.220446049250313e-16, -8.881784197001256e-16, -4.440892098500627e-16, 2.2204460492503128e-16, -0.0, -6.661338147750941e-16, -4.440892098500627e-16, -0.0, 2.2204460492503128e-16, 2.2204460492503128e-16, -4.440892098500627e-16]",-1.48E-16,2.93E-16,7.44E-17,1.091124177,1,TRUE,100
bb_5330--140/140_950316.txt#0_1,2,0.5,-2.22E-16,"[-2.220446049250313e-16, 1.1102230246251565e-16, 1.1102230246251565e-16, 2.2204460492503128e-16, -0.0, -4.440892098500627e-16, -4.440892098500627e-16, -4.440892098500627e-16, -4.440892098500627e-16, -0.0, 1.1102230246251565e-16, 2.2204460492503128e-16, -4.440892098500627e-16, -6.661338147750941e-16, -4.440892098500627e-16, -2.220446049250313e-16, -0.0, 2.2204460492503128e-16, -0.0, -0.0, -0.0, -2.220446049250313e-16, -2.220446049250313e-16, -2.220446049250313e-16, -2.220446049250313e-16, -0.0, -0.0, -6.661338147750941e-16, -4.440892098500627e-16, -4.440892098500627e-16, 1.1102230246251565e-16, 1.1102230246251565e-16, -2.220446049250313e-16, 1.1102230246251565e-16, -0.0, -4.440892098500627e-16, -4.440892098500627e-16, -0.0, -4.440892098500627e-16, -2.220446049250313e-16, -0.0, -2.220446049250313e-16, -2.220446049250313e-16, -4.440892098500627e-16, -4.440892098500627e-16, -4.440892098500627e-16, -8.881784197001256e-16, 1.1102230246251565e-16, -2.220446049250313e-16, 2.2204460492503128e-16, 1.1102230246251565e-16, -4.440892098500627e-16, -8.881784197001256e-16, -0.0, -6.661338147750941e-16, -6.661338147750941e-16, 2.2204460492503128e-16, -0.0, -2.220446049250313e-16, -4.440892098500627e-16, -6.661338147750941e-16, 1.1102230246251565e-16, -6.661338147750941e-16, -2.220446049250313e-16, -0.0, -4.440892098500627e-16, -0.0, -0.0, -4.440892098500627e-16, -4.440892098500627e-16, -4.440892098500627e-16, 1.1102230246251565e-16, -2.220446049250313e-16, 2.2204460492503128e-16, -0.0, 1.1102230246251565e-16, -2.220446049250313e-16, 2.2204460492503128e-16, -0.0, -0.0, -2.220446049250313e-16, -0.0, -0.0, -2.220446049250313e-16, -2.220446049250313e-16, -2.220446049250313e-16, -2.220446049250313e-16, 1.1102230246251565e-16, -0.0, -2.220446049250313e-16, -0.0, -2.220446049250313e-16, -6.661338147750941e-16, -0.0, 1.1102230246251565e-16, 2.2204460492503128e-16, -0.0, -2.220446049250313e-16, -0.0, -4.440892098500627e-16]",-1.77E-16,2.72E-16,4.55E-17,2.008317243,1,TRUE,100
bb_5330--140/140_950316.txt#0_1,2,1,-2.22E-16,"[3.330669073875469e-16, 2.2204460492503128e-16, -0.0, 2.2204460492503128e-16, 3.330669073875469e-16, -0.0, -6.661338147750941e-16, 2.2204460492503128e-16, -0.0, 2.2204460492503128e-16, 1.1102230246251565e-16, -6.661338147750941e-16, -2.220446049250313e-16, 1.1102230246251565e-16, 2.2204460492503128e-16, -0.0, -0.0, 2.2204460492503128e-16, -2.220446049250313e-16, -4.440892098500627e-16, -2.220446049250313e-16, 2.2204460492503128e-16, -0.0, -0.0, -6.661338147750941e-16, -6.661338147750941e-16, -4.440892098500627e-16, 2.2204460492503128e-16, 3.330669073875469e-16, -2.220446049250313e-16, 3.330669073875469e-16, -0.0, -4.440892098500627e-16, -2.220446049250313e-16, -0.0, -4.440892098500627e-16, -0.0, -0.0, 1.1102230246251565e-16, 1.1102230246251565e-16, -0.0, 2.2204460492503128e-16, -2.220446049250313e-16, -0.0, -2.220446049250313e-16, -4.440892098500627e-16, -0.0, -4.440892098500627e-16, 1.1102230246251565e-16, -6.661338147750941e-16, -2.220446049250313e-16, -4.440892098500627e-16, -6.661338147750941e-16, 1.1102230246251565e-16, -0.0, 3.330669073875469e-16, -0.0, -2.220446049250313e-16, 1.1102230246251565e-16, -0.0, -4.440892098500627e-16, -2.220446049250313e-16, -0.0, -0.0, -2.220446049250313e-16, 1.1102230246251565e-16, 3.330669073875469e-16, -0.0, -2.220446049250313e-16, 2.2204460492503128e-16, 1.1102230246251565e-16, -2.220446049250313e-16, 1.1102230246251565e-16, 1.1102230246251565e-16, 1.1102230246251565e-16, 2.2204460492503128e-16, -0.0, -4.440892098500627e-16, -6.661338147750941e-16, -4.440892098500627e-16, 2.2204460492503128e-16, -0.0, -0.0, 1.1102230246251565e-16, -2.220446049250313e-16, 2.2204460492503128e-16, -0.0, 1.1102230246251565e-16, -4.440892098500627e-16, 3.330669073875469e-16, -4.440892098500627e-16, 2.2204460492503128e-16, -0.0, -0.0, -0.0, -2.220446049250313e-16, -4.440892098500627e-16, -0.0, -0.0, -2.220446049250313e-16]",-6.99E-17,2.76E-16,1.52E-16,1.98449086,1,TRUE,100
bb_5330--140/140_950316.txt#0_1,2,2,-2.22E-16,"[3.330669073875469e-16, -0.0, 4.4408920985006257e-16, -0.0, 1.1102230246251565e-16, -0.0, -6.661338147750941e-16, 1.1102230246251565e-16, -2.220446049250313e-16, 2.2204460492503128e-16, -2.220446049250313e-16, 1.1102230246251565e-16, -4.440892098500627e-16, -0.0, -4.440892098500627e-16, -0.0, -4.440892098500627e-16, -6.661338147750941e-16, -6.661338147750941e-16, -0.0, -2.220446049250313e-16, -0.0, -2.220446049250313e-16, -0.0, 2.2204460492503128e-16, -4.440892098500627e-16, -0.0, -2.220446049250313e-16, -4.440892098500627e-16, -6.661338147750941e-16, -2.220446049250313e-16, -0.0, -4.440892098500627e-16, -4.440892098500627e-16, -2.220446049250313e-16, -6.661338147750941e-16, 1.1102230246251565e-16, 2.2204460492503128e-16, -2.220446049250313e-16, -0.0, -2.220446049250313e-16, 3.330669073875469e-16, -0.0, -4.440892098500627e-16, -0.0, -2.220446049250313e-16, -0.0, 2.2204460492503128e-16, -4.440892098500627e-16, -2.220446049250313e-16, -4.440892098500627e-16, -4.440892098500627e-16, 1.1102230246251565e-16, 1.1102230246251565e-16, -0.0, -2.220446049250313e-16, -4.440892098500627e-16, -4.440892098500627e-16, -6.661338147750941e-16, -4.440892098500627e-16, -0.0, 4.4408920985006257e-16, -0.0, -4.440892098500627e-16, -6.661338147750941e-16, -2.220446049250313e-16, -4.440892098500627e-16, -0.0, 2.2204460492503128e-16, -2.220446049250313e-16, 1.1102230246251565e-16, 3.330669073875469e-16, 1.1102230246251565e-16, -2.220446049250313e-16, -0.0, -4.440892098500627e-16, 2.2204460492503128e-16, -6.661338147750941e-16, -2.220446049250313e-16, -6.661338147750941e-16, -6.661338147750941e-16, -0.0, -2.220446049250313e-16, -6.661338147750941e-16, 3.330669073875469e-16, -2.220446049250313e-16, -2.220446049250313e-16, -4.440892098500627e-16, -6.661338147750941e-16, 1.1102230246251565e-16, -0.0, -6.661338147750941e-16, -2.220446049250313e-16, 2.2204460492503128e-16, -4.440892098500627e-16, -4.440892098500627e-16, 1.1102230246251565e-16, 3.330669073875469e-16, -0.0, -4.440892098500627e-16]",-1.72E-16,3.06E-16,5.00E-17,2.043667629,1,TRUE,100
dpql_3467--85/85_645957.txt#0_1,0,0.5,0.18273369,"[0.1943383135553995, 0.2092942866135471, 0.2103350667073774, 0.17230114983807113, 0.17541966716912358, 0.1907136492106894, 0.1451867925004327, 0.2027311772683761, 0.18073354624804736, 0.20546939624421912, 0.18124631044535067, 0.15302301627526282, 0.19910437384259783, 0.20454080246818304, 0.2154401187121689, 0.1967355056853312, 0.22468587123199316, 0.15533891764930502, 0.1858125799399532, 0.15621220493752236, 0.12602918248840728, 0.15027094819458414, 0.161854713414068, 0.1779774818818507, 0.1951406927094291, 0.10523190253576002, 0.17973376694935017, 0.1998013087410845, 0.20657108749652542, 0.1843142260620277, 0.2088830808577818, 0.14923110356627348, 0.16173636030166996, 0.28474537119656596, 0.20777483555850204, 0.15305780355249465, 0.13996298089955714, 0.23706882157421635, 0.22336956612060366, 0.18255229557025263, 0.19251290188295528, 0.21741114592017524, 0.24335710871656246, 0.16639867566466565, 0.1924224756484792, 0.1867579362936867, 0.25865189239296354, 0.19507892515880004, 0.20925743349979214, 0.19348029279559487, 0.15563042887241196, 0.23291884170483132, 0.1537582524131735, 0.14443750769983496, 0.17417618103870636, 0.19190181879943344, 0.20515134598629964, 0.17911819495421274, 0.22973154237080917, 0.1858967652832131, 0.2271135245180838, 0.15517642577584975, 0.18407946522046187, 0.1878098275152655, 0.17730412901638465, 0.19203521522299935, 0.17272954174142713, 0.19772925507734113, 0.18603413999575386, 0.18119451150963256, 0.16616999610648722, 0.2123430860569538, 0.14423629473808158, 0.19660036911665485, 0.15108484447527554, 0.15341013746054522, 0.1615235480920917, 0.15269708972635404, 0.17819172480507164, 0.22513452663085678, 0.14240791249602341, 0.24943436135811575, 0.11105028320195152, 0.189002290045067, 0.19961114184758985, 0.17566541006694772, 0.1831481337857605, 0.280772109000197, 0.19129549769848722, 0.17113218209898046, 0.13668074514420975, 0.19794279214009056, 0.1640661284864443, 0.18520706725943364, 0.21843235679365094, 0.18498948872884716, 0.17785777668078212, 0.19640181438308882, 0.14863039310611076, 0.19295890095392948]",0.186013044,0.031627587,0.003279354,6.02E-06,1,TRUE,100
dpql_3467--85/85_645957.txt#0_1,0,1,0.18273369,"[0.22404931225786076, 0.28744600665371844, 0.2363375167905863, 0.2559093364208468, 0.36868789093478194, 0.20348591316685588, 0.30609446408698576, 0.1325380014489306, 0.15172207622097375, 0.18935524800079373, 0.2632252671259709, 0.18309584978265064, 0.12440445555318548, 0.13311889861329892, 0.15108115070569175, 0.20567586182458086, 0.18201404131361343, 0.22192235557953588, 0.15465046935711574, 0.17369659242223734, 0.1865978518369316, 0.09492585960632574, 0.14300928567282817, 0.14285541351236056, 0.1524152793882702, 0.15624528307280885, 0.24195773723746872, 0.1553023581792185, 0.34439315586830277, 0.1470210621908633, 0.1512832032238001, 0.15020860800523944, 0.16135109108843204, 0.19309957024372312, 0.1495589293892638, 0.20215886640640673, 0.212182624221592, 0.25324277292534303, 0.15016868185725463, 0.1346623383868132, 0.1344134064980632, 0.1350839443943289, 0.24381248903281877, 0.10097855144827325, 0.14658945413277263, 0.19388067178346519, 0.15361730493843712, 0.17514033331424195, 0.15784338841731008, 0.18787193926306361, 0.2658931221286545, 0.254676046597366, 0.12436103299211834, 0.3845672039975081, 0.14315682539951247, 0.25670941681837234, 0.23518698703086122, 0.2232033074568056, 0.20213096690992222, 0.22838418689126128, 0.1286895105073018, 0.11044365658054205, 0.22772407002349604, 0.25043898799043784, 0.20992769111448292, 0.14555442491533538, 0.252929222753807, 0.2248385840055062, 0.212708695888186, 0.29192806599739585, 0.38630076199110597, 0.1495230412352724, 0.09149284137151398, 0.28246622911201164, 0.08231112909625887, 0.12529234211128024, 0.225286434213466, 0.10985803492795597, 0.14294226642210706, 0.14025358159094214, 0.15348662234156935, 0.1593416473215718, 0.26159878420782096, 0.1544824164938041, 0.13528330362251173, 0.2101516372802773, 0.23059105713451622, 0.10083488594509046, 0.13902582092768795, 0.22217344114734808, 0.18430096308499286, 0.17478029477659807, 0.20881292809069782, 0.21608330934450065, 0.14715661305420638, 0.2335656930914209, 0.1672296404972753, 0.11589771015365848, 0.17174106020630975, 0.15151996304594917]",0.189476186,0.062329479,0.006742496,0.002769512,1,TRUE,100
dpql_3467--85/85_645957.txt#0_1,0,2,0.18273369,"[0.08464722477912948, 0.045295953748069565, 0.21565990003644536, 0.24130549537325535, 0.5677250793269863, 0.07245737445153289, 0.018751615417558976, 0.07613116840641884, 0.20628857329086778, 0.03783674082916891, 0.06250047728595878, 0.059742456344305146, 0.3188607237048495, 0.27371325357688603, 0.11727207085583688, 0.32191224929039225, 0.07989673964799887, 0.17794381407874368, 0.3003182973251891, 0.35706197580730037, 0.14514795506879263, 0.023570797584473033, 0.10269496185520491, 0.10960315107558075, 0.22991116557754487, 0.34304375013956384, 0.10037670773841643, 0.03803265262441956, 0.14625031698812352, 0.11643305696453796, 0.11827237022612608, 0.0675063090383987, 0.2616608317273474, 0.03804246622927641, 0.273666579213912, 0.15136879100191486, 0.2765605977959191, 0.07262162432780657, 0.2815405574067901, 0.21486540377204066, 0.07285925556415725, 0.29462622573802666, 0.11299225713628132, 0.09913424991765593, 0.023251230345411534, 0.07481926239809933, 0.13034523056270553, 0.1492868951312024, 0.09342768280671408, 0.15808374908403103, 0.056590742347126785, 0.13484096713803134, 0.2122271468794156, 0.38605822967216863, 0.3127005962888315, 0.0751426495672131, 0.22618939907638078, 0.10774432414867695, 0.4961405891370252, 0.07400890712055691, 0.06523937137335686, 0.2393176935533315, 0.208264091236504, 0.28028016988751575, 0.22064027339610431, 0.5037797885616079, 0.10635307806557245, 0.1710225279456397, 0.02202394583435765, 0.20244031740875126, 0.29030137739559714, 0.10836737189976436, 0.22994567539077004, 0.1604878826222079, 0.3528409672236862, 0.11088784125686835, 0.05533044067106217, 0.2545365725629389, 0.4483922562730138, 0.42916149595459774, 0.16149169457952522, 0.19154123256796068, 0.2047474025469114, 0.2833651167186435, 0.04614994849901437, 0.16377556762300768, 0.4263838401005641, 0.11962163527359974, 0.29661230777978537, 0.35888454442758466, 0.240126071510812, 0.2079322054030852, 0.08066408292669222, 0.035526946299106486, 0.10733788128201457, 0.08574694380574124, 0.1744591553653164, 0.06940796654896644, 0.29536523821543303, 0.1615820864412132]",0.182072958,0.12045819,-0.000660732,0.016704391,1,TRUE,100
dpql_3467--85/85_645957.txt#0_1,0.5,0.5,0.18273369,"[0.1448592573766331, 0.2392315742536762, 0.24566700050442963, 0.14620311853924958, 0.2075495670607415, 0.18033983531399075, 0.19543134260123365, 0.2526333236090583, 0.17643383041227964, 0.1738508584406252, 0.1601954009908584, 0.16232219374665943, 0.20729058478496318, 0.24138629734421202, 0.17295856574244414, 0.19237239274944176, 0.15920388440750582, 0.2752584882967087, 0.14791966220011177, 0.1808127985478454, 0.12401547363164896, 0.1811527618067947, 0.18945690074221827, 0.18918138516147495, 0.14963721369079083, 0.17369878031878416, 0.17591554272221535, 0.17244881861010292, 0.16862496292923554, 0.27243740510493364, 0.18264968528804382, 0.16730170258528848, 0.1701795067012594, 0.2071421900542299, 0.1741633200091205, 0.1415765452871784, 0.17995439052869883, 0.18976513762499167, 0.17789113008631918, 0.2986743668120649, 0.14683772264719608, 0.14326421027948238, 0.25037170188758223, 0.1379395671908822, 0.13729839790640672, 0.13122988531350077, 0.27199002547999457, 0.18724548037678435, 0.14562150117274397, 0.1298247234224159, 0.1332651798454427, 0.17642324967364048, 0.23438533127876102, 0.16172984053329395, 0.26835463753119004, 0.19150928294684666, 0.25271722742421066, 0.1674576360903411, 0.19677648723616947, 0.21346917454481856, 0.19623838407838307, 0.21750432130543643, 0.17270607835991678, 0.18402858155307553, 0.18889607205358272, 0.2072061281616751, 0.15909382414998907, 0.15378330887368374, 0.22234448536337095, 0.14021343581799822, 0.17576201247329123, 0.2044791280245591, 0.23140447512782994, 0.16173940985753005, 0.14353338970552848, 0.15818422908720461, 0.23749971041394013, 0.19053276000352937, 0.1347353367294472, 0.16807780730255276, 0.1602947720314225, 0.21907263208093658, 0.1275273420838569, 0.18301106130118144, 0.17446884689157383, 0.21043777601312116, 0.23666360313049414, 0.20776331103814616, 0.25065501096751874, 0.1488382606407789, 0.22541767530249818, 0.18288348344149877, 0.1583199371194229, 0.25125253256791424, 0.17347626325453067, 0.1289230941782506, 0.16718163322131466, 0.19832727465731181, 0.15862265264246714, 0.24982461188644153]",0.186864231,0.039126538,0.004130541,0.480077428,1,TRUE,100
dpql_3467--85/85_645957.txt#0_1,0.5,1,0.18273369,"[0.23741870326309977, 0.23599901239266938, 0.24847458826055663, 0.13597613081643187, 0.08334279642550424, 0.16333229372262234, 0.1111321787875193, 0.17345366754251682, 0.16821124089208112, 0.19739902320782457, 0.08755922976760647, 0.23345431804061234, 0.09450017572412969, 0.21334466026475196, 0.20923084811019643, 0.15657145342548145, 0.13425402007258103, 0.09364908569881408, 0.1880898593040477, 0.25252008144183724, 0.17054257895028038, 0.1700264162948167, 0.11548233213417843, 0.11174035731717658, 0.20882503730800975, 0.11953766580174628, 0.16569440594942741, 0.16798609481678825, 0.20663673285090695, 0.13530186789750598, 0.10961373099822025, 0.21006176573358487, 0.21974528771165244, 0.15292327690819923, 0.1915921655313231, 0.13100096913256368, 0.12689829903321193, 0.21804664116112102, 0.11001318371405885, 0.2152748557138655, 0.1057695217091425, 0.1148351519581787, 0.12481380327034772, 0.24902689730750674, 0.16923878088494146, 0.12141334205343968, 0.0940592581018139, 0.09948355718629938, 0.17981521181530197, 0.1794604816931924, 0.1744400519708738, 0.16893036827319313, 0.33594098269654915, 0.24686721565798236, 0.12507352647852465, 0.24854458840199645, 0.1509651303875812, 0.11465820796505588, 0.10625272576892084, 0.17331507853806774, 0.20858950762990464, 0.20441626914594319, 0.1911647242754982, 0.09428734431883187, 0.1338644171953059, 0.19215159104482826, 0.09356145283342421, 0.20340255698370066, 0.13626012070692997, 0.08469516065586333, 0.11111735438756437, 0.1616253774260921, 0.14228055045437918, 0.220286787960565, 0.14366369996039702, 0.039690170809172406, 0.12823933070047047, 0.1291762446689872, 0.1503350551569225, 0.1625749952308842, 0.18053554032758085, 0.2971163171877168, 0.14620641649395943, 0.22735000052334228, 0.16999398028742468, 0.1127366863140229, 0.112287502728119, 0.1750788074531126, 0.1589730819085378, 0.22780502583105727, 0.1366679792962246, 0.21577617468996918, 0.11234395135366632, 0.12815973667333216, 0.2682051390519888, 0.07315453117656899, 0.1484730414511221, 0.061552619786093624, 0.27816433560466086, 0.11430149900723297]",0.16234026,0.055330282,-0.02039343,0.484087772,1,TRUE,100
dpql_3467--85/85_645957.txt#0_1,0.5,2,0.18273369,"[0.014412232031684239, 0.10927120692598655, 0.14039401825717854, 0.1746885430987353, 0.22145917392703987, 0.1932993622205312, 0.13576392040194912, 0.3022167381257325, 0.21799973732441286, 0.22109901546841793, 0.11341160458166966, 0.31416793164505175, 0.21666243731418705, 0.1753842772312893, 0.04984772176567355, 0.23962671453179005, 0.1881489144040584, 0.061737632124969216, 0.18419661660333814, 0.08192517748360477, 0.16021043112546296, 0.023853192449118567, 0.37420559674511306, 0.08481541509412957, 0.047143867268505946, 0.13191094924827235, 0.4277039465111553, 0.3071341820837147, 0.11262029064105916, 0.12240915907423808, 0.21198369863888075, 0.16819044385839646, 0.08696287622831705, 0.026697496118292426, 0.12200118256821252, 0.2591879042066382, 0.10720175558727205, 0.2382048376716977, 0.054293280711970295, 0.22892516836852506, 0.10019697507088801, 0.07413630402774059, 0.21080721682266723, 0.1293887862463287, 0.1369982415512143, 0.07024755684695132, 0.08210438206768633, 0.3660143298669768, 0.04642377995537193, 0.16585214622336392, 0.07359614525457712, 0.056446953920394616, 0.3430445486138018, 0.24920536022588918, 0.5763021176710956, 0.15071091439395384, 0.09057723227665296, 0.10199967992397484, 0.07806884519589279, 0.2943002864206259, 0.22083402673729158, 0.10252390308583308, 0.21359604393792236, 0.06688628524949257, 0.050426157268102685, 0.15461318183617412, 0.2307718204617935, 0.12891018766958906, 0.17191965255466085, 0.08393856169165946, 0.1077210519116343, 0.2878888301319492, 0.18146819599492459, 0.08808449686408909, 0.05745370166002696, 0.15964910217043543, 0.09710859799835743, 0.4933338457055887, 0.021526731006425638, 0.12510533310616867, 0.11306560579560872, 0.265537339025489, 0.3991649090371478, 0.1378895181913832, 0.28054024376782094, 0.04616202919972541, 0.1042282251487297, 0.1743760397873404, 0.3494842260067976, 0.07875361962814588, 0.2641424647902872, 0.2771665681515041, 0.19375721177310443, 0.19805218557320495, 0.18948954221625408, 0.08120193633264976, 0.09618824857517652, 0.11767938002897865, 0.04255350107603395, 0.22574812362098845]",0.167267311,0.106096289,-0.015466379,0.431135207,1,TRUE,100
dpql_3467--85/85_645957.txt#0_1,1,0.5,0.18273369,"[0.18999931970066314, 0.24129383120922937, 0.13668228664045248, 0.1462437814150893, 0.196696563415256, 0.13415791786337236, 0.19246636449775908, 0.17150509598863178, 0.17409057443606327, 0.19084746247932727, 0.1386944010365909, 0.227723154443711, 0.23534902105203576, 0.22018922032449872, 0.1341559973292724, 0.1347407209196218, 0.1229009215629093, 0.1429025418178134, 0.16179482813202292, 0.1832731727997597, 0.17796073295926726, 0.16075634723441698, 0.19818431567885986, 0.18995605184739595, 0.2164031876005395, 0.11938880026876891, 0.13868104009683227, 0.2378076265371693, 0.1803439932523949, 0.16336332829928532, 0.15935438544725666, 0.15184194393299041, 0.15335527134327515, 0.15209863718806438, 0.1556458648278115, 0.15206593291820003, 0.20932410978819968, 0.23845041332103162, 0.18577787529267098, 0.15149900005471373, 0.18355125582750445, 0.18897331766978362, 0.2532517492313823, 0.227108578219679, 0.15385851794938962, 0.182722068120104, 0.21691321653914958, 0.18456009446828786, 0.3299636495114814, 0.16445777493390548, 0.24644543556571147, 0.24028135761334457, 0.18065556509475614, 0.20846298577290034, 0.20091845764883443, 0.19351985411117884, 0.16434188317900172, 0.16247467479438307, 0.1628504988340299, 0.15088917678988192, 0.19021704914630652, 0.1986306718009544, 0.21005448741184432, 0.15431007236305422, 0.18556989328548018, 0.1763404959928098, 0.1829487041176726, 0.19867405375117314, 0.16935901043277873, 0.1527647908967803, 0.18348269109733134, 0.2034504374789063, 0.1827141156560695, 0.2195915730115155, 0.2269692952524355, 0.17342839344072572, 0.19181371381250756, 0.1852674319349761, 0.13226229320181468, 0.10723465991700175, 0.13499451724256584, 0.17130978593644522, 0.1877963032775573, 0.16357437827965982, 0.1441792183382258, 0.13254759335993474, 0.21458318533878373, 0.19983811598051449, 0.17826636870596213, 0.15588318689350303, 0.1861820376485348, 0.17176592496663548, 0.18699029553637725, 0.2143628856303199, 0.17455354416714683, 0.22416584617324972, 0.23264700554594286, 0.2119953844835163, 0.19946373864865868, 0.18516519215513202]",0.182595145,0.034899264,-0.000138545,1.001280211,1,TRUE,100
dpql_3467--85/85_645957.txt#0_1,1,1,0.18273369,"[0.14234615359053804, 0.1326602719018577, 0.3136260218815127, 0.16709165596058662, 0.07581767642184896, 0.19302867669281706, 0.22300175785664522, 0.15473411473577625, 0.2487778512351015, 0.2851831614054303, 0.1624152173372159, 0.1372406478347286, 0.22452342743693463, 0.25014328917338646, 0.3071137456140658, 0.17095701800118304, 0.2681095108180052, 0.13529783119643818, 0.07007661905906476, 0.16453626612528913, 0.16946669263668057, 0.1385756431150818, 0.21863822925701157, 0.12644065419468326, 0.18497984630871167, 0.16440832730885407, 0.10753080524233441, 0.23009812992959283, 0.2317377306555152, 0.10659121809051708, 0.37718227016750855, 0.1304428106258756, 0.17991124742733694, 0.12788360920118116, 0.13822046635714558, 0.18019958527564067, 0.11423462654710409, 0.23185623882824047, 0.2585315171963054, 0.1352530349237112, 0.20728915546968266, 0.14470890461349303, 0.15974571951618757, 0.08290310403343502, 0.2908266567629977, 0.20896664070632243, 0.13229362042424878, 0.11284406051636191, 0.36818555194822294, 0.12603514380810715, 0.22239396023235194, 0.17762559644622863, 0.15033802341023347, 0.1005424470233419, 0.16504423251047637, 0.16472963221035938, 0.17141452695705856, 0.27245403369001225, 0.1760714119555171, 0.3728674497573736, 0.1657136226409402, 0.18514213745932528, 0.19801922327811988, 0.10407714137150895, 0.13286862646830225, 0.2568184629210399, 0.20033389686462472, 0.1324371870954779, 0.17821394668262602, 0.15830473182239801, 0.14204922468347603, 0.17769217107965085, 0.22350981994638763, 0.11129642976037821, 0.19686952745966663, 0.21981054579979672, 0.056801978777005505, 0.08509766095366748, 0.20843059427972854, 0.19649852219520206, 0.16356104743049815, 0.1500074257172371, 0.1266209422152422, 0.15472692707008376, 0.2102155703842746, 0.20614653259911656, 0.18076288119531325, 0.10386327174393135, 0.23731040182713056, 0.14278342237968483, 0.1591499976071751, 0.1551230800632146, 0.1037591806734165, 0.16975062102627847, 0.14570559439011938, 0.11474020044742964, 0.12696105993546528, 0.06376515683860269, 0.1491804707870013, 0.23872369162369808]",0.176189864,0.063886437,-0.006543826,1.012517931,1,TRUE,100
dpql_3467--85/85_645957.txt#0_1,1,2,0.18273369,"[0.0826382454654311, 0.061488394059714256, 0.052578724235806756, 0.07710613435104693, 0.03801419383226015, 0.12066354137124578, 0.14966051728056629, 0.21635853989384693, 0.13290226114737688, 0.31708424507640737, 0.26318585109376363, 0.1294967184918494, 0.18747240964459472, 0.026094825919841403, 0.1059205557124908, 0.05213509804180282, 0.055770536821590826, 0.23481220756186527, 0.3946967232359414, 0.07277658203233489, 0.09569891696081378, 0.26736687843463497, 0.24567596614460546, 0.17273318005078922, 0.07905788464130373, 0.036067579914981995, 0.46366111812568417, 0.06225942448006894, 0.1204727867035772, 0.2005806011136646, 0.18205171562659964, 0.3752115329209179, 0.029936759670092607, 0.07143734643907292, 0.24021355892919066, 0.06994310945645685, 0.07645451637271934, 0.2331102626843399, 0.34018364599042406, 0.34676354780726915, 0.5722688346288161, 0.20007419839308013, 0.11636409010565574, 0.15291385679912234, 0.4068581724414616, 0.14121369236705766, 0.309817138343916, 0.12637509324993307, 0.0640521294190321, 0.13830507768662234, 0.14561064648179808, 0.08286797269255951, 0.20512199822245059, 0.09183307252502143, 0.14804725622979534, 0.07514418669707298, 0.1607589737229503, 0.3091439516096021, 0.1267478948104681, 0.12067289377056953, 0.19161108452351291, 0.054954447477003385, 0.08281692923366989, 0.07800015973851895, 0.12461430790401501, 0.35711333617899876, 0.0971388436383574, 0.2227387071229894, 0.2767852557906427, 0.277798717341583, 0.04482225245766259, 0.24178980171356496, 0.1306981640694243, 0.17044468800848328, 0.09146852570272251, 0.0635733399863764, 0.0823065768453447, 0.33204160193273163, 0.1443579382050883, 0.07441856493165545, 0.13468126245504858, 0.09029509507776898, 0.2441764571835615, 0.13137753346442144, 0.06687675825022849, 0.14124171874576402, 0.27613374601324925, 0.08188449484813477, 0.20008095734599934, 0.15000583938980128, 0.08752938093415132, 0.1764376274088959, 0.2679475017477761, 0.18837652418883571, 0.0916853470606454, 0.14618544173938863, 0.08725071148119326, 0.1852848992764957, 0.18494129293909067, 0.14211414821630727]",0.163879277,0.104040679,-0.018854412,1.028928166,1,TRUE,100
dpql_3467--85/85_645957.txt#0_1,2,0.5,0.18273369,"[0.1565749264358094, 0.19111806966277328, 0.17714447714467974, 0.19423348525801415, 0.20825558429325908, 0.18360280824047095, 0.14364234078465757, 0.17874522971126536, 0.194922489114257, 0.17167002886788502, 0.2087969995641422, 0.18963932052186305, 0.1767668429865794, 0.20540735086281972, 0.1735488483330936, 0.1752028598591259, 0.18400974818250504, 0.22367179642574625, 0.17169357191042234, 0.14091292871375394, 0.15723117169523693, 0.17248450439602475, 0.21418923797567307, 0.1881543046768781, 0.15735648886020623, 0.23699668985136568, 0.23512546216307656, 0.24088299367780205, 0.19845850119173336, 0.23750272368439793, 0.17699394043701, 0.12140634779581919, 0.19084354740001086, 0.16130942606333104, 0.1959488320724831, 0.15529373923613954, 0.19196244889503014, 0.19178809546117184, 0.223723293486702, 0.14135730991225046, 0.19555571061894736, 0.1366010956316654, 0.17493615799577453, 0.14809721359479208, 0.11491481583234607, 0.14999283375273906, 0.14927158566652718, 0.2659833641116542, 0.2244566833846449, 0.1972369379150412, 0.20075609186707, 0.1991682373228514, 0.15919137318724405, 0.20251952879032797, 0.22145386491816874, 0.17495054974793434, 0.18840119966138372, 0.17595251244962906, 0.12670556063707053, 0.21213054042307505, 0.19724622375336415, 0.13822328785692503, 0.18092568022662253, 0.19683057945203059, 0.11925555633349703, 0.17329169991321222, 0.2303196552438644, 0.21566995939556088, 0.14650110841157954, 0.11955419136120665, 0.1932862273370218, 0.19596676274366376, 0.17415611595940686, 0.16539358747792787, 0.2131326117108006, 0.17093090491700297, 0.169858425855678, 0.15585527734114774, 0.16589167683799783, 0.20212160029967519, 0.2162578354708919, 0.1515366816926011, 0.19196692022536888, 0.19616884665519774, 0.15743659306171612, 0.14630071623712998, 0.1397401615364205, 0.14813615276805137, 0.20443680419852128, 0.18560558467408322, 0.2219392676099707, 0.2565079216870898, 0.17176628936400545, 0.17856775832408392, 0.20991108668943786, 0.18469235746115492, 0.20431317245101, 0.19119783622778314, 0.18775053395970737, 0.1463914681364596]",0.182718797,0.03071425,-1.49E-05,2.017325573,1,TRUE,100
dpql_3467--85/85_645957.txt#0_1,2,1,0.18273369,"[0.2588634338180713, 0.0981256097064104, 0.2806113988169234, 0.22386763002353338, 0.1833832337339228, 0.14930735684473018, 0.07972065710304191, 0.17163957019541826, 0.1953061399612037, 0.29273747586072063, 0.13594395805080148, 0.24910321827587667, 0.23094137867751746, 0.277280849410593, 0.32056131432225143, 0.19097939943511716, 0.13636080697162817, 0.2018191244172325, 0.09571899141471306, 0.14946648338435609, 0.2572360122584589, 0.2441373079036665, 0.3508212037458994, 0.18733282380309987, 0.17283563918632527, 0.20880961045843155, 0.1908375193083532, 0.16313834358404303, 0.1440460485253146, 0.1241297104079592, 0.0914969423766646, 0.24439271280220853, 0.18327503913945348, 0.10915324860905676, 0.13034904864331606, 0.22827631636668494, 0.14946028702180228, 0.18179552742725302, 0.12059438076197923, 0.09911955116284864, 0.10896172406323729, 0.1671487255514334, 0.10744854117584264, 0.09600065646635868, 0.21230091813079488, 0.17934405382490248, 0.35649230786966973, 0.23345734262088363, 0.1750219549537486, 0.1559903701641334, 0.15881223269854594, 0.24485982753333077, 0.10927834963712352, 0.1981644118472619, 0.21603440245891686, 0.19661585356586084, 0.1526335421516665, 0.09884794332153911, 0.2482407762168873, 0.2792403592832197, 0.204770588128866, 0.2648510569695811, 0.2097885924875449, 0.3179324844098822, 0.21435799750881745, 0.14972300182916076, 0.24529857895148607, 0.20489812483685316, 0.17222688334022962, 0.13706074648177158, 0.2786006721871666, 0.2618536491613123, 0.1953705463971888, 0.25278893206946274, 0.15945368258781412, 0.2744507913218399, 0.24946176892377764, 0.20725020578593273, 0.08793200285827756, 0.1042998739345165, 0.16888433853041063, 0.17264726630842087, 0.2114025271371065, 0.13677204671461377, 0.1391536025094745, 0.10766104202218002, 0.12645291277556617, 0.24825986622055146, 0.16680896103782755, 0.1342939253944122, 0.1337290461893975, 0.10752611874864496, 0.12524253737553823, 0.11552456401673947, 0.2310280842131116, 0.14629415309348992, 0.22025019546130048, 0.13499062522355887, 0.12623688730083907, 0.2773848833680864]",0.186207834,0.063271884,0.003474144,2.012017163,1,TRUE,100
dpql_3467--85/85_645957.txt#0_1,2,2,0.18273369,"[0.15275442005489887, 0.07285421948926497, 0.060132877786087724, 0.18791485499196736, 0.21136510035647293, 0.04912429429531359, 0.08202628889820499, 0.32445248566730117, 0.07522516790668672, 0.1905028094185401, 0.15574555199768203, 0.2295744690841363, 0.050111184715362744, 0.04896485683367889, 0.11719625857275508, 0.08896599587451576, 0.25233999080882785, 0.1610375502734696, 0.18175609187282665, 0.1456018802258255, 0.069174722366292, 0.454925992392766, 0.049316548422547055, 0.12535273180881493, 0.2802483964455025, 0.040460297615611776, 0.1074290639454242, 0.3768250936050587, 0.02411575723981713, 0.17138103717119774, 0.31421375201855367, 0.10424293611635524, 0.027656781257216597, 0.08508348962824311, 0.05603833687367316, 0.08539383838272693, 0.05383223481970819, 0.1312628571898445, 0.17195387909204374, 0.38186722747506924, 0.09519060030084722, 0.0733282714658952, 0.11616056196560769, 0.2060590348711275, 0.2326679964360151, 0.3462267083935987, 0.4314269527155583, 0.06563810513915283, 0.035487166984486306, 0.099969145084094, 0.19125444628124666, 0.28792092682078235, 0.13239861852489151, 0.0639468772567369, 0.17453486054761078, 0.18581636718116545, 0.09235099074355446, 0.36475377410362575, 0.10128149064899289, 0.2024896878736429, 0.20424036782507668, 0.15320276830314603, 0.07581256849588651, 0.3366665024957682, 0.08025373949639421, 0.1684069010387396, 0.12041406763871837, 0.32865146785277155, 0.35703240910584366, 0.3743345138799754, 0.054935791753556174, 0.10485480797435308, 0.12522866631083113, 0.16895946696692354, 0.07631443977731694, 0.1542648145934506, 0.14084800707741463, 0.2131741780456229, 0.1909689674198175, 0.346404277721671, 0.08201987222322468, 0.04753689128099624, 0.058467848756537884, 0.21131573729296388, 0.14508889227202687, 0.0836846264030562, 0.1504061044429914, 0.17170084881199948, 0.23551197101161442, 0.1177034380140542, 0.28345771781017043, 0.205566944659599, 0.43005077275091363, 0.1895878683791153, 0.26089932332858873, 0.13184914504106696, 0.14487069081075446, 0.1947633615051178, 0.14271711468047524, 0.08842708221671879]",0.165979189,0.103177823,-0.016754501,1.992839036,1,TRUE,100
odql_3325--52/52_2810331.txt#0_2,0,0.5,-2.22E-16,"[-0.0, -0.0, 3.330669073875469e-16, 2.2204460492503128e-16, -2.220446049250313e-16, 1.1102230246251565e-16, -0.0, -0.0, -0.0, -0.0, -2.220446049250313e-16, 1.1102230246251565e-16, -2.220446049250313e-16, -0.0, -2.220446049250313e-16, -0.0, -2.220446049250313e-16, -4.440892098500627e-16, -0.0, -2.220446049250313e-16, 1.1102230246251565e-16, -2.220446049250313e-16, -0.0, -2.220446049250313e-16, -2.220446049250313e-16, -2.220446049250313e-16, -2.220446049250313e-16, -0.0, -0.0, 3.330669073875469e-16, -2.220446049250313e-16, -0.0, -2.220446049250313e-16, -2.220446049250313e-16, 2.2204460492503128e-16, -2.220446049250313e-16, -2.220446049250313e-16, 1.1102230246251565e-16, -4.440892098500627e-16, -0.0, -4.440892098500627e-16, -2.220446049250313e-16, -2.220446049250313e-16, -0.0, -0.0, -0.0, -2.220446049250313e-16, -0.0, -2.220446049250313e-16, 1.1102230246251565e-16, 1.1102230246251565e-16, -4.440892098500627e-16, -0.0, -0.0, 1.1102230246251565e-16, -0.0, -0.0, -4.440892098500627e-16, -0.0, -0.0, -0.0, -2.220446049250313e-16, -2.220446049250313e-16, -4.440892098500627e-16, -0.0, -0.0, 2.2204460492503128e-16, 2.2204460492503128e-16, -2.220446049250313e-16, -0.0, -0.0, -0.0, -2.220446049250313e-16, 2.2204460492503128e-16, -2.220446049250313e-16, 2.2204460492503128e-16, -0.0, -2.220446049250313e-16, 2.2204460492503128e-16, -2.220446049250313e-16, -0.0, -2.220446049250313e-16, -0.0, 1.1102230246251565e-16, -0.0, -0.0, -2.220446049250313e-16, -2.220446049250313e-16, -0.0, -4.440892098500627e-16, -0.0, 2.2204460492503128e-16, -2.220446049250313e-16, -2.220446049250313e-16, -0.0, -2.220446049250313e-16, -2.220446049250313e-16, -0.0, -4.440892098500627e-16, 1.1102230246251565e-16]",-7.66E-17,1.84E-16,1.45E-16,0.001882768,1,TRUE,100
odql_3325--52/52_2810331.txt#0_2,0,1,-2.22E-16,"[1.1102230246251565e-16, -0.0, -2.220446049250313e-16, 1.1102230246251565e-16, -2.220446049250313e-16, -2.220446049250313e-16, -2.220446049250313e-16, 1.1102230246251565e-16, -0.0, -0.0, 2.2204460492503128e-16, -2.220446049250313e-16, 2.2204460492503128e-16, -4.440892098500627e-16, -4.440892098500627e-16, -2.220446049250313e-16, -0.0, 1.1102230246251565e-16, -2.220446049250313e-16, -0.0, -2.220446049250313e-16, -2.220446049250313e-16, -4.440892098500627e-16, -4.440892098500627e-16, -0.0, -2.220446049250313e-16, -0.0, -0.0, -0.0, -4.440892098500627e-16, -2.220446049250313e-16, -0.0, 1.1102230246251565e-16, 2.2204460492503128e-16, -0.0, -4.440892098500627e-16, -4.440892098500627e-16, -0.0, -0.0, -2.220446049250313e-16, -0.0, -4.440892098500627e-16, -0.0, 3.330669073875469e-16, -4.440892098500627e-16, -0.0, -2.220446049250313e-16, -2.220446049250313e-16, -2.220446049250313e-16, -0.0, -2.220446049250313e-16, -4.440892098500627e-16, 1.1102230246251565e-16, -0.0, -0.0, -4.440892098500627e-16, -0.0, 2.2204460492503128e-16, -0.0, -2.220446049250313e-16, -2.220446049250313e-16, 1.1102230246251565e-16, -2.220446049250313e-16, -0.0, -2.220446049250313e-16, 2.2204460492503128e-16, -0.0, 1.1102230246251565e-16, -2.220446049250313e-16, -0.0, -0.0, -2.220446049250313e-16, -2.220446049250313e-16, -0.0, -0.0, -0.0, 1.1102230246251565e-16, -0.0, -2.220446049250313e-16, -2.220446049250313e-16, -0.0, -2.220446049250313e-16, -2.220446049250313e-16, 1.1102230246251565e-16, 2.2204460492503128e-16, -2.220446049250313e-16, -0.0, -0.0, -2.220446049250313e-16, -0.0, -2.220446049250313e-16, -2.220446049250313e-16, -2.220446049250313e-16, -0.0, -0.0, -2.220446049250313e-16, -2.220446049250313e-16, -0.0, 2.2204460492503128e-16, 2.2204460492503128e-16]",-9.21E-17,1.90E-16,1.30E-16,0.004045827,1,TRUE,100
odql_3325--52/52_2810331.txt#0_2,0,2,-2.22E-16,"[-0.0, -2.220446049250313e-16, -0.0, 2.2204460492503128e-16, -2.220446049250313e-16, -0.0, -0.0, -0.0, -0.0, -0.0, -0.0, -2.220446049250313e-16, -0.0, -2.220446049250313e-16, 1.1102230246251565e-16, -2.220446049250313e-16, 1.1102230246251565e-16, -2.220446049250313e-16, -0.0, 1.1102230246251565e-16, 1.1102230246251565e-16, -4.440892098500627e-16, -0.0, -0.0, 1.1102230246251565e-16, -2.220446049250313e-16, 2.2204460492503128e-16, -0.0, 2.2204460492503128e-16, -2.220446049250313e-16, -0.0, -2.220446049250313e-16, -2.220446049250313e-16, -2.220446049250313e-16, -2.220446049250313e-16, -2.220446049250313e-16, 1.1102230246251565e-16, -2.220446049250313e-16, 2.2204460492503128e-16, 1.1102230246251565e-16, -0.0, -2.220446049250313e-16, -0.0, -0.0, -0.0, -4.440892098500627e-16, -2.220446049250313e-16, -0.0, -0.0, -0.0, 2.2204460492503128e-16, -0.0, -4.440892098500627e-16, -0.0, -2.220446049250313e-16, 1.1102230246251565e-16, -0.0, -0.0, -0.0, -2.220446049250313e-16, 3.330669073875469e-16, -2.220446049250313e-16, -0.0, -2.220446049250313e-16, -0.0, -2.220446049250313e-16, -2.220446049250313e-16, -0.0, -0.0, -2.220446049250313e-16, 3.330669073875469e-16, 2.2204460492503128e-16, -0.0, -0.0, -2.220446049250313e-16, -2.220446049250313e-16, -4.440892098500627e-16, -2.220446049250313e-16, -2.220446049250313e-16, -0.0, -0.0, 2.2204460492503128e-16, -2.220446049250313e-16, -0.0, -0.0, -0.0, -0.0, -0.0, -4.440892098500627e-16, -0.0, -0.0, -2.220446049250313e-16, -2.220446049250313e-16, -0.0, -2.220446049250313e-16, -2.220446049250313e-16, -0.0, -0.0, -0.0, -2.220446049250313e-16]",-6.44E-17,1.69E-16,1.58E-16,0.061949869,1,TRUE,100
odql_3325--52/52_2810331.txt#0_2,0.5,0.5,-2.22E-16,"[-0.0, 1.1102230246251565e-16, -0.0, 2.2204460492503128e-16, -2.220446049250313e-16, -2.220446049250313e-16, -2.220446049250313e-16, -2.220446049250313e-16, -0.0, -0.0, -4.440892098500627e-16, -0.0, -2.220446049250313e-16, -0.0, -0.0, -2.220446049250313e-16, -0.0, 1.1102230246251565e-16, -0.0, -2.220446049250313e-16, -0.0, -2.220446049250313e-16, -2.220446049250313e-16, -2.220446049250313e-16, -2.220446049250313e-16, -4.440892098500627e-16, 1.1102230246251565e-16, -2.220446049250313e-16, 1.1102230246251565e-16, -2.220446049250313e-16, -2.220446049250313e-16, -2.220446049250313e-16, -2.220446049250313e-16, -0.0, -0.0, -0.0, -2.220446049250313e-16, -2.220446049250313e-16, -4.440892098500627e-16, -0.0, -2.220446049250313e-16, -2.220446049250313e-16, -0.0, -2.220446049250313e-16, -0.0, -2.220446049250313e-16, -2.220446049250313e-16, -2.220446049250313e-16, -0.0, -2.220446049250313e-16, 3.330669073875469e-16, -0.0, -0.0, -2.220446049250313e-16, -0.0, -2.220446049250313e-16, -0.0, -0.0, 1.1102230246251565e-16, -0.0, 1.1102230246251565e-16, -0.0, -0.0, -2.220446049250313e-16, -2.220446049250313e-16, -2.220446049250313e-16, 1.1102230246251565e-16, 1.1102230246251565e-16, -0.0, -4.440892098500627e-16, -2.220446049250313e-16, 1.1102230246251565e-16, 2.2204460492503128e-16, -0.0, -2.220446049250313e-16, -0.0, -0.0, -0.0, 1.1102230246251565e-16, -2.220446049250313e-16, -2.220446049250313e-16, -0.0, -2.220446049250313e-16, 1.1102230246251565e-16, 1.1102230246251565e-16, 3.330669073875469e-16, 2.2204460492503128e-16, -0.0, 2.2204460492503128e-16, -2.220446049250313e-16, -2.220446049250313e-16, -0.0, -0.0, -0.0, 2.2204460492503128e-16, -2.220446049250313e-16, -4.440892098500627e-16, -4.440892098500627e-16, 1.1102230246251565e-16, -2.220446049250313e-16]",-8.10E-17,1.75E-16,1.41E-16,0.503684801,1,TRUE,100
odql_3325--52/52_2810331.txt#0_2,0.5,1,-2.22E-16,"[-0.0, -2.220446049250313e-16, -0.0, 2.2204460492503128e-16, -0.0, 1.1102230246251565e-16, -0.0, -2.220446049250313e-16, -4.440892098500627e-16, 2.2204460492503128e-16, -2.220446049250313e-16, -0.0, -2.220446049250313e-16, -0.0, -2.220446049250313e-16, -2.220446049250313e-16, -0.0, 1.1102230246251565e-16, -0.0, -0.0, -0.0, -0.0, -2.220446049250313e-16, 1.1102230246251565e-16, -0.0, -2.220446049250313e-16, -2.220446049250313e-16, -0.0, -0.0, -0.0, -2.220446049250313e-16, -0.0, -0.0, -2.220446049250313e-16, -0.0, -0.0, -0.0, -2.220446049250313e-16, -2.220446049250313e-16, 2.2204460492503128e-16, -2.220446049250313e-16, -2.220446049250313e-16, -2.220446049250313e-16, -0.0, -0.0, -2.220446049250313e-16, -0.0, -0.0, -0.0, -0.0, -0.0, -0.0, -2.220446049250313e-16, 2.2204460492503128e-16, -2.220446049250313e-16, -0.0, -0.0, -2.220446049250313e-16, -2.220446049250313e-16, -2.220446049250313e-16, -4.440892098500627e-16, -2.220446049250313e-16, -4.440892098500627e-16, -0.0, -0.0, -4.440892098500627e-16, 2.2204460492503128e-16, -2.220446049250313e-16, 1.1102230246251565e-16, -0.0, -0.0, -2.220446049250313e-16, -0.0, 1.1102230246251565e-16, -2.220446049250313e-16, -2.220446049250313e-16, -2.220446049250313e-16, -0.0, -2.220446049250313e-16, -2.220446049250313e-16, -2.220446049250313e-16, -2.220446049250313e-16, -0.0, 2.2204460492503128e-16, -0.0, 1.1102230246251565e-16, -2.220446049250313e-16, -4.440892098500627e-16, -2.220446049250313e-16, 1.1102230246251565e-16, -0.0, -2.220446049250313e-16, -0.0, -4.440892098500627e-16, -2.220446049250313e-16, -0.0, -0.0, -2.220446049250313e-16, -2.220446049250313e-16, 1.1102230246251565e-16]",-8.88E-17,1.63E-16,1.33E-16,0.510042957,1,TRUE,100
odql_3325--52/52_2810331.txt#0_2,0.5,2,-2.22E-16,"[-0.0, -4.440892098500627e-16, 1.1102230246251565e-16, -2.220446049250313e-16, -2.220446049250313e-16, 1.1102230246251565e-16, -0.0, 3.330669073875469e-16, -2.220446049250313e-16, -0.0, -0.0, -0.0, -4.440892098500627e-16, -0.0, -2.220446049250313e-16, -2.220446049250313e-16, -2.220446049250313e-16, -2.220446049250313e-16, 2.2204460492503128e-16, -4.440892098500627e-16, -0.0, -2.220446049250313e-16, 1.1102230246251565e-16, -0.0, -0.0, 1.1102230246251565e-16, -0.0, -4.440892098500627e-16, -0.0, -2.220446049250313e-16, -2.220446049250313e-16, -2.220446049250313e-16, -2.220446049250313e-16, 3.330669073875469e-16, -0.0, -2.220446049250313e-16, -2.220446049250313e-16, 3.330669073875469e-16, -2.220446049250313e-16, -0.0, -2.220446049250313e-16, -2.220446049250313e-16, 2.2204460492503128e-16, -4.440892098500627e-16, -0.0, -2.220446049250313e-16, -0.0, -2.220446049250313e-16, -2.220446049250313e-16, -0.0, 1.1102230246251565e-16, -2.220446049250313e-16, -0.0, -4.440892098500627e-16, -4.440892098500627e-16, -2.220446049250313e-16, -0.0, -0.0, -2.220446049250313e-16, -4.440892098500627e-16, 1.1102230246251565e-16, -2.220446049250313e-16, -2.220446049250313e-16, -4.440892098500627e-16, 2.2204460492503128e-16, -2.220446049250313e-16, -4.440892098500627e-16, -2.220446049250313e-16, -0.0, 1.1102230246251565e-16, 3.330669073875469e-16, -0.0, -2.220446049250313e-16, -4.440892098500627e-16, -0.0, -2.220446049250313e-16, -4.440892098500627e-16, -0.0, -0.0, -2.220446049250313e-16, 4.4408920985006257e-16, -0.0, 2.2204460492503128e-16, -2.220446049250313e-16, -2.220446049250313e-16, 1.1102230246251565e-16, -0.0, 1.1102230246251565e-16, -2.220446049250313e-16, -0.0, -0.0, -2.220446049250313e-16, 3.330669073875469e-16, -0.0, -0.0, -4.440892098500627e-16, -2.220446049250313e-16, 3.330669073875469e-16, -4.440892098500627e-16, -0.0]",-9.66E-17,2.17E-16,1.25E-16,0.50054136,1,TRUE,100
odql_3325--52/52_2810331.txt#0_2,1,0.5,-2.22E-16,"[-2.220446049250313e-16, -2.220446049250313e-16, -2.220446049250313e-16, -0.0, -0.0, -2.220446049250313e-16, -0.0, 2.2204460492503128e-16, 1.1102230246251565e-16, -2.220446049250313e-16, -2.220446049250313e-16, -2.220446049250313e-16, -4.440892098500627e-16, -0.0, -2.220446049250313e-16, 2.2204460492503128e-16, -0.0, -4.440892098500627e-16, -2.220446049250313e-16, 1.1102230246251565e-16, -2.220446049250313e-16, 1.1102230246251565e-16, -2.220446049250313e-16, -0.0, -0.0, 1.1102230246251565e-16, -2.220446049250313e-16, 1.1102230246251565e-16, -2.220446049250313e-16, 1.1102230246251565e-16, -0.0, -4.440892098500627e-16, -0.0, -0.0, -2.220446049250313e-16, -4.440892098500627e-16, 2.2204460492503128e-16, -0.0, -2.220446049250313e-16, -0.0, -0.0, -0.0, -4.440892098500627e-16, -2.220446049250313e-16, -0.0, -4.440892098500627e-16, -2.220446049250313e-16, 1.1102230246251565e-16, 1.1102230246251565e-16, -2.220446049250313e-16, -2.220446049250313e-16, -2.220446049250313e-16, -0.0, -0.0, -2.220446049250313e-16, -4.440892098500627e-16, -0.0, 1.1102230246251565e-16, -2.220446049250313e-16, 1.1102230246251565e-16, -2.220446049250313e-16, -0.0, 1.1102230246251565e-16, -2.220446049250313e-16, -2.220446049250313e-16, -0.0, -0.0, -0.0, -0.0, -0.0, -0.0, 1.1102230246251565e-16, -2.220446049250313e-16, -0.0, 1.1102230246251565e-16, -0.0, 1.1102230246251565e-16, -2.220446049250313e-16, 2.2204460492503128e-16, -2.220446049250313e-16, -2.220446049250313e-16, -4.440892098500627e-16, -0.0, -0.0, -2.220446049250313e-16, -2.220446049250313e-16, -4.440892098500627e-16, -0.0, -0.0, -2.220446049250313e-16, -2.220446049250313e-16, -2.220446049250313e-16, -0.0, -2.220446049250313e-16, 2.2204460492503128e-16, -2.220446049250313e-16, 1.1102230246251565e-16, -0.0, -4.440892098500627e-16, -0.0]",-9.66E-17,1.80E-16,1.25E-16,1.013239158,1,TRUE,100
odql_3325--52/52_2810331.txt#0_2,1,1,-2.22E-16,"[-2.220446049250313e-16, -2.220446049250313e-16, 1.1102230246251565e-16, 1.1102230246251565e-16, -2.220446049250313e-16, -4.440892098500627e-16, -0.0, -0.0, -0.0, 2.2204460492503128e-16, -2.220446049250313e-16, -2.220446049250313e-16, -0.0, -2.220446049250313e-16, -2.220446049250313e-16, -2.220446049250313e-16, -2.220446049250313e-16, -4.440892098500627e-16, -2.220446049250313e-16, -0.0, 2.2204460492503128e-16, -4.440892098500627e-16, -2.220446049250313e-16, 1.1102230246251565e-16, -0.0, -0.0, 2.2204460492503128e-16, -2.220446049250313e-16, 1.1102230246251565e-16, -0.0, -0.0, -0.0, -4.440892098500627e-16, -0.0, -0.0, 1.1102230246251565e-16, -0.0, 2.2204460492503128e-16, -0.0, -2.220446049250313e-16, -0.0, 1.1102230246251565e-16, -0.0, -4.440892098500627e-16, -0.0, -2.220446049250313e-16, -0.0, -2.220446049250313e-16, -4.440892098500627e-16, -2.220446049250313e-16, -0.0, -0.0, -2.220446049250313e-16, -4.440892098500627e-16, -0.0, -2.220446049250313e-16, -0.0, -2.220446049250313e-16, -4.440892098500627e-16, -0.0, 1.1102230246251565e-16, -2.220446049250313e-16, -6.661338147750941e-16, -4.440892098500627e-16, -2.220446049250313e-16, -0.0, -2.220446049250313e-16, 2.2204460492503128e-16, -0.0, -2.220446049250313e-16, -0.0, -0.0, 1.1102230246251565e-16, -0.0, -2.220446049250313e-16, 2.2204460492503128e-16, -4.440892098500627e-16, -2.220446049250313e-16, -2.220446049250313e-16, -2.220446049250313e-16, 1.1102230246251565e-16, -0.0, -0.0, -2.220446049250313e-16, -4.440892098500627e-16, -0.0, -2.220446049250313e-16, -2.220446049250313e-16, -2.220446049250313e-16, -2.220446049250313e-16, -0.0, -2.220446049250313e-16, 1.1102230246251565e-16, 1.1102230246251565e-16, 1.1102230246251565e-16, -0.0, 1.1102230246251565e-16, -0.0, -2.220446049250313e-16, -2.220446049250313e-16]",-1.05E-16,1.92E-16,1.17E-16,1.012220569,1,TRUE,100
odql_3325--52/52_2810331.txt#0_2,1,2,-2.22E-16,"[1.1102230246251565e-16, -4.440892098500627e-16, -0.0, -2.220446049250313e-16, -2.220446049250313e-16, -4.440892098500627e-16, -2.220446049250313e-16, 3.330669073875469e-16, -2.220446049250313e-16, -0.0, -0.0, 1.1102230246251565e-16, -2.220446049250313e-16, -0.0, -2.220446049250313e-16, -2.220446049250313e-16, -2.220446049250313e-16, -4.440892098500627e-16, -0.0, -4.440892098500627e-16, -2.220446049250313e-16, -2.220446049250313e-16, -4.440892098500627e-16, -0.0, -0.0, -0.0, -2.220446049250313e-16, -0.0, -4.440892098500627e-16, -0.0, -6.661338147750941e-16, -0.0, -0.0, -2.220446049250313e-16, -0.0, 1.1102230246251565e-16, 2.2204460492503128e-16, -2.220446049250313e-16, -0.0, -2.220446049250313e-16, -2.220446049250313e-16, -2.220446049250313e-16, 2.2204460492503128e-16, 1.1102230246251565e-16, -2.220446049250313e-16, -2.220446049250313e-16, 1.1102230246251565e-16, -0.0, -4.440892098500627e-16, 1.1102230246251565e-16, -0.0, -4.440892098500627e-16, -0.0, -6.661338147750941e-16, -2.220446049250313e-16, -4.440892098500627e-16, -2.220446049250313e-16, -0.0, 1.1102230246251565e-16, -0.0, -2.220446049250313e-16, 2.2204460492503128e-16, -0.0, 1.1102230246251565e-16, 1.1102230246251565e-16, -0.0, 1.1102230246251565e-16, -0.0, -2.220446049250313e-16, -2.220446049250313e-16, -4.440892098500627e-16, -0.0, -0.0, -0.0, -2.220446049250313e-16, -2.220446049250313e-16, -0.0, 1.1102230246251565e-16, -0.0, -4.440892098500627e-16, -2.220446049250313e-16, -0.0, -0.0, -2.220446049250313e-16, -2.220446049250313e-16, -2.220446049250313e-16, -2.220446049250313e-16, -0.0, -6.661338147750941e-16, 2.2204460492503128e-16, -2.220446049250313e-16, -0.0, -4.440892098500627e-16, 3.330669073875469e-16, -2.220446049250313e-16, -0.0, -0.0, 2.2204460492503128e-16, -2.220446049250313e-16, -4.440892098500627e-16]",-1.21E-16,2.16E-16,1.01E-16,1.054451245,1,TRUE,100
odql_3325--52/52_2810331.txt#0_2,2,0.5,-2.22E-16,"[3.330669073875469e-16, -0.0, 1.1102230246251565e-16, -2.220446049250313e-16, 1.1102230246251565e-16, -2.220446049250313e-16, -4.440892098500627e-16, -0.0, -6.661338147750941e-16, -6.661338147750941e-16, 1.1102230246251565e-16, -4.440892098500627e-16, 4.4408920985006257e-16, -0.0, -4.440892098500627e-16, -4.440892098500627e-16, -0.0, 4.4408920985006257e-16, 3.330669073875469e-16, 2.2204460492503128e-16, 2.2204460492503128e-16, -2.220446049250313e-16, -2.220446049250313e-16, -4.440892098500627e-16, -4.440892098500627e-16, 2.2204460492503128e-16, -0.0, 4.4408920985006257e-16, 1.1102230246251565e-16, 1.1102230246251565e-16, -0.0, -0.0, -2.220446049250313e-16, -2.220446049250313e-16, 2.2204460492503128e-16, -6.661338147750941e-16, -2.220446049250313e-16, -2.220446049250313e-16, 2.2204460492503128e-16, -0.0, -4.440892098500627e-16, -6.661338147750941e-16, -2.220446049250313e-16, -0.0, -0.0, -4.440892098500627e-16, -0.0, -2.220446049250313e-16, -4.440892098500627e-16, -4.440892098500627e-16, -2.220446049250313e-16, -4.440892098500627e-16, -0.0, -4.440892098500627e-16, 3.330669073875469e-16, -4.440892098500627e-16, -0.0, -4.440892098500627e-16, -2.220446049250313e-16, -2.220446049250313e-16, -4.440892098500627e-16, -2.220446049250313e-16, -0.0, -2.220446049250313e-16, -0.0, 1.1102230246251565e-16, -0.0, -4.440892098500627e-16, -2.220446049250313e-16, -2.220446049250313e-16, -2.220446049250313e-16, -2.220446049250313e-16, 1.1102230246251565e-16, 3.330669073875469e-16, -4.440892098500627e-16, -2.220446049250313e-16, 1.1102230246251565e-16, -4.440892098500627e-16, -6.661338147750941e-16, 1.1102230246251565e-16, -2.220446049250313e-16, 4.4408920985006257e-16, 1.1102230246251565e-16, -0.0, -0.0, 1.1102230246251565e-16, -0.0, -0.0, -0.0, -4.440892098500627e-16, 1.1102230246251565e-16, -0.0, -6.661338147750941e-16, 1.1102230246251565e-16, -2.220446049250313e-16, 2.2204460492503128e-16, 1.1102230246251565e-16, -2.220446049250313e-16, -2.220446049250313e-16, -4.440892098500627e-16]",-1.22E-16,2.83E-16,9.99E-17,1.992958683,1,TRUE,100
odql_3325--52/52_2810331.txt#0_2,2,1,-2.22E-16,"[-2.220446049250313e-16, -4.440892098500627e-16, -0.0, 3.330669073875469e-16, -2.220446049250313e-16, 1.1102230246251565e-16, -4.440892098500627e-16, -6.661338147750941e-16, -4.440892098500627e-16, 2.2204460492503128e-16, -2.220446049250313e-16, -2.220446049250313e-16, -2.220446049250313e-16, -4.440892098500627e-16, 1.1102230246251565e-16, -0.0, -2.220446049250313e-16, -2.220446049250313e-16, -4.440892098500627e-16, -0.0, -4.440892098500627e-16, -2.220446049250313e-16, -0.0, -4.440892098500627e-16, -0.0, -0.0, -2.220446049250313e-16, 3.330669073875469e-16, 4.4408920985006257e-16, -0.0, -0.0, -0.0, 1.1102230246251565e-16, -4.440892098500627e-16, 1.1102230246251565e-16, -4.440892098500627e-16, -0.0, -0.0, -0.0, -4.440892098500627e-16, -2.220446049250313e-16, -0.0, -0.0, -2.220446049250313e-16, -4.440892098500627e-16, -2.220446049250313e-16, 3.330669073875469e-16, -0.0, 1.1102230246251565e-16, -2.220446049250313e-16, -0.0, -4.440892098500627e-16, -2.220446049250313e-16, -2.220446049250313e-16, -0.0, 2.2204460492503128e-16, -2.220446049250313e-16, -0.0, 2.2204460492503128e-16, -2.220446049250313e-16, -4.440892098500627e-16, -0.0, -2.220446049250313e-16, -6.661338147750941e-16, -4.440892098500627e-16, -6.661338147750941e-16, -6.661338147750941e-16, 1.1102230246251565e-16, 4.4408920985006257e-16, -6.661338147750941e-16, -6.661338147750941e-16, -4.440892098500627e-16, -0.0, -0.0, -0.0, -4.440892098500627e-16, -6.661338147750941e-16, -2.220446049250313e-16, 1.1102230246251565e-16, -2.220446049250313e-16, 2.2204460492503128e-16, -0.0, -2.220446049250313e-16, -0.0, -2.220446049250313e-16, 2.2204460492503128e-16, -0.0, -2.220446049250313e-16, -2.220446049250313e-16, -6.661338147750941e-16, 3.330669073875469e-16, -0.0, 2.2204460492503128e-16, -2.220446049250313e-16, 1.1102230246251565e-16, -2.220446049250313e-16, -4.440892098500627e-16, -2.220446049250313e-16, -0.0, -6.661338147750941e-16]",-1.51E-16,2.76E-16,7.11E-17,1.995194333,1,TRUE,100
odql_3325--52/52_2810331.txt#0_2,2,2,-2.22E-16,"[1.1102230246251565e-16, -2.220446049250313e-16, 2.2204460492503128e-16, -2.220446049250313e-16, 1.1102230246251565e-16, -2.220446049250313e-16, -2.220446049250313e-16, 2.2204460492503128e-16, -6.661338147750941e-16, -2.220446049250313e-16, -4.440892098500627e-16, 1.1102230246251565e-16, -0.0, -2.220446049250313e-16, -2.220446049250313e-16, -2.220446049250313e-16, -0.0, -6.661338147750941e-16, 1.1102230246251565e-16, -6.661338147750941e-16, -4.440892098500627e-16, -6.661338147750941e-16, -2.220446049250313e-16, -2.220446049250313e-16, 1.1102230246251565e-16, -0.0, -4.440892098500627e-16, -2.220446049250313e-16, -4.440892098500627e-16, 2.2204460492503128e-16, -2.220446049250313e-16, -4.440892098500627e-16, -6.661338147750941e-16, -4.440892098500627e-16, 1.1102230246251565e-16, -2.220446049250313e-16, -2.220446049250313e-16, -2.220446049250313e-16, -0.0, -2.220446049250313e-16, 1.1102230246251565e-16, 1.1102230246251565e-16, -0.0, -6.661338147750941e-16, -4.440892098500627e-16, -0.0, -6.661338147750941e-16, -4.440892098500627e-16, 1.1102230246251565e-16, -4.440892098500627e-16, -4.440892098500627e-16, -0.0, -4.440892098500627e-16, -4.440892098500627e-16, -4.440892098500627e-16, 1.1102230246251565e-16, -0.0, 3.330669073875469e-16, -4.440892098500627e-16, -4.440892098500627e-16, 1.1102230246251565e-16, -6.661338147750941e-16, -4.440892098500627e-16, -6.661338147750941e-16, 2.2204460492503128e-16, -6.661338147750941e-16, 1.1102230246251565e-16, -6.661338147750941e-16, -2.220446049250313e-16, -4.440892098500627e-16, 2.2204460492503128e-16, -2.220446049250313e-16, 2.2204460492503128e-16, 1.1102230246251565e-16, -4.440892098500627e-16, -6.661338147750941e-16, -4.440892098500627e-16, -0.0, 1.1102230246251565e-16, -2.220446049250313e-16, 1.1102230246251565e-16, -0.0, 1.1102230246251565e-16, -0.0, -2.220446049250313e-16, 3.330669073875469e-16, -6.661338147750941e-16, 3.330669073875469e-16, -2.220446049250313e-16, 2.2204460492503128e-16, -2.220446049250313e-16, -4.440892098500627e-16, 1.1102230246251565e-16, -6.661338147750941e-16, -2.220446049250313e-16, -0.0, -2.220446049250313e-16, -2.220446049250313e-16, -2.220446049250313e-16, -4.440892098500627e-16]",-2.00E-16,2.92E-16,2.22E-17,1.971157749,1,TRUE,100
jp_1076--114/114_1377217.txt#0_1,0,0.5,0.133624099,"[0.1456899489353166, 0.11521135448580516, 0.1215483466007475, 0.14948496053331334, 0.1329979923557717, 0.12066233002440394, 0.12436954963082025, 0.100941700245937, 0.10545729582474428, 0.13140799157387603, 0.14600741258769662, 0.12138038775085902, 0.1297517889851306, 0.12588542766947644, 0.12860400519479653, 0.1277023999833155, 0.11924767634540089, 0.11339252461547594, 0.12001157167421693, 0.12197058642328126, 0.13465456160848083, 0.11476743714505966, 0.14113749253110314, 0.11273435385233094, 0.10983087674248271, 0.1551903083222476, 0.12497163904779705, 0.13160134334568335, 0.14131712907724175, 0.1103231416669393, 0.14380348770252993, 0.1296708984275864, 0.14323958249972482, 0.11765406509684621, 0.12028033189328409, 0.12181711626995662, 0.15279227665690792, 0.13895257992272195, 0.16088830444695762, 0.14667958927204133, 0.14630160218955604, 0.13474953903113474, 0.10949545675706372, 0.12126028420710468, 0.1634608457099977, 0.11702417389704414, 0.12518387164866948, 0.13915956949032005, 0.11482502178375167, 0.12982593421442057, 0.1405825422129029, 0.13937564506316744, 0.11653001857342543, 0.14041049661184496, 0.11422761353389109, 0.12689993048095594, 0.13656800098077165, 0.15308018027438947, 0.13654642896955033, 0.12835650130585735, 0.1127718689843224, 0.12536528606430197, 0.12425198694089092, 0.13192217153914182, 0.14187361877681307, 0.10188400186274127, 0.1122651712891675, 0.1667568499166405, 0.1373365340754581, 0.13636603677643003, 0.10984303498683047, 0.11142530287344954, 0.1465649961387384, 0.1307443239801345, 0.13239069323784985, 0.14367094648755288, 0.13592633750790534, 0.1325711034339742, 0.12527213853831, 0.14853002064182402, 0.15474271738521667, 0.1251907015749247, 0.1430505138095892, 0.1298423589454688, 0.11475754916093088, 0.14555938293535708, 0.131397853246051, 0.11541655641167918, 0.10724082921118853, 0.11827429137573883, 0.10913083119903383, 0.11897045153505784, 0.1405920662937254, 0.13986841344675394, 0.171570194264554, 0.14196915662809756, 0.1316725463227877, 0.12507288508027212, 0.16816005379812396, 0.13725755214617175]",0.130653648,0.015135814,-0.002970451,0.001019555,0,FALSE,100
jp_1076--114/114_1377217.txt#0_1,0,1,0.133624099,"[0.07146123083143055, 0.10955834011380741, 0.1434138713474043, 0.11560254127745082, 0.07047066073701488, 0.11756562224917488, 0.14156406951201567, 0.11557063291367847, 0.11747134246753327, 0.15156320092794148, 0.21614565957148982, 0.12218906863098455, 0.0998366209898633, 0.10643991603741682, 0.12313982501939451, 0.11311186139966577, 0.13522581557369848, 0.09734490634307831, 0.08746998882086178, 0.11754991364636844, 0.148345323276906, 0.1316149476746363, 0.13539756173191692, 0.17450406931696552, 0.10780069581308391, 0.08387099716138821, 0.14698529553967649, 0.08957568869552318, 0.12733871121718568, 0.12442748218538284, 0.10849626531986145, 0.15404494579778805, 0.15541887128048287, 0.12024535242101414, 0.08870974633603482, 0.1039470873814626, 0.12107577216672477, 0.1291683260027776, 0.11204018176336011, 0.12128682186829395, 0.14883896908064398, 0.09851874506176604, 0.18089570065939192, 0.13776105941635491, 0.10588296062088198, 0.12708603121547477, 0.1332593802255303, 0.12356586933936657, 0.13670312954689665, 0.11546682517671134, 0.14258417453062092, 0.09388818363342064, 0.1631805539662591, 0.11463223611500015, 0.1285117715563836, 0.09442659767179631, 0.12559006267421408, 0.09128307453547412, 0.1137617673278376, 0.11999697813214395, 0.1027910963489021, 0.09755782712173347, 0.1250355893800189, 0.18426279162471698, 0.11793611229981693, 0.14891101208567636, 0.15947169511376907, 0.10266176418203032, 0.11747334410924565, 0.1187338225098476, 0.1594008989642014, 0.11794928851934074, 0.1248889747220987, 0.12288255427185253, 0.12745949869360088, 0.16226694953351542, 0.1283831254161581, 0.15789231936257003, 0.12157260136696174, 0.08783442519350002, 0.12599156882686638, 0.09852698229046611, 0.1295591532241887, 0.1548616884328641, 0.1274168160920797, 0.16676570712668778, 0.1466808152218828, 0.1364263854626959, 0.1168879020249872, 0.13394819225196045, 0.12005728982641402, 0.1218527459866009, 0.12563785240900635, 0.1399661175886956, 0.0969865444607288, 0.15417340277890654, 0.18720723407242193, 0.130211860200145, 0.15696219479473913, 0.13105364813437415]",0.126393631,0.025244131,-0.007230468,0.026989494,0,FALSE,100
jp_1076--114/114_1377217.txt#0_1,0,2,0.133624099,"[0.12251678176692346, 0.1434985102669098, 0.10746675578985544, 0.07978583284349211, 0.07102998246962021, 0.08107744926807335, 0.14920016719836204, 0.19862494045159285, 0.1108950563924808, 0.09861628909141239, 0.07636539558076932, 0.14612345251148706, 0.15777678463862937, 0.27574663367562335, 0.07246645738801605, 0.19702029491139597, 0.06997882112869504, 0.09610947611247508, 0.11358921760729457, 0.10133794543429961, 0.11903946159599292, 0.11683535400149958, 0.07888333721988776, 0.08538585352832218, 0.06812188815537153, 0.06078587645774592, 0.04419428236776486, 0.15504062447094805, 0.12209864622000963, 0.055873065295938024, 0.1567487981264627, 0.07899647266976628, 0.09196764173874196, 0.11723004278267699, 0.09254907416137356, 0.07905584534773195, 0.061372679339199605, 0.08830341376002314, 0.04203825415732461, 0.08252982150025232, 0.08287298024392269, 0.12153010417856253, 0.06374791755186096, 0.10611040989919587, 0.05724658693700861, 0.06911557775108156, 0.11755097977132933, 0.08571710062440674, 0.06450478348379098, 0.08313177937293713, 0.07900907911161412, 0.13664963750411982, 0.06084310985406719, 0.16266065799922186, 0.13598619717962468, 0.2207656975488828, 0.0950391656612081, 0.16635399177536303, 0.08974435208203706, 0.07248255881112452, 0.11549951756000834, 0.1522036313531111, 0.1322463463802349, 0.1865435903545908, 0.177130263398603, 0.07801295430727986, 0.05055398213544557, 0.14847182095103706, 0.09152131962150264, 0.08694019573033658, 0.02608480293691863, 0.16508999003086838, 0.11429853131748381, 0.0553039314992875, 0.13586305455708236, 0.09904714605594822, 0.06500182580291694, 0.049439274139979845, 0.05570707217720501, 0.05514262992434845, 0.058157168439170924, 0.057774473094054035, 0.19726881056985807, 0.08173531607672334, 0.10247262624348717, 0.03508590754841222, 0.2063071367584475, 0.06166462547297654, 0.0913931089170226, 0.04755475464996373, 0.06090718065967084, 0.1610964998833281, 0.11853944415738343, 0.118178239022807, 0.07032726036117368, 0.1934327081421212, 0.15752476490477269, 0.07522024042070416, 0.06488636176604821, 0.13328864710592425]",0.104702565,0.046773273,-0.028921534,0.013065564,0,FALSE,100
jp_1076--114/114_1377217.txt#0_1,0.5,0.5,0.133624099,"[0.13860284235108616, 0.11679853883469087, 0.14587588440990523, 0.10416661485374348, 0.14434798333507745, 0.13015499437025568, 0.12878272377867817, 0.10543318696234541, 0.17215929969795027, 0.15754195079379765, 0.1222230728592637, 0.14781664778353706, 0.14326746702560167, 0.15464837950013163, 0.12426314675802143, 0.13248302238727283, 0.13480868110943242, 0.13419698363242444, 0.12271279079759823, 0.11797506207572277, 0.12209119395388097, 0.12081408059203595, 0.1336530591317403, 0.11867436583320809, 0.12552325427121944, 0.1447227841923364, 0.11755377109954358, 0.17931503632298762, 0.1537010366240131, 0.14269614208748937, 0.1195189371960031, 0.13419868073494928, 0.13798180755095757, 0.16832221373237016, 0.13611897897606998, 0.1379580068540568, 0.12301513393108819, 0.12699631332161548, 0.13475035919805586, 0.13037435387463192, 0.13106327516885086, 0.13954300695624006, 0.13552137248134322, 0.10123759590749924, 0.14307549240306072, 0.14056911466413347, 0.12835689481234638, 0.1281130029162431, 0.12551721018885004, 0.10463060938521537, 0.11142287854863415, 0.11310591753114486, 0.1248889035272573, 0.14526503333478336, 0.14624071236307917, 0.12803491686269566, 0.12939942740475052, 0.13555582043277434, 0.1310260369508653, 0.14505543005804483, 0.113304532691227, 0.13902689827545045, 0.12745541264693955, 0.13422007296101132, 0.118157781662699, 0.1627312724556137, 0.11810115050195169, 0.09743619569086157, 0.14522514076096338, 0.15112581865334077, 0.12264842732231097, 0.12896119463814595, 0.12318936926004294, 0.11917073384600942, 0.12092565103131737, 0.12323927683968568, 0.11522971519410988, 0.11984066218116207, 0.13125148272377216, 0.11519680352098091, 0.13730089014898386, 0.15439384187248778, 0.13727419631369572, 0.15881726339748292, 0.13167109525000717, 0.1131325813427109, 0.13195725953104892, 0.1470052122523524, 0.12627745341040403, 0.13611238126752306, 0.14423184124718735, 0.1305320027135396, 0.13132940497584408, 0.12454019907842147, 0.10409299793206832, 0.11761475176271809, 0.13431689544094927, 0.11277177161870716, 0.1428664446888862, 0.117538044513111]",0.131340756,0.015163259,-0.002283343,0.501544798,0,FALSE,100
jp_1076--114/114_1377217.txt#0_1,0.5,1,0.133624099,"[0.11204904169031914, 0.14633684779682649, 0.11933002399214535, 0.09674349246939, 0.17285077793705592, 0.09557819752274727, 0.11896275305977207, 0.10088259767772088, 0.15237441938284807, 0.1503560752875988, 0.08399889433306162, 0.09108937851572489, 0.11884198822487133, 0.11259655594385723, 0.12845890409309563, 0.11791869693552998, 0.1399313674784158, 0.15142935723521936, 0.11792152585090601, 0.13308145953053094, 0.14874339953436894, 0.1226193799145194, 0.13990175568162838, 0.11930284044173063, 0.12023593018769096, 0.14497932705600522, 0.12747765187419258, 0.12974797925699622, 0.12336454326938937, 0.10633136702584388, 0.13301605325515306, 0.12384069849598565, 0.16109402063522663, 0.14659017702840815, 0.16490932764979188, 0.09033189407953862, 0.10395828903958194, 0.12994526729050881, 0.15361554385977363, 0.11510544255268561, 0.12179036166264383, 0.13063511995739632, 0.09801120634037815, 0.10957868308749551, 0.11399565038660496, 0.0903075023967688, 0.12531566286702436, 0.12647568179819907, 0.10954216652810728, 0.11997016875872688, 0.13959646968668796, 0.14883780005273833, 0.10886413566381557, 0.11206334947945834, 0.10912765380385565, 0.09959463372060305, 0.10212774983039569, 0.17332100261380434, 0.1242415710639519, 0.17130993041941864, 0.08907662990120035, 0.14835395188417067, 0.18749161249872026, 0.15773933436654292, 0.11976456964781612, 0.108325311749913, 0.09395230156322305, 0.11174753421732464, 0.11851056821603953, 0.1020488017391177, 0.12812142907397, 0.12688566721465824, 0.11836026117357226, 0.11333299619550652, 0.11279489656908165, 0.09565394869345847, 0.09272005238711226, 0.15162779681180308, 0.1270700674200468, 0.09354138430994763, 0.11893066832079177, 0.14828503566516762, 0.0921387879985249, 0.14032046231156428, 0.16576359366922228, 0.08171390489401197, 0.15852653654808002, 0.13191937766529133, 0.09661438627637534, 0.12599942027223662, 0.09447022897604364, 0.1050483225440306, 0.11293039897639211, 0.16836810183824094, 0.15212714114321801, 0.11555728703374513, 0.1598558404780934, 0.10109075955916022, 0.13417455964591238, 0.10302184630764404]",0.124045255,0.023391522,-0.009578843,0.505066298,0,FALSE,100
jp_1076--114/114_1377217.txt#0_1,0.5,2,0.133624099,"[0.06015352665453408, 0.12564406434514216, 0.06918294452504052, 0.03630290603921661, 0.06130290566726155, 0.04600025395689842, 0.151011589786197, 0.11824081467326171, 0.08772979957587713, 0.0686924466829475, 0.14868915073843442, 0.12351760736557493, 0.08729090288233733, 0.11863328735347434, 0.1454595627906944, 0.09371715788884166, 0.1621602862283002, 0.11556769638478212, 0.09555064219490209, 0.2440226920602125, 0.051169030967903185, 0.1092124831850555, 0.05427442984336564, 0.06274384001734645, 0.11748350972924423, 0.07722299997449769, 0.084657100445453, 0.08739453212054954, 0.06112593550186071, 0.14504787510500353, 0.15987199321342824, 0.11217392014229681, 0.14723907867811145, 0.09619924427961038, 0.06975346873433291, 0.12378872264079081, 0.07227569183976981, 0.0905291966618081, 0.0744195721332624, 0.04657053001099998, 0.049775169468903244, 0.12139202491465335, 0.08433819722748515, 0.15796246532239702, 0.1942703439239235, 0.08945435191072496, 0.1071744224665923, 0.23192323111581847, 0.14998023940910485, 0.16062905617112774, 0.09581227633793005, 0.10413001256540208, 0.14881834887352924, 0.15440001142518395, 0.08258535173879564, 0.1855267875323189, 0.06367081820656337, 0.05419692476507706, 0.06870544895171388, 0.15559995361869747, 0.052398958501034626, 0.10408036063214834, 0.09204651154263996, 0.0723255413862376, 0.126144137335953, 0.12191127988900605, 0.07243772074549003, 0.17403408149504496, 0.08612553265366665, 0.07946318631277434, 0.11148576049982059, 0.12485980173097175, 0.10422307574642131, 0.11066248541099524, 0.05571291394404469, 0.159505399398237, 0.0704904887847714, 0.15007760446488388, 0.097277181249345, 0.05785113574957601, 0.09935713484142011, 0.1175209861424093, 0.0843743895424555, 0.0881463129487083, 0.16212256848322035, 0.08351763457607524, 0.0768036722456557, 0.16848413694085812, 0.11820964409730464, 0.08560576272835832, 0.06916690848174128, 0.07939222713834235, 0.04905866250065204, 0.04797164294793272, 0.08022285823741897, 0.06148860909556848, 0.06735660523190656, 0.10651830775066613, 0.08705679245581331, 0.09834828577776654]",0.103162051,0.041287456,-0.030462047,0.492080111,0,FALSE,100
jp_1076--114/114_1377217.txt#0_1,1,0.5,0.133624099,"[0.12192062779579162, 0.14064859476455394, 0.12715214914499476, 0.12283957034885037, 0.14127107585769177, 0.10701020434972962, 0.12650628772709596, 0.12254479227640963, 0.13804226047695037, 0.13598267692888938, 0.1244336992192423, 0.1071272965304234, 0.1254520394569485, 0.10938779703588813, 0.10001310443177137, 0.16721652485785948, 0.13010272482018934, 0.1339559944424935, 0.11312631806147551, 0.12074778739755357, 0.11089210628894831, 0.15526209516624995, 0.15199844647580107, 0.11834667505495032, 0.14959536705839088, 0.12066467033787176, 0.12323410979321835, 0.1494010994120937, 0.1430150250926178, 0.12205697567041451, 0.12517080908707104, 0.12553035764821516, 0.14977312790114572, 0.11997373927920316, 0.1292002547125694, 0.1276356885524647, 0.1207032902178728, 0.11460966861727266, 0.11928255550044307, 0.12893365960643555, 0.1395602912645494, 0.11704579316613996, 0.12370597598076487, 0.1330160292407902, 0.1494575011728513, 0.1303412440085494, 0.12701549511158955, 0.1379842755222209, 0.14624725021255602, 0.14273343425316903, 0.11924455176092945, 0.1223739849981995, 0.1298119880453153, 0.12414317716440437, 0.15852553367459718, 0.1533528364953089, 0.12978463969230453, 0.12187014239589442, 0.11865197270950759, 0.14411813254904626, 0.1407871052402132, 0.1357756183791485, 0.1306154984871164, 0.13863742526299835, 0.12144744017864183, 0.1325191218372325, 0.10730042896892575, 0.1289156520841214, 0.13143877643951998, 0.13875629563817493, 0.1383315053677177, 0.12448238966275521, 0.1249251675783626, 0.12261386386171988, 0.12817230999854684, 0.12337133017003835, 0.1304856349766568, 0.13988972186975554, 0.11475654683445358, 0.1280748125549206, 0.12685626427781785, 0.13085007445664604, 0.1374286752131333, 0.13473224007857676, 0.1627048858241821, 0.12708789029587136, 0.12828235057615212, 0.1364007534787887, 0.13529216157506385, 0.13605855623205793, 0.12522547627074335, 0.12155744695023618, 0.1351473062540794, 0.1329578045039332, 0.13385658439343795, 0.14359557119716104, 0.1278176269643964, 0.1280250214630991, 0.10816659721594854, 0.11408457503710473]",0.1299717,0.012414226,-0.003652399,0.992803517,0,FALSE,100
jp_1076--114/114_1377217.txt#0_1,1,1,0.133624099,"[0.14805360980127846, 0.1406505718802987, 0.08824624261510824, 0.09431748015830069, 0.154551875750021, 0.15841781268955546, 0.13762957715237065, 0.14096552327849224, 0.11601967123728539, 0.13907456855369985, 0.12579467258903654, 0.1011245814274635, 0.12167794315290276, 0.11326226314463404, 0.14255590938851365, 0.1204802208515875, 0.1064276185008051, 0.1519098201485699, 0.09784500003956258, 0.13214155764718535, 0.12764739561708477, 0.19449076859047215, 0.1294360816322425, 0.08444447876566642, 0.15902326551085108, 0.0885966963956758, 0.10847641082416218, 0.11177675570262467, 0.10403540288302691, 0.13048607773724064, 0.1466559751927748, 0.12937759517772307, 0.0755599907605528, 0.15367501094942132, 0.1146379557372214, 0.10800341190721752, 0.07884262607625547, 0.12374035957843285, 0.14274483324062526, 0.13413613287325535, 0.09040763716608907, 0.13966868929209358, 0.12466479073481818, 0.10227308650755851, 0.12452169422247006, 0.106322308666317, 0.11021814634274543, 0.15132902940744275, 0.11550891926448897, 0.12271830804927145, 0.07222145730086296, 0.1010941351930626, 0.0908313451618718, 0.11567720539438907, 0.152819530494692, 0.12855851217465047, 0.13446563867336986, 0.12998482585874682, 0.12648885001080187, 0.1022547886063619, 0.09202330600425848, 0.10322677808900625, 0.1427427734248433, 0.1243320066673658, 0.12246785273945039, 0.12280948419660721, 0.1304385481345808, 0.11485138264822572, 0.11113318015173165, 0.11244858369088112, 0.12725237395286812, 0.15325243978355385, 0.15643614424994295, 0.10917104228252163, 0.10256440396487256, 0.10850541159934728, 0.10355312350108725, 0.1722414994399376, 0.1673532876316982, 0.11519801995058676, 0.11227946386340848, 0.1124302212616366, 0.11300861956827866, 0.13716165504973749, 0.14330142526822975, 0.10675281641045983, 0.12320905711749904, 0.15079594514119393, 0.09656787777220445, 0.12614844692664354, 0.11537767572342485, 0.12153965541823525, 0.16849430196081588, 0.1002285211025952, 0.17189950926215414, 0.12384881547058867, 0.10314669238910139, 0.08857006850022785, 0.14845338062061936, 0.089681271138209]",0.122638597,0.023439023,-0.010985502,1.015253371,0,FALSE,100
jp_1076--114/114_1377217.txt#0_1,1,2,0.133624099,"[0.15067763447712093, 0.03235747934351921, 0.14307612813338733, 0.09851045547713105, 0.07603783954455667, 0.09293605054532147, 0.0763090079154069, 0.0879825176248656, 0.03575220435071833, 0.051617081838727916, 0.06623945946134852, 0.12786094017403474, 0.0993816209360426, 0.14141095780988375, 0.10756633713742028, 0.06928600976948746, 0.04119519137473268, 0.10972393527061071, 0.0881639888566392, 0.046473914576455146, 0.07607486663716198, 0.08130162251118433, 0.09216916874251511, 0.09662671238966958, 0.10522030637712297, 0.06750062512329642, 0.07039905836341573, 0.13837910747837573, 0.19602993576100947, 0.06621444838527808, 0.09041450146020542, 0.07438118792843372, 0.1441340553092011, 0.09431592411741395, 0.16985058053126098, 0.10345766350022277, 0.09392808258898609, 0.11326075984377444, 0.06181880087262025, 0.1020256759968737, 0.06735500171749582, 0.0735458608531019, 0.09380802488872508, 0.10978175030759008, 0.06782222587719443, 0.0359094638846161, 0.0729550037429385, 0.07138703622778106, 0.04607256328030285, 0.12085633432054656, 0.25707759617328985, 0.1261044829190671, 0.24274615303254546, 0.2192355990431031, 0.06751082549522949, 0.0702189202814204, 0.09766386419154657, 0.10113090460123134, 0.12631105586359503, 0.15978977513392525, 0.1324246364085892, 0.17400414121025232, 0.11883321187008883, 0.07538754686142846, 0.052326895549428494, 0.12061806076799746, 0.24079983990079318, 0.13373310355028645, 0.06975757138825905, 0.17144102770340633, 0.10982945392532582, 0.08248744637136293, 0.20565482824453798, 0.12670447680163532, 0.09458826475301643, 0.11637723761481117, 0.11119406349115671, 0.18679123738652054, 0.25672747764286186, 0.10986071436895062, 0.0661939537839995, 0.10821430989608342, 0.0913419419138784, 0.13750067745720637, 0.13197987080331552, 0.07824396899276781, 0.18168061361721147, 0.10178679658004036, 0.14935574966328755, 0.15051160870042368, 0.2129940753102696, 0.05618056189041008, 0.06049758613713557, 0.06429271589359041, 0.06732493667026367, 0.06757914828470707, 0.0700268818159964, 0.14586212313375113, 0.12143014671761122, 0.047112821480146616]",0.10806996,0.049746865,-0.025554139,0.990606828,0,FALSE,100
jp_1076--114/114_1377217.txt#0_1,2,0.5,0.133624099,"[0.12728461976098476, 0.14089715178504025, 0.14011214821574106, 0.09462031696217053, 0.12229731289080854, 0.13572076651944856, 0.11459815654965456, 0.12267889968790836, 0.14360408907128552, 0.1389529460276896, 0.12303723927666241, 0.12008996650463999, 0.14728061390844888, 0.11168075340136588, 0.1437092434133581, 0.14020619656923314, 0.13492224596963606, 0.152315505261773, 0.127282070167392, 0.12346304576352746, 0.14504876237675934, 0.14732997585313484, 0.11990700366664243, 0.15435785725901738, 0.1147311749553425, 0.13181447587719894, 0.11917938395563302, 0.13434825153707405, 0.12126183355829816, 0.14749462488911108, 0.11983811306424723, 0.11850898013627012, 0.13792986255370052, 0.11765679096732244, 0.12417316500370411, 0.11055205515975723, 0.12360909265806158, 0.13931733863380563, 0.14288237469202048, 0.1173105241424702, 0.12131830523907515, 0.13066630976893723, 0.13559933053608686, 0.12264403248547114, 0.13230154871791155, 0.14321311437725426, 0.1203986815268018, 0.11815174048647864, 0.14736456391361363, 0.15821583597041966, 0.1357095177073235, 0.15099117840655665, 0.12229340721495913, 0.15371169801953796, 0.13053741673372823, 0.1341708501677504, 0.1113577989284647, 0.13797034483285636, 0.13359208308116524, 0.10743142562908897, 0.11051510614870949, 0.13817702127100834, 0.13991859543452878, 0.14929460005540307, 0.12043351381939178, 0.11394847960135618, 0.12049257289622087, 0.14017810297277522, 0.1291585997933018, 0.11866342171994984, 0.1240240482842454, 0.1357488296035357, 0.14529212279751416, 0.1309450298481038, 0.1288496247126462, 0.1231508830393156, 0.13867073719798673, 0.14131819861014913, 0.13512807553643705, 0.12220505139406845, 0.14854869119246755, 0.12386670672854966, 0.14082768680394242, 0.1414396736586137, 0.1206521347200345, 0.11825803156046383, 0.1178386470634663, 0.12791745746647834, 0.1300863454621107, 0.12868504677233367, 0.11329640681846337, 0.15739977088770002, 0.13778361132623818, 0.131983780821094, 0.11704912853242026, 0.14169989260376975, 0.14572410670669914, 0.1270910885245379, 0.1425008788307372, 0.15661147331807068]",0.131150173,0.012811067,-0.002473926,2.005596601,0,FALSE,100
jp_1076--114/114_1377217.txt#0_1,2,1,0.133624099,"[0.12486839128614226, 0.12594616960858412, 0.1071757452143454, 0.17508515607013347, 0.11968083030892995, 0.16611108346107056, 0.11159364450858386, 0.09610175812963398, 0.11562282654365615, 0.11887691188132951, 0.17538890571577814, 0.13610759281076212, 0.14435442067316925, 0.08401228634156903, 0.121794373768554, 0.11037983256503944, 0.1212802121601976, 0.1137199065117856, 0.1486089802517289, 0.09992599020062726, 0.14001743476008455, 0.1298970735250315, 0.13695686005241384, 0.15910233416326233, 0.09969006917183887, 0.11253145236507672, 0.1273246613345616, 0.11914657711265077, 0.12617588252261913, 0.15579443409327515, 0.154382409036949, 0.11824171028205391, 0.08746919663911173, 0.11249253380456098, 0.11344491035642956, 0.0895025634462091, 0.10688758539813184, 0.11200224089369284, 0.14240403242591007, 0.14189101262884432, 0.11259454484370633, 0.10779510234526245, 0.18344616134861969, 0.1474549778118436, 0.11768552807222543, 0.13153049574400363, 0.1219695726128105, 0.10319869825845901, 0.11780722322372068, 0.10152370111634282, 0.11020382410120227, 0.13761274060743242, 0.11739926617375698, 0.11152098769780633, 0.1312485231495482, 0.12532782579350074, 0.1073333103676194, 0.09198629848030446, 0.18172996206022676, 0.10422414049280879, 0.16995504534522785, 0.19729914291030645, 0.1724977476517053, 0.09457646251003671, 0.12410986591452261, 0.1217688446018827, 0.14315988835982385, 0.14939067879870294, 0.10117599370311373, 0.13835124674214272, 0.11531969139288317, 0.09433067751159477, 0.07670146209932195, 0.13959209204232717, 0.1481925132948027, 0.21112955173811354, 0.1515455617836577, 0.14219067050977252, 0.14979106494371883, 0.14361682181046764, 0.12225954944149985, 0.09392389712417526, 0.09472262515947882, 0.08205485382328379, 0.12121638872595195, 0.16161729253964216, 0.11486411764669494, 0.1176649385534363, 0.1472977859524575, 0.12432953890785559, 0.12855234883981975, 0.12618399541863123, 0.1121642722985936, 0.09482893968553747, 0.1286777577385252, 0.09115456196521546, 0.15311222308731187, 0.09830652750973372, 0.15277179734074525, 0.12630066595996797]",0.12642282,0.025919855,-0.007201279,1.988311692,0,FALSE,100
jp_1076--114/114_1377217.txt#0_1,2,2,0.133624099,"[0.13319164335391398, 0.11989462162003073, 0.09859488723762837, 0.05348028105513542, 0.04137568856613688, 0.2010741315181191, 0.07054222912018468, 0.07183723303998515, 0.1195771636842548, 0.12288706315863222, 0.08805919318677913, 0.06428731588124083, 0.12245494356688882, 0.15107509378345058, 0.049827188248971255, 0.061091428014559926, 0.07740475404070997, 0.1052282106426481, 0.12454217868090013, 0.08642503183481352, 0.10518160599548337, 0.16622552288303313, 0.13652045863929888, 0.08236588925118221, 0.05415195768243397, 0.12904995551747395, 0.058610665980358474, 0.1016890928999107, 0.10094650788734444, 0.08906732172197986, 0.07925659341984308, 0.15969717383805562, 0.0971602001453099, 0.042790893617049575, 0.1316823015061564, 0.09770669520154081, 0.13934778333374911, 0.05600573214117331, 0.06645289168118071, 0.06105793005046086, 0.12766782701904142, 0.07140382740126572, 0.0936109900091615, 0.10775531432723057, 0.11141768101700385, 0.05571547212900701, 0.067732837309333, 0.0764663736646912, 0.1423373869656765, 0.07911689034406534, 0.09916786079112057, 0.1265530592765667, 0.07915126372321608, 0.08637064902883901, 0.062300829239792674, 0.033281806713521635, 0.07571734930642376, 0.16690020805977535, 0.0739386256723865, 0.1310965479288505, 0.11455135124441941, 0.09848436444980947, 0.15757341848767714, 0.10734592576158547, 0.07252630907915893, 0.1982635121941121, 0.07605975291167162, 0.10199050527156928, 0.057718341510032425, 0.11200526068654694, 0.20034488803761022, 0.12594294391888597, 0.11177302160571456, 0.11274229698173789, 0.08207941985968743, 0.08473281940346272, 0.14402554282719107, 0.1863440985169056, 0.07501593019638994, 0.06628621391204813, 0.11814681925049356, 0.12235845763878787, 0.1203007678493675, 0.08180711397517614, 0.057395754828896674, 0.06397977830012597, 0.13671407515909084, 0.09056859780776759, 0.12249548631259241, 0.1192534213331224, 0.07963207869085262, 0.16445295536757082, 0.09221043919870674, 0.11962649930752994, 0.15919980260198885, 0.08905010223285506, 0.09676921488327783, 0.06260429151677493, 0.05095056080720219, 0.08230910280993303]",0.101011515,0.036803103,-0.032612584,2.017941569,0,FALSE,100
bt_1706--93/93_2394404.txt#0_0,0,0.5,1.802582272,"[1.8059883965214845, 1.7981367209436496, 1.815209419116143, 1.808018937754545, 1.8097479163737167, 1.8169215949679773, 1.7805290128212308, 1.7951346121764673, 1.8223543706327452, 1.7952549316689757, 1.785501134914735, 1.8185012910309386, 1.7971106609439373, 1.79321230299954, 1.813437512537785, 1.7738045708325516, 1.7925286407914234, 1.787081520099253, 1.7977995945986098, 1.7795300585653258, 1.800709556855805, 1.7868136963970525, 1.794507780438337, 1.8075629273587939, 1.8016842339385026, 1.7934544099167549, 1.8265272500248892, 1.814733925154087, 1.818822181099232, 1.7799108096836602, 1.79051558583105, 1.8049096507402542, 1.8021764455792675, 1.8087159201709515, 1.7946248308035038, 1.7964501000671682, 1.8188765155072126, 1.8046627998885607, 1.7938780657289495, 1.7918637603429088, 1.7900146415932205, 1.8021348486584159, 1.8141244250663515, 1.8118777043842877, 1.8188582971029703, 1.8073640438943768, 1.803926381728472, 1.793919735447882, 1.8016284102710969, 1.8050981840997988, 1.8057728982154948, 1.7782075132228354, 1.8162752948746355, 1.8022870782842082, 1.7958502294774945, 1.8051690363117043, 1.8050286247554184, 1.8027454526403965, 1.7895868822466061, 1.8106978522634958, 1.7718356204019958, 1.811512174317919, 1.7998046005592512, 1.7933818715788339, 1.7955373789565734, 1.8025821780946596, 1.8062338664588566, 1.7775564634880912, 1.8067682485099255, 1.8178957166363332, 1.8044439055965813, 1.8091508736690334, 1.7898089307178082, 1.7790869659858117, 1.8023863650445247, 1.7804331852853539, 1.809973378928373, 1.794248804607558, 1.8190363804184122, 1.8111616637038714, 1.813747989254607, 1.7932649943091608, 1.782473457797423, 1.7833130390797114, 1.8113961629119848, 1.7916996555189406, 1.7941444079088795, 1.7935220436702333, 1.7990684478850099, 1.8075982453230464, 1.8054999899968356, 1.8144830573683617, 1.8193180562040538, 1.799951510128576, 1.8010457748898254, 1.7909266566782085, 1.8120782977996268, 1.7880026940611526, 1.7905352421289193, 1.8144123172809412]",1.800670918,0.012012221,-0.001911354,-1.99E-05,0,FALSE,100
bt_1706--93/93_2394404.txt#0_0,0,1,1.802582272,"[1.7844438267784106, 1.8192142980570312, 1.8225272746768362, 1.7753922696489652, 1.7738639387499298, 1.8220537302507231, 1.7502718983410408, 1.7819734312970694, 1.8297652670426232, 1.8055837010825693, 1.8152900112354027, 1.795581492530255, 1.791761315057597, 1.816964867475065, 1.7884322461500033, 1.806445360650529, 1.7876856072594474, 1.788706396902941, 1.7905810133266697, 1.7800737155703115, 1.8523608354000858, 1.8194117934963892, 1.7606494966434463, 1.7920214153069265, 1.7373744649492684, 1.7988308461322788, 1.8054423109983992, 1.816400091433937, 1.8057404183736998, 1.7849881926366047, 1.8047469756524805, 1.7973127671114115, 1.8301990897951823, 1.6838481617480798, 1.765518862572872, 1.806326806219683, 1.8410546080405026, 1.789675910256704, 1.7917354425358003, 1.7395226832100534, 1.8091692321067983, 1.8408333431294068, 1.7491693895809781, 1.8580545175594558, 1.7990028048934859, 1.7738032069565137, 1.7697278042544096, 1.736630556115038, 1.8071670525589036, 1.8120957349872133, 1.798347950487693, 1.776333948881267, 1.7958081570590896, 1.8126865467704423, 1.8117413873508301, 1.7963351728689716, 1.796351894521699, 1.7637424404531932, 1.8429438985824598, 1.7645827299171615, 1.814698111714109, 1.8188045924218157, 1.7915366007535631, 1.8346950237110586, 1.8040161712807568, 1.8500423362582041, 1.7905402756387792, 1.7704324479548192, 1.777634583929709, 1.794595516551432, 1.8045497820025262, 1.7934643825406575, 1.8136630998156407, 1.7857455795097166, 1.8195142862933562, 1.8365674424939495, 1.7902026166343719, 1.6995017708092757, 1.827777456381253, 1.8003388181471842, 1.7954418084488428, 1.8471163450641013, 1.7891032441268302, 1.825958485954116, 1.7920239703032836, 1.7735806112097139, 1.7854720249331673, 1.8410508032901145, 1.7624308166966505, 1.7553567423616703, 1.8091661546114635, 1.7544784687720463, 1.7562132676752387, 1.7954019592534565, 1.8270111422310864, 1.7870435852144078, 1.7834865067999304, 1.777217102057388, 1.7967319070744312, 1.7938051669684558]",1.795307116,0.029851946,-0.007275155,0.001960693,0,FALSE,100
bt_1706--93/93_2394404.txt#0_0,0,2,1.802582272,"[1.7290229201838396, 1.7261747795249267, 1.727809797615962, 1.7793033648325425, 1.850201618219032, 1.809177304399149, 1.8028793276957578, 1.768513112299805, 1.6478212095968945, 1.6926268038616088, 1.7284336509226204, 1.8029007846399505, 1.799330864291969, 1.7394255956219524, 1.7989717152777074, 1.762957709693704, 1.8092223721944187, 1.8396416355579472, 1.7998561124421708, 1.8370940775253566, 1.802471111266413, 1.775746061094219, 1.8278142436938674, 1.798078807598543, 1.7692145262870378, 1.6314801417467577, 1.7809329233915563, 1.7054595979330085, 1.7227880997924836, 1.7013782804648598, 1.6414264238562426, 1.7494250312419626, 1.7891209434484954, 1.740471544440239, 1.7021129999908937, 1.8165722534260844, 1.6375312332815346, 1.7697759519730492, 1.7715379738431758, 1.7859042064039818, 1.7643488985200402, 1.7566880411306343, 1.7128716878197914, 1.7485680178059115, 1.8393605356158274, 1.7501117350899287, 1.8394369817286553, 1.7930813782880126, 1.7757016314589271, 1.7408931758288468, 1.8608119370494163, 1.7782743106504173, 1.7712142624805236, 1.7589516890982155, 1.7638936370771265, 1.763906237449772, 1.6926137114841304, 1.7642978070199455, 1.7975825535371284, 1.7928820862956056, 1.782339945267301, 1.7203850502848905, 1.831805430105877, 1.694296555535108, 1.7209705831598865, 1.7591218415829508, 1.8324816900597554, 1.751229187627914, 1.7086160333637688, 1.7054547804679605, 1.6776453389033252, 1.6170226800034, 1.6330779709549998, 1.6609166693633686, 1.8156366970834792, 1.7178681269217233, 1.6660023393214405, 1.8043853906618303, 1.7468327018166812, 1.804874977667335, 1.6750191055041546, 1.737150989386799, 1.8130487084300633, 1.7907086868761481, 1.8024385874591269, 1.7595563817865083, 1.6639363292037348, 1.8246523312341139, 1.8336593786157853, 1.7714218794505858, 1.71582940496292, 1.7823409675333077, 1.8020409498660008, 1.7762134283251039, 1.7906512462739406, 1.8528766120537252, 1.7746149668031717, 1.6276136295279042, 1.8093338828766399, 1.6296503445259174]",1.757198192,0.058201453,-0.045384079,0.001841482,0,FALSE,100
bt_1706--93/93_2394404.txt#0_0,0.5,0.5,1.802582272,"[1.7769369383894467, 1.8193699258700378, 1.7875658319557957, 1.8059070232685037, 1.8138139371998678, 1.8054649928216882, 1.7972108462300183, 1.8034643115157643, 1.8259473027181408, 1.8065718403880995, 1.8094005227826804, 1.8140149739191305, 1.8252310276286083, 1.8045863115404996, 1.807161164800535, 1.8153047401709255, 1.8011960642812728, 1.8213606181565136, 1.8058862815823287, 1.8074146265484234, 1.797221827100234, 1.8069414979608722, 1.7976868413503948, 1.8028339471333377, 1.782193163979327, 1.7998399266057488, 1.781026703944533, 1.791054878055709, 1.7943776305812407, 1.796798709683921, 1.7805741300537035, 1.8063040359377016, 1.786576602537034, 1.8175548060342908, 1.793075620914903, 1.7809801691901637, 1.8141802972333525, 1.791098155062085, 1.791904991016985, 1.7929086291389091, 1.7919223311846593, 1.7892329056004614, 1.8108321678023698, 1.7891644510765836, 1.7894479368012015, 1.798998564845223, 1.8177848987369565, 1.800124330649991, 1.7992245167047596, 1.7970529309916714, 1.8035536975115913, 1.7915745612940712, 1.78844619870937, 1.7987182502136039, 1.7965352114050246, 1.8106617987550395, 1.8275882255541727, 1.785224088684438, 1.8168416741771303, 1.803128689806845, 1.7875000621936175, 1.793807976779095, 1.7919114297393859, 1.7848394585344844, 1.7885301518138417, 1.7834684341281717, 1.8115055253687846, 1.8143382241199177, 1.7935854117538168, 1.807346034017094, 1.7859234751619673, 1.803561250442778, 1.815163917960787, 1.8172658291943713, 1.8159147827472162, 1.8210589734640066, 1.7808161071298583, 1.8095053943017059, 1.805533391944919, 1.7683453382134489, 1.7741897118875951, 1.81973729196466, 1.7931028785262983, 1.780472380717108, 1.7978004242500107, 1.793308080227287, 1.7996860382401065, 1.807913999093296, 1.8013620450534142, 1.809699068146929, 1.795411396856167, 1.8016396936259955, 1.8125275579367792, 1.793173722746112, 1.7963362870163524, 1.8174188138418228, 1.8080012379171118, 1.7893440760927728, 1.8018201310278208, 1.7998541160713206]",1.800377194,0.01246502,-0.002205078,0.504287694,0,FALSE,100
bt_1706--93/93_2394404.txt#0_0,0.5,1,1.802582272,"[1.794328353971184, 1.8344272515222573, 1.7902670796548614, 1.7831124090475525, 1.7632306322726368, 1.793537257860077, 1.8490701285617481, 1.745136810649656, 1.7578011182673419, 1.8463683243880753, 1.75486330311506, 1.8180406274026157, 1.7366287849740059, 1.8269170481456518, 1.8270238522341493, 1.7774237960931858, 1.8435742196289346, 1.7981456122121033, 1.7766342918666422, 1.8297740287846984, 1.8526439302832625, 1.8079860367554579, 1.80004200473302, 1.8144446198047077, 1.785242664438618, 1.8029805108340466, 1.7613474003983112, 1.78046439115818, 1.810457556131907, 1.8087322358011553, 1.8021223970527476, 1.7659920393359925, 1.7858657555536295, 1.8142692919123717, 1.7631654222559527, 1.777227827562804, 1.7851974476047408, 1.8350214361068011, 1.8095970690279448, 1.7999997390573257, 1.81490759745098, 1.8206097576819809, 1.7796578462064583, 1.7938514990947998, 1.8292097464563524, 1.776902947705501, 1.8052176098955, 1.8144113749723765, 1.7487839144907111, 1.8205534186561674, 1.7864067679433833, 1.8250733214946258, 1.7611910406968656, 1.8075170985301827, 1.7805844678408445, 1.8015541264710924, 1.796878490384248, 1.7894934162926752, 1.830119252123867, 1.8139513550955604, 1.816726400922183, 1.8331060423318024, 1.797728754845787, 1.7692650655865074, 1.803765792592303, 1.8471888921087416, 1.7849335988586357, 1.8042243951231205, 1.7902825571271637, 1.7854128216739045, 1.790022434365127, 1.8212876654424908, 1.8014798709480986, 1.796614646973681, 1.7762552800708415, 1.7819398511651017, 1.7562585908640118, 1.786933831359644, 1.7739142315143777, 1.8173935237417598, 1.8162144775411724, 1.7956611482511882, 1.8173792916228506, 1.806027258061972, 1.7271156381633324, 1.8272923229921576, 1.7959940941727837, 1.8027251957549613, 1.8092136861613386, 1.7717019725263212, 1.7989258712916714, 1.7896624642644947, 1.8085565428813248, 1.8439140709032906, 1.8364230533132067, 1.8110190357214584, 1.7946584762606177, 1.8172150564181782, 1.8084308939367257, 1.7672031727598199]",1.798860477,0.025728898,-0.003721794,0.503134639,0,FALSE,100
bt_1706--93/93_2394404.txt#0_0,0.5,2,1.802582272,"[1.768534125090558, 1.7591479974888447, 1.7236003522310384, 1.6959150190477787, 1.672770671539357, 1.8194734843150515, 1.8486795061735175, 1.769661128282553, 1.8042178223013807, 1.6633298694913825, 1.824058102468245, 1.737081308973854, 1.7506634843577027, 1.7828175510832192, 1.8893417130890529, 1.7990138510760139, 1.8182277888224005, 1.784877630842016, 1.726411487829212, 1.7869941814800523, 1.829566181358108, 1.7793188653753371, 1.7326622337686632, 1.849405522422631, 1.804139162443911, 1.7855621957486143, 1.7933472724539323, 1.7991717769908442, 1.6665291915156235, 1.8011546891235335, 1.809313602043379, 1.7485603020224816, 1.7607914343630224, 1.6620194453694375, 1.8005557095567672, 1.6634127326051573, 1.774485844304947, 1.7822580706012432, 1.7451815674954443, 1.752513516425231, 1.8106816809225172, 1.8035537015767928, 1.7092463209413402, 1.7921880266199233, 1.818607039337573, 1.6982033171820776, 1.798813952996215, 1.8219372076788005, 1.804077892585799, 1.7980527820055128, 1.716279970381716, 1.8398721085300616, 1.8176230326441103, 1.7414431398737897, 1.7778582560382945, 1.7828779906073335, 1.786854857092216, 1.730647333807982, 1.7622492708028834, 1.7987802042652037, 1.676853212757341, 1.7935436836900878, 1.8554525704293992, 1.7400979107887844, 1.7711324668381399, 1.741881901479659, 1.749644795047249, 1.7934103639031496, 1.723781498087251, 1.7999564024777521, 1.7105849238591593, 1.7013332717456338, 1.7691893414017184, 1.7839087359278343, 1.8473277233207845, 1.751905362514771, 1.7124697476465593, 1.7673750161348507, 1.8262991755540279, 1.7708467222329307, 1.7315793576876686, 1.8024094091424763, 1.7171955388074152, 1.7338904985270114, 1.8747976728164022, 1.7697266723249898, 1.7921142899461853, 1.7588025027067378, 1.7427326861256145, 1.7222411878395576, 1.8200891014815341, 1.6821408087042162, 1.6788476959678484, 1.7923344470575748, 1.803386162157432, 1.8430028293102843, 1.7667959262924848, 1.7092391987062943, 1.7562236114492247, 1.8839782712616393]",1.770431372,0.050646645,-0.0321509,0.500390035,0,FALSE,100
bt_1706--93/93_2394404.txt#0_0,1,0.5,1.802582272,"[1.8241108071689123, 1.7915982036706526, 1.8054813312643958, 1.8016926175509047, 1.8024803449696767, 1.8027216336703593, 1.8151107913202225, 1.7924753066718013, 1.7955415751780728, 1.8071206349653117, 1.7975757514658008, 1.806426017961468, 1.7876583851149377, 1.8046750946834684, 1.7911946235560958, 1.8077024146157066, 1.8054403171555646, 1.8209879898383838, 1.7751964364206847, 1.810651976313498, 1.8010351501299011, 1.7955421085406507, 1.7895919880313298, 1.7982913380361623, 1.7971789299365772, 1.803472898163639, 1.8096900465004666, 1.773116221380644, 1.7937539478127424, 1.8105732575288005, 1.789973142966392, 1.7903754117717763, 1.8381872787856868, 1.7973939710529765, 1.7911129699272013, 1.800492232133096, 1.8058576199427272, 1.7963500472817053, 1.7893979911763382, 1.7926538482742425, 1.8050452684807334, 1.8037443116038034, 1.8137610028512245, 1.8030617578310943, 1.7887012825589919, 1.812452557275676, 1.8260508387316472, 1.8167799690390278, 1.796363078758459, 1.8159296441677828, 1.8196691884215168, 1.834941950255088, 1.8096991480639928, 1.7948254089237343, 1.8040364326125562, 1.7989295263845653, 1.8104012117240833, 1.806644956527853, 1.8013026642085244, 1.774872450161909, 1.7754961337357313, 1.804206904864131, 1.8054882045044032, 1.7791510766338272, 1.8062186510456428, 1.8296902487721534, 1.8224977118422805, 1.8104970565266636, 1.8051187195876037, 1.7926752940530029, 1.8081766699911888, 1.7743814488311709, 1.7985892839796347, 1.8168315053154465, 1.7753800990212825, 1.7930212734875097, 1.7958520908449014, 1.8047255469774304, 1.8099700570613728, 1.8156412046158374, 1.8246929837134038, 1.7916265642736025, 1.8002898168598531, 1.7980670030756836, 1.7971442818219954, 1.8214042059035835, 1.790376912634259, 1.797776662711109, 1.7978214932690533, 1.7875465393241463, 1.7882130156190859, 1.777822432762298, 1.782555277454805, 1.8243988490864265, 1.7966956786473478, 1.80172785322312, 1.80644735461633, 1.8085498054327493, 1.799682743695741, 1.8075972943846885]",1.801711413,0.013243538,-0.000870859,1.004404259,0,FALSE,100
bt_1706--93/93_2394404.txt#0_0,1,1,1.802582272,"[1.8164876126408562, 1.7665185770338068, 1.818222982029996, 1.8191000872966991, 1.8377659409098195, 1.796042888129036, 1.7748047967085516, 1.8476665426702004, 1.7810861039808419, 1.7959087418231132, 1.8240725127219835, 1.7743505154883874, 1.7664169118433029, 1.783599119595261, 1.8201883062212472, 1.7729688261329528, 1.770630259810218, 1.8180930579328107, 1.7889622296598888, 1.7325091086538675, 1.7453651380225081, 1.7799632196028732, 1.809844467070365, 1.8116627369018103, 1.8355587136892022, 1.7630159873926199, 1.8026176679789265, 1.7513775912083833, 1.8234212276623825, 1.7893448604054618, 1.775383377270344, 1.8188935329985134, 1.764940764294991, 1.747452491861251, 1.7367782829082445, 1.8204771178608834, 1.7851412889448155, 1.8149984522592622, 1.7878961299038476, 1.817088002613882, 1.8323761113199089, 1.723529450214542, 1.8006765000146359, 1.7810955836388498, 1.8296777416774253, 1.8305572650153943, 1.7101900631505371, 1.7932765878468644, 1.7509862722491887, 1.7639699685937456, 1.8224064547663588, 1.8347821581340529, 1.780496111004403, 1.8053980669835181, 1.7860673422841573, 1.7976612520211446, 1.8040004924688864, 1.829782051224695, 1.7927684495168823, 1.801557612719706, 1.7908636483363485, 1.7948335132203554, 1.7904920705082485, 1.7817688238960527, 1.775335381674879, 1.7759562289963093, 1.7659412228481974, 1.7489376297454653, 1.7660588446303744, 1.7678724207200243, 1.792965282877965, 1.778353020176521, 1.8076146453289508, 1.7434668974358585, 1.8019418377891137, 1.8194164341232228, 1.8300086585113864, 1.789797578215094, 1.777632731387423, 1.7799361726480278, 1.7912083351368417, 1.756876912675043, 1.818006306407725, 1.7880132065699894, 1.8231380513043447, 1.8294850635559592, 1.7993149549423066, 1.807953588030699, 1.811242277390972, 1.7913993731656208, 1.842880322094088, 1.8354794477425895, 1.770557581347065, 1.8182275432256978, 1.775120736302183, 1.7794710046052737, 1.8077558703603285, 1.7833127319933382, 1.8464862069056238, 1.8324188080032962]",1.793454131,0.028732727,-0.009128141,1.00841732,0,FALSE,100
bt_1706--93/93_2394404.txt#0_0,1,2,1.802582272,"[1.775064319739707, 1.8356434253869656, 1.7555499211761574, 1.6359179431049191, 1.744179062094545, 1.8064274634619741, 1.805438448238889, 1.7959456971718586, 1.799756971609671, 1.7857435951675704, 1.8430579086648335, 1.8031376843299904, 1.7948756668308201, 1.7613244777024342, 1.7994909953859288, 1.8037481115267717, 1.8060078486014521, 1.7807456873836662, 1.8437875013007694, 1.8169355675465417, 1.775598250204967, 1.7298795658621986, 1.7639000900706767, 1.654061035748707, 1.7366997302180724, 1.7225050643953836, 1.8284046518559602, 1.817683896974736, 1.8792210358178414, 1.7905157282325868, 1.860637945244414, 1.7782531873243972, 1.778584231634387, 1.7202785385549682, 1.7886003067449252, 1.718121010803299, 1.7512629470702112, 1.797910905714621, 1.7874441972513118, 1.7301843599495204, 1.781204104655142, 1.6953781123166554, 1.786496028427146, 1.735755579363727, 1.8639495352361508, 1.7859082982499523, 1.6579351133037208, 1.6891845373947016, 1.7915177573967263, 1.7487047940927134, 1.7710905632853688, 1.8221968463777547, 1.7791540033206024, 1.7534383201179962, 1.765032044231422, 1.8920613919414537, 1.8133271984616244, 1.7275360651314942, 1.8283714946408176, 1.7146687830489378, 1.8267203786433226, 1.7394890515450567, 1.7168923753496825, 1.7969433149035332, 1.7759650278963381, 1.7258126737481592, 1.7516236457578165, 1.848154117867796, 1.6795868291206446, 1.8600960515075808, 1.6959810043531445, 1.8111807491329692, 1.7698704532485605, 1.7927280883531835, 1.8281239036460553, 1.8080800757041673, 1.6668282116592474, 1.6839373135779465, 1.623216662070502, 1.6857947168369358, 1.8339572119702827, 1.7326177816775339, 1.7925310354255473, 1.8070934569853432, 1.8817513636359307, 1.7051602954429856, 1.7619955987737277, 1.7411122048346412, 1.7191493478412943, 1.7613035817629576, 1.7114875897039055, 1.809422192439659, 1.7898450816979752, 1.8100003461058245, 1.728854073666333, 1.6717631567325562, 1.7780707317351316, 1.8882171111773784, 1.807480578625869, 1.718317725316107]",1.771425907,0.056483788,-0.031156365,1.004534894,0,FALSE,100
bt_1706--93/93_2394404.txt#0_0,2,0.5,1.802582272,"[1.7836438860005854, 1.8209747910577796, 1.8032747646422096, 1.7991498413052103, 1.7966608084844322, 1.808386683706173, 1.8110780596409897, 1.7942004756339676, 1.7887601989260455, 1.8046341358656068, 1.8018203648011681, 1.8151937335136752, 1.8160200793408001, 1.8055465320977295, 1.7965053237949888, 1.7863842848862184, 1.8042794015092065, 1.8317236983543073, 1.8068686298112533, 1.7831061161556223, 1.8165130908450429, 1.8076489557749869, 1.803210382119328, 1.8127611032262048, 1.792655067220589, 1.8138304848223814, 1.809687898701503, 1.8040254431629295, 1.793193552189784, 1.7848981800583696, 1.7934070339917083, 1.8031002665414284, 1.7908171022696737, 1.8079290183177803, 1.8124561764173206, 1.801661996900723, 1.8201774662628256, 1.7887359762809751, 1.8008674068264803, 1.7935282284378964, 1.8030723291873396, 1.802553096759865, 1.8009277211094419, 1.8043131731240565, 1.814440293034289, 1.826115643019825, 1.8069869045460198, 1.796375368077273, 1.8123619063482408, 1.7690484414184717, 1.79913875505519, 1.7915099745338434, 1.796028494749715, 1.799482663971955, 1.8167711257740162, 1.8027780406022265, 1.812702830549064, 1.8103260120098226, 1.812850171276061, 1.7897684803292284, 1.804379323965761, 1.7866611968130526, 1.7912049032472543, 1.8066901539251963, 1.813495174888074, 1.799859930024295, 1.7854889172054649, 1.7902341050737323, 1.7601115841848085, 1.8045407020543172, 1.7988677751488265, 1.774288075930211, 1.8216317561223312, 1.8210828139765658, 1.7845998460093415, 1.8083297972110066, 1.7896516483716942, 1.7769384829731993, 1.7928790965834047, 1.820329464176363, 1.809259471239562, 1.8193877540466268, 1.7962331317482017, 1.8211667731028705, 1.8100272861431497, 1.7922837353463814, 1.787604415536119, 1.8014590242188977, 1.7974573503223052, 1.8009583356739634, 1.8252773027067852, 1.787615247688167, 1.8014494202016467, 1.794807415150736, 1.8162022283165202, 1.8082453978865167, 1.804347500361876, 1.7929273195304254, 1.8031090629182327, 1.7896688716275864]",1.801676199,0.012637596,-0.000906073,1.997312671,0,FALSE,100
bt_1706--93/93_2394404.txt#0_0,2,1,1.802582272,"[1.7669751411490329, 1.7628834400094417, 1.8182401093763367, 1.7776841532573673, 1.8094268982572537, 1.773339830939395, 1.779791895930708, 1.8275351522136045, 1.7951532844458415, 1.8462293904702354, 1.8040367172394083, 1.8099011051816796, 1.7750611871738782, 1.8002288286487456, 1.7985253678609578, 1.794313641632358, 1.8192863633317515, 1.7595321828558874, 1.8094740066513109, 1.8039036144294762, 1.7548611816232798, 1.7892967106735091, 1.7534688689715885, 1.7935261726062643, 1.8226601403152474, 1.844220592310343, 1.7246484738822108, 1.7881058061256119, 1.8002557954699276, 1.763820463459042, 1.76532104238256, 1.7829337064719843, 1.821342728586535, 1.7577133985332245, 1.7779336488363338, 1.7416926348887478, 1.8034734738728138, 1.8200715407255836, 1.804234524078831, 1.7588208538062167, 1.799190997243067, 1.801955106481281, 1.809229196677636, 1.759602507111569, 1.7980981667706804, 1.7456482070652213, 1.7584063994256651, 1.7852737668534, 1.849342925536943, 1.7713166743366946, 1.819637267911143, 1.802185673938792, 1.7849053319096948, 1.7448901617556922, 1.7782090410838822, 1.7926006689548493, 1.8196926000061702, 1.7731797879537718, 1.8199423766104061, 1.79509351933447, 1.792043699229219, 1.7544442773749322, 1.78517216406942, 1.7533608969252958, 1.789805953578933, 1.8084036115320583, 1.8266759760221558, 1.8039056150363648, 1.7769637842559418, 1.8271591183126408, 1.8460227783155827, 1.8248566002718354, 1.8102767616145141, 1.795627990443769, 1.7700527617210637, 1.7854629551692813, 1.7886899901334326, 1.7925568172121114, 1.8162493239927868, 1.7695329009087628, 1.7679708170451736, 1.7880775341487498, 1.8366616256170099, 1.7493281464849868, 1.7990419868592422, 1.7427081278243441, 1.7172058332729376, 1.8117170945883896, 1.7743166002462598, 1.8077780945035529, 1.7926859953881114, 1.8360264733773377, 1.8045490366083563, 1.814423348194171, 1.8223692459336205, 1.8145348316954222, 1.7958954072775266, 1.7474320971173791, 1.7729888811628631, 1.78867930259007]",1.791099789,0.02752263,-0.011482482,2.005971306,0,FALSE,100
bt_1706--93/93_2394404.txt#0_0,2,2,1.802582272,"[1.6287223533728192, 1.7894048264947013, 1.7454578174367155, 1.768452421683537, 1.7554070815185379, 1.549875796363495, 1.7051962867655892, 1.820111721840074, 1.6615373602424788, 1.772412656285082, 1.727226750895822, 1.7274597510678442, 1.7922202550327326, 1.7922795675014518, 1.7423466701846861, 1.7858550352799007, 1.782212007793856, 1.790645946354555, 1.8551162196970274, 1.8335890998396933, 1.6535993309389516, 1.811630128407638, 1.689820158743847, 1.8357450815608087, 1.7307843788277806, 1.7368855815614026, 1.7535081754138568, 1.8096677555827452, 1.7976996931355722, 1.825862910402378, 1.7290546528048543, 1.7962206616298124, 1.7232062460340547, 1.7206258120242865, 1.7646296034706876, 1.6226435053875823, 1.7894224544968451, 1.826446473968041, 1.691142364449809, 1.7814035294799422, 1.8030174409778597, 1.7834409374272897, 1.8146638924574008, 1.684374248877774, 1.7879177571728944, 1.7581420002370018, 1.7923799140347743, 1.825405039670292, 1.7762991618916895, 1.7144025424528548, 1.816304898262708, 1.8119845621574107, 1.7487642238976757, 1.746870417181026, 1.796202985884735, 1.7322091771709829, 1.6928830666952255, 1.8626550628895129, 1.7908103526064503, 1.7155267394739713, 1.8294135471537913, 1.7849384127430663, 1.6689584317212243, 1.8207581787297162, 1.7841577427119597, 1.8548526987757863, 1.8203205489651542, 1.7760601160919336, 1.8114505144301445, 1.7307871133811863, 1.8626074409237852, 1.6961018858005878, 1.7497781011995868, 1.7522494587694184, 1.7981753396973204, 1.7769629508004465, 1.8197145270088178, 1.817699715536074, 1.808512130188746, 1.7415950840972116, 1.6147794642114917, 1.8452419375169877, 1.6856404584520452, 1.753650018699206, 1.8140380589057155, 1.7546615746650724, 1.6855268276232787, 1.7769962285232719, 1.7913054221596607, 1.8285769865311055, 1.7228672200089228, 1.7508786056830998, 1.7710324260549908, 1.684280685608346, 1.7636861321552755, 1.7125984087323851, 1.8361518811984823, 1.7718953300342768, 1.6781590848550136, 1.8455405784730263]",1.763623838,0.059317738,-0.038958433,2.00402445,0,FALSE,100
tc_635--8/8_16499.txt#0_0,0,0.5,-2.22E-16,"[-0.0, -0.0, -0.0, -0.0, 1.1102230246251565e-16, 1.1102230246251565e-16, -2.220446049250313e-16, -0.0, -0.0, -2.220446049250313e-16, -4.440892098500627e-16, -0.0, 1.1102230246251565e-16, -2.220446049250313e-16, -0.0, -2.220446049250313e-16, -4.440892098500627e-16, -0.0, -2.220446049250313e-16, -0.0, -2.220446049250313e-16, 1.1102230246251565e-16, 2.2204460492503128e-16, -2.220446049250313e-16, -0.0, 3.330669073875469e-16, -0.0, -0.0, -2.220446049250313e-16, -0.0, -2.220446049250313e-16, -0.0, 2.2204460492503128e-16, -2.220446049250313e-16, 2.2204460492503128e-16, -0.0, -2.220446049250313e-16, 1.1102230246251565e-16, -4.440892098500627e-16, -0.0, -0.0, -0.0, 2.2204460492503128e-16, 2.2204460492503128e-16, -0.0, 2.2204460492503128e-16, -2.220446049250313e-16, -0.0, -0.0, -0.0, -0.0, -4.440892098500627e-16, -0.0, -0.0, 2.2204460492503128e-16, -0.0, -2.220446049250313e-16, -0.0, -2.220446049250313e-16, -4.440892098500627e-16, 4.4408920985006257e-16, -2.220446049250313e-16, -2.220446049250313e-16, -2.220446049250313e-16, -2.220446049250313e-16, -0.0, -2.220446049250313e-16, -2.220446049250313e-16, -2.220446049250313e-16, -0.0, 3.330669073875469e-16, -2.220446049250313e-16, -2.220446049250313e-16, -0.0, -0.0, -0.0, -0.0, -0.0, -0.0, -2.220446049250313e-16, -0.0, -2.220446049250313e-16, -0.0, 1.1102230246251565e-16, 1.1102230246251565e-16, -2.220446049250313e-16, -2.220446049250313e-16, 2.2204460492503128e-16, 1.1102230246251565e-16, -4.440892098500627e-16, 2.2204460492503128e-16, -0.0, 2.2204460492503128e-16, -2.220446049250313e-16, -2.220446049250313e-16, -2.220446049250313e-16, -0.0, -0.0, -2.220446049250313e-16, 1.1102230246251565e-16]",-5.22E-17,1.86E-16,1.70E-16,-0.010591557,0,FALSE,100
tc_635--8/8_16499.txt#0_0,0,1,-2.22E-16,"[1.1102230246251565e-16, -4.440892098500627e-16, -0.0, 2.2204460492503128e-16, -0.0, -2.220446049250313e-16, -0.0, -2.220446049250313e-16, 1.1102230246251565e-16, -2.220446049250313e-16, 2.2204460492503128e-16, -2.220446049250313e-16, -0.0, -0.0, -0.0, -0.0, -2.220446049250313e-16, -2.220446049250313e-16, 1.1102230246251565e-16, 1.1102230246251565e-16, -0.0, -2.220446049250313e-16, -0.0, 1.1102230246251565e-16, -0.0, -2.220446049250313e-16, -0.0, -0.0, 2.2204460492503128e-16, 1.1102230246251565e-16, -2.220446049250313e-16, -0.0, -0.0, -0.0, -2.220446049250313e-16, -2.220446049250313e-16, -0.0, -2.220446049250313e-16, 1.1102230246251565e-16, -2.220446049250313e-16, -0.0, -2.220446049250313e-16, -4.440892098500627e-16, -0.0, -0.0, 2.2204460492503128e-16, -2.220446049250313e-16, 1.1102230246251565e-16, -2.220446049250313e-16, -0.0, -0.0, -0.0, -0.0, -4.440892098500627e-16, -0.0, -4.440892098500627e-16, -0.0, -0.0, -0.0, -4.440892098500627e-16, -2.220446049250313e-16, -0.0, -0.0, -2.220446049250313e-16, -0.0, -2.220446049250313e-16, -2.220446049250313e-16, -0.0, -2.220446049250313e-16, -2.220446049250313e-16, 1.1102230246251565e-16, 3.330669073875469e-16, -0.0, -2.220446049250313e-16, -2.220446049250313e-16, -2.220446049250313e-16, -0.0, -0.0, -0.0, -0.0, -0.0, -2.220446049250313e-16, -0.0, -2.220446049250313e-16, -2.220446049250313e-16, -2.220446049250313e-16, -0.0, 1.1102230246251565e-16, -2.220446049250313e-16, -2.220446049250313e-16, -4.440892098500627e-16, 1.1102230246251565e-16, -0.0, -2.220446049250313e-16, -0.0, 1.1102230246251565e-16, -0.0, -2.220446049250313e-16, 1.1102230246251565e-16, -0.0]",-7.33E-17,1.66E-16,1.49E-16,-0.009442208,0,FALSE,100
tc_635--8/8_16499.txt#0_0,0,2,-2.22E-16,"[-0.0, -2.220446049250313e-16, 1.1102230246251565e-16, 2.2204460492503128e-16, -2.220446049250313e-16, -2.220446049250313e-16, -0.0, -4.440892098500627e-16, -2.220446049250313e-16, 1.1102230246251565e-16, -2.220446049250313e-16, -4.440892098500627e-16, -2.220446049250313e-16, -2.220446049250313e-16, 1.1102230246251565e-16, -0.0, 2.2204460492503128e-16, 1.1102230246251565e-16, -0.0, -0.0, -0.0, 1.1102230246251565e-16, -2.220446049250313e-16, -2.220446049250313e-16, -0.0, -4.440892098500627e-16, -2.220446049250313e-16, -2.220446049250313e-16, -2.220446049250313e-16, -2.220446049250313e-16, -2.220446049250313e-16, -2.220446049250313e-16, -0.0, -2.220446049250313e-16, -2.220446049250313e-16, -0.0, -2.220446049250313e-16, -2.220446049250313e-16, -0.0, 1.1102230246251565e-16, -0.0, -4.440892098500627e-16, -0.0, -0.0, -0.0, -0.0, -0.0, 1.1102230246251565e-16, -2.220446049250313e-16, -0.0, -0.0, -0.0, -2.220446049250313e-16, -2.220446049250313e-16, -2.220446049250313e-16, -2.220446049250313e-16, -4.440892098500627e-16, -2.220446049250313e-16, -2.220446049250313e-16, -2.220446049250313e-16, -4.440892098500627e-16, -2.220446049250313e-16, -4.440892098500627e-16, -2.220446049250313e-16, -0.0, -0.0, -2.220446049250313e-16, -2.220446049250313e-16, -4.440892098500627e-16, 2.2204460492503128e-16, -2.220446049250313e-16, -2.220446049250313e-16, -0.0, -4.440892098500627e-16, -0.0, -2.220446049250313e-16, 1.1102230246251565e-16, -0.0, -0.0, -0.0, -2.220446049250313e-16, 1.1102230246251565e-16, -2.220446049250313e-16, -0.0, -2.220446049250313e-16, -0.0, -2.220446049250313e-16, -2.220446049250313e-16, 1.1102230246251565e-16, -0.0, -2.220446049250313e-16, 3.330669073875469e-16, -4.440892098500627e-16, 1.1102230246251565e-16, -2.220446049250313e-16, -2.220446049250313e-16, -2.220446049250313e-16, 2.2204460492503128e-16, -2.220446049250313e-16, -0.0]",-1.18E-16,1.79E-16,1.04E-16,0.054741077,0,FALSE,100
tc_635--8/8_16499.txt#0_0,0.5,0.5,-2.22E-16,"[1.1102230246251565e-16, -2.220446049250313e-16, -4.440892098500627e-16, -2.220446049250313e-16, -4.440892098500627e-16, -0.0, -0.0, -2.220446049250313e-16, -0.0, -2.220446049250313e-16, 2.2204460492503128e-16, -2.220446049250313e-16, -2.220446049250313e-16, -2.220446049250313e-16, 2.2204460492503128e-16, 2.2204460492503128e-16, -2.220446049250313e-16, 1.1102230246251565e-16, 3.330669073875469e-16, -0.0, -0.0, -2.220446049250313e-16, -2.220446049250313e-16, -2.220446049250313e-16, 1.1102230246251565e-16, -0.0, -0.0, -0.0, -0.0, -0.0, -4.440892098500627e-16, 2.2204460492503128e-16, -0.0, -2.220446049250313e-16, 1.1102230246251565e-16, -2.220446049250313e-16, -0.0, -0.0, -0.0, -2.220446049250313e-16, -0.0, -2.220446049250313e-16, 1.1102230246251565e-16, -2.220446049250313e-16, -2.220446049250313e-16, -2.220446049250313e-16, -0.0, -2.220446049250313e-16, -2.220446049250313e-16, -0.0, -2.220446049250313e-16, -0.0, -2.220446049250313e-16, -0.0, 2.2204460492503128e-16, 2.2204460492503128e-16, -2.220446049250313e-16, 2.2204460492503128e-16, 1.1102230246251565e-16, -2.220446049250313e-16, -2.220446049250313e-16, -0.0, -2.220446049250313e-16, -0.0, -0.0, -0.0, -0.0, -0.0, -2.220446049250313e-16, -4.440892098500627e-16, -4.440892098500627e-16, -2.220446049250313e-16, 1.1102230246251565e-16, -2.220446049250313e-16, 2.2204460492503128e-16, -2.220446049250313e-16, 1.1102230246251565e-16, -0.0, -0.0, -2.220446049250313e-16, -2.220446049250313e-16, -2.220446049250313e-16, -0.0, -0.0, -2.220446049250313e-16, -4.440892098500627e-16, -2.220446049250313e-16, -0.0, -2.220446049250313e-16, -0.0, -2.220446049250313e-16, -0.0, -4.440892098500627e-16, -2.220446049250313e-16, -0.0, 1.1102230246251565e-16, -2.220446049250313e-16, -0.0, -2.220446049250313e-16, -0.0]",-8.88E-17,1.78E-16,1.33E-16,0.509971813,0,FALSE,100
tc_635--8/8_16499.txt#0_0,0.5,1,-2.22E-16,"[-0.0, -2.220446049250313e-16, -0.0, -2.220446049250313e-16, -2.220446049250313e-16, -2.220446049250313e-16, -2.220446049250313e-16, -0.0, -0.0, -2.220446049250313e-16, -0.0, -0.0, -0.0, -2.220446049250313e-16, -4.440892098500627e-16, 2.2204460492503128e-16, -4.440892098500627e-16, -2.220446049250313e-16, -0.0, -0.0, 2.2204460492503128e-16, 2.2204460492503128e-16, 1.1102230246251565e-16, -2.220446049250313e-16, 1.1102230246251565e-16, -2.220446049250313e-16, -2.220446049250313e-16, -2.220446049250313e-16, -2.220446049250313e-16, -4.440892098500627e-16, -2.220446049250313e-16, -0.0, -2.220446049250313e-16, -4.440892098500627e-16, 2.2204460492503128e-16, -4.440892098500627e-16, -4.440892098500627e-16, -0.0, -2.220446049250313e-16, 1.1102230246251565e-16, -2.220446049250313e-16, -0.0, -2.220446049250313e-16, -2.220446049250313e-16, -0.0, -4.440892098500627e-16, -0.0, 2.2204460492503128e-16, -2.220446049250313e-16, -2.220446049250313e-16, -0.0, -2.220446049250313e-16, -2.220446049250313e-16, -0.0, 1.1102230246251565e-16, -0.0, -0.0, -2.220446049250313e-16, 1.1102230246251565e-16, -0.0, -0.0, -0.0, -2.220446049250313e-16, 1.1102230246251565e-16, -2.220446049250313e-16, 2.2204460492503128e-16, -0.0, -0.0, -0.0, -2.220446049250313e-16, -2.220446049250313e-16, -2.220446049250313e-16, 1.1102230246251565e-16, 1.1102230246251565e-16, -0.0, -2.220446049250313e-16, -4.440892098500627e-16, -2.220446049250313e-16, -0.0, -0.0, -2.220446049250313e-16, -2.220446049250313e-16, -0.0, -0.0, 1.1102230246251565e-16, 2.2204460492503128e-16, -6.661338147750941e-16, -4.440892098500627e-16, 1.1102230246251565e-16, 1.1102230246251565e-16, -2.220446049250313e-16, 1.1102230246251565e-16, -4.440892098500627e-16, -2.220446049250313e-16, -0.0, 1.1102230246251565e-16, -2.220446049250313e-16, -0.0, -4.440892098500627e-16, 2.2204460492503128e-16]",-1.03E-16,1.97E-16,1.19E-16,0.506418779,0,FALSE,100
tc_635--8/8_16499.txt#0_0,0.5,2,-2.22E-16,"[1.1102230246251565e-16, -0.0, -6.661338147750941e-16, -0.0, -2.220446049250313e-16, -4.440892098500627e-16, -0.0, -4.440892098500627e-16, -2.220446049250313e-16, -2.220446049250313e-16, -0.0, -0.0, 1.1102230246251565e-16, -2.220446049250313e-16, -0.0, -2.220446049250313e-16, 3.330669073875469e-16, -0.0, 2.2204460492503128e-16, -2.220446049250313e-16, 1.1102230246251565e-16, -0.0, -2.220446049250313e-16, -0.0, -2.220446049250313e-16, -0.0, -0.0, -4.440892098500627e-16, -0.0, -0.0, -4.440892098500627e-16, -2.220446049250313e-16, 2.2204460492503128e-16, 2.2204460492503128e-16, -0.0, -0.0, 1.1102230246251565e-16, 1.1102230246251565e-16, -2.220446049250313e-16, -0.0, -2.220446049250313e-16, -2.220446049250313e-16, 1.1102230246251565e-16, -0.0, -0.0, -0.0, -2.220446049250313e-16, -4.440892098500627e-16, -4.440892098500627e-16, -0.0, -4.440892098500627e-16, -0.0, -0.0, -0.0, -0.0, 2.2204460492503128e-16, -2.220446049250313e-16, 1.1102230246251565e-16, -0.0, -2.220446049250313e-16, -0.0, -2.220446049250313e-16, -2.220446049250313e-16, -2.220446049250313e-16, -2.220446049250313e-16, -2.220446049250313e-16, -2.220446049250313e-16, -2.220446049250313e-16, -4.440892098500627e-16, -2.220446049250313e-16, 2.2204460492503128e-16, -0.0, -0.0, -2.220446049250313e-16, -2.220446049250313e-16, -0.0, -0.0, 2.2204460492503128e-16, 1.1102230246251565e-16, -2.220446049250313e-16, 1.1102230246251565e-16, -4.440892098500627e-16, -4.440892098500627e-16, -2.220446049250313e-16, 2.2204460492503128e-16, -2.220446049250313e-16, -0.0, -0.0, -2.220446049250313e-16, -0.0, -0.0, -4.440892098500627e-16, -4.440892098500627e-16, -4.440892098500627e-16, 1.1102230246251565e-16, 1.1102230246251565e-16, -2.220446049250313e-16, -2.220446049250313e-16, -2.220446049250313e-16, -0.0]",-1.04E-16,2.02E-16,1.18E-16,0.50800251,0,FALSE,100
tc_635--8/8_16499.txt#0_0,1,0.5,-2.22E-16,"[-2.220446049250313e-16, -2.220446049250313e-16, 1.1102230246251565e-16, 1.1102230246251565e-16, -2.220446049250313e-16, -0.0, 3.330669073875469e-16, -4.440892098500627e-16, -2.220446049250313e-16, -0.0, -2.220446049250313e-16, -0.0, -2.220446049250313e-16, -0.0, -0.0, -4.440892098500627e-16, 1.1102230246251565e-16, -0.0, 1.1102230246251565e-16, -0.0, -2.220446049250313e-16, -2.220446049250313e-16, 1.1102230246251565e-16, -0.0, -2.220446049250313e-16, -2.220446049250313e-16, -2.220446049250313e-16, 1.1102230246251565e-16, -2.220446049250313e-16, -0.0, -4.440892098500627e-16, -0.0, -2.220446049250313e-16, -0.0, -0.0, -0.0, -0.0, -2.220446049250313e-16, 1.1102230246251565e-16, -0.0, -2.220446049250313e-16, -0.0, -2.220446049250313e-16, -0.0, -0.0, -0.0, -0.0, -2.220446049250313e-16, -0.0, -4.440892098500627e-16, -2.220446049250313e-16, -2.220446049250313e-16, -4.440892098500627e-16, -0.0, 2.2204460492503128e-16, 2.2204460492503128e-16, -2.220446049250313e-16, -4.440892098500627e-16, -0.0, -4.440892098500627e-16, -2.220446049250313e-16, -2.220446049250313e-16, -0.0, -4.440892098500627e-16, -2.220446049250313e-16, 1.1102230246251565e-16, -0.0, -2.220446049250313e-16, 1.1102230246251565e-16, -0.0, -0.0, -0.0, -2.220446049250313e-16, -0.0, -4.440892098500627e-16, -4.440892098500627e-16, -2.220446049250313e-16, -0.0, 2.2204460492503128e-16, -4.440892098500627e-16, -2.220446049250313e-16, -4.440892098500627e-16, -0.0, -2.220446049250313e-16, -0.0, -2.220446049250313e-16, -2.220446049250313e-16, -0.0, -2.220446049250313e-16, -0.0, -2.220446049250313e-16, -0.0, -0.0, -2.220446049250313e-16, 3.330669073875469e-16, -4.440892098500627e-16, -4.440892098500627e-16, -0.0, -2.220446049250313e-16, 1.1102230246251565e-16]",-1.13E-16,1.91E-16,1.09E-16,1.000155181,0,FALSE,100
tc_635--8/8_16499.txt#0_0,1,1,-2.22E-16,"[-0.0, -0.0, 1.1102230246251565e-16, -2.220446049250313e-16, -2.220446049250313e-16, -0.0, -2.220446049250313e-16, -2.220446049250313e-16, -0.0, -2.220446049250313e-16, -2.220446049250313e-16, 1.1102230246251565e-16, -0.0, -2.220446049250313e-16, -0.0, -2.220446049250313e-16, -2.220446049250313e-16, -0.0, -2.220446049250313e-16, -2.220446049250313e-16, 2.2204460492503128e-16, -2.220446049250313e-16, -2.220446049250313e-16, -2.220446049250313e-16, -2.220446049250313e-16, -0.0, -2.220446049250313e-16, -2.220446049250313e-16, -0.0, 2.2204460492503128e-16, -0.0, -2.220446049250313e-16, -2.220446049250313e-16, -0.0, -0.0, -0.0, -2.220446049250313e-16, -0.0, -2.220446049250313e-16, -0.0, -0.0, -4.440892098500627e-16, -0.0, -2.220446049250313e-16, -2.220446049250313e-16, 3.330669073875469e-16, -0.0, -0.0, -2.220446049250313e-16, -2.220446049250313e-16, -0.0, -2.220446049250313e-16, -2.220446049250313e-16, 1.1102230246251565e-16, -2.220446049250313e-16, -2.220446049250313e-16, -0.0, 1.1102230246251565e-16, -4.440892098500627e-16, -2.220446049250313e-16, -0.0, -0.0, -2.220446049250313e-16, -2.220446049250313e-16, -4.440892098500627e-16, -0.0, -2.220446049250313e-16, -0.0, 3.330669073875469e-16, -2.220446049250313e-16, -0.0, -0.0, -2.220446049250313e-16, -4.440892098500627e-16, -2.220446049250313e-16, -2.220446049250313e-16, -2.220446049250313e-16, -0.0, -2.220446049250313e-16, -2.220446049250313e-16, -4.440892098500627e-16, -2.220446049250313e-16, -2.220446049250313e-16, -2.220446049250313e-16, -2.220446049250313e-16, -0.0, -2.220446049250313e-16, 2.2204460492503128e-16, -2.220446049250313e-16, -2.220446049250313e-16, -4.440892098500627e-16, -2.220446049250313e-16, -0.0, -0.0, -2.220446049250313e-16, -4.440892098500627e-16, -2.220446049250313e-16, -4.440892098500627e-16, 1.1102230246251565e-16, 2.2204460492503128e-16]",-1.25E-16,1.72E-16,9.66E-17,0.967492204,0,FALSE,100
tc_635--8/8_16499.txt#0_0,1,2,-2.22E-16,"[-4.440892098500627e-16, -0.0, -0.0, -0.0, -6.661338147750941e-16, -2.220446049250313e-16, -4.440892098500627e-16, -4.440892098500627e-16, -2.220446049250313e-16, -2.220446049250313e-16, -0.0, 1.1102230246251565e-16, 2.2204460492503128e-16, -2.220446049250313e-16, -8.881784197001256e-16, -2.220446049250313e-16, -2.220446049250313e-16, -4.440892098500627e-16, -6.661338147750941e-16, -2.220446049250313e-16, -0.0, -0.0, -6.661338147750941e-16, -0.0, 2.2204460492503128e-16, -0.0, -0.0, 2.2204460492503128e-16, 1.1102230246251565e-16, -4.440892098500627e-16, -0.0, -0.0, -2.220446049250313e-16, -2.220446049250313e-16, 2.2204460492503128e-16, 2.2204460492503128e-16, -2.220446049250313e-16, -2.220446049250313e-16, 4.4408920985006257e-16, -0.0, -2.220446049250313e-16, -0.0, -2.220446049250313e-16, 1.1102230246251565e-16, -0.0, -6.661338147750941e-16, -0.0, -0.0, -4.440892098500627e-16, -2.220446049250313e-16, -2.220446049250313e-16, -2.220446049250313e-16, -4.440892098500627e-16, 3.330669073875469e-16, -2.220446049250313e-16, -2.220446049250313e-16, -4.440892098500627e-16, -6.661338147750941e-16, -2.220446049250313e-16, -4.440892098500627e-16, -2.220446049250313e-16, -2.220446049250313e-16, -4.440892098500627e-16, -4.440892098500627e-16, -0.0, 2.2204460492503128e-16, -4.440892098500627e-16, 2.2204460492503128e-16, -2.220446049250313e-16, -4.440892098500627e-16, -2.220446049250313e-16, -0.0, -2.220446049250313e-16, -2.220446049250313e-16, -0.0, 3.330669073875469e-16, -0.0, -2.220446049250313e-16, -2.220446049250313e-16, -4.440892098500627e-16, -2.220446049250313e-16, -2.220446049250313e-16, 2.2204460492503128e-16, -4.440892098500627e-16, -0.0, -6.661338147750941e-16, -0.0, -2.220446049250313e-16, -2.220446049250313e-16, -2.220446049250313e-16, -2.220446049250313e-16, -4.440892098500627e-16, -4.440892098500627e-16, 1.1102230246251565e-16, -0.0, -2.220446049250313e-16, 2.2204460492503128e-16, -2.220446049250313e-16, 1.1102230246251565e-16, -0.0]",-1.65E-16,2.59E-16,5.66E-17,1.039464866,0,FALSE,100
tc_635--8/8_16499.txt#0_0,2,0.5,-2.22E-16,"[-2.220446049250313e-16, -0.0, -4.440892098500627e-16, -0.0, -2.220446049250313e-16, -2.220446049250313e-16, 2.2204460492503128e-16, -2.220446049250313e-16, -0.0, -2.220446049250313e-16, -0.0, -2.220446049250313e-16, -2.220446049250313e-16, -2.220446049250313e-16, -6.661338147750941e-16, -4.440892098500627e-16, -0.0, 1.1102230246251565e-16, 3.330669073875469e-16, -2.220446049250313e-16, 3.330669073875469e-16, 2.2204460492503128e-16, 2.2204460492503128e-16, -0.0, -6.661338147750941e-16, -0.0, -4.440892098500627e-16, 3.330669073875469e-16, -0.0, 2.2204460492503128e-16, 1.1102230246251565e-16, -4.440892098500627e-16, -6.661338147750941e-16, 2.2204460492503128e-16, -0.0, -2.220446049250313e-16, 1.1102230246251565e-16, -2.220446049250313e-16, -4.440892098500627e-16, -6.661338147750941e-16, -2.220446049250313e-16, -0.0, 3.330669073875469e-16, -2.220446049250313e-16, -2.220446049250313e-16, -0.0, -2.220446049250313e-16, -6.661338147750941e-16, -4.440892098500627e-16, 1.1102230246251565e-16, 3.330669073875469e-16, -4.440892098500627e-16, -4.440892098500627e-16, -0.0, -0.0, -4.440892098500627e-16, -4.440892098500627e-16, -2.220446049250313e-16, -0.0, -4.440892098500627e-16, -4.440892098500627e-16, -0.0, -0.0, -2.220446049250313e-16, -4.440892098500627e-16, 2.2204460492503128e-16, -6.661338147750941e-16, -0.0, -2.220446049250313e-16, -0.0, -2.220446049250313e-16, 1.1102230246251565e-16, 2.2204460492503128e-16, -0.0, -0.0, -2.220446049250313e-16, 3.330669073875469e-16, 2.2204460492503128e-16, 2.2204460492503128e-16, -0.0, -4.440892098500627e-16, -6.661338147750941e-16, -0.0, -0.0, 3.330669073875469e-16, 1.1102230246251565e-16, -6.661338147750941e-16, -0.0, 2.2204460492503128e-16, 2.2204460492503128e-16, -2.220446049250313e-16, 2.2204460492503128e-16, -2.220446049250313e-16, -4.440892098500627e-16, -2.220446049250313e-16, -4.440892098500627e-16, -4.440892098500627e-16, 2.2204460492503128e-16, -0.0, -2.220446049250313e-16]",-1.23E-16,2.84E-16,9.88E-17,1.991027256,0,FALSE,100
tc_635--8/8_16499.txt#0_0,2,1,-2.22E-16,"[4.4408920985006257e-16, -0.0, -4.440892098500627e-16, -0.0, -0.0, -4.440892098500627e-16, -2.220446049250313e-16, -4.440892098500627e-16, -2.220446049250313e-16, -2.220446049250313e-16, -2.220446049250313e-16, -2.220446049250313e-16, -4.440892098500627e-16, -0.0, -0.0, 4.4408920985006257e-16, -4.440892098500627e-16, -0.0, -6.661338147750941e-16, -4.440892098500627e-16, 2.2204460492503128e-16, -2.220446049250313e-16, 1.1102230246251565e-16, -2.220446049250313e-16, 1.1102230246251565e-16, -4.440892098500627e-16, 1.1102230246251565e-16, -4.440892098500627e-16, -0.0, -4.440892098500627e-16, -4.440892098500627e-16, -2.220446049250313e-16, -4.440892098500627e-16, 1.1102230246251565e-16, 2.2204460492503128e-16, -2.220446049250313e-16, -2.220446049250313e-16, -2.220446049250313e-16, -2.220446049250313e-16, -2.220446049250313e-16, -2.220446049250313e-16, 1.1102230246251565e-16, -2.220446049250313e-16, -2.220446049250313e-16, -4.440892098500627e-16, -2.220446049250313e-16, -6.661338147750941e-16, -0.0, -2.220446049250313e-16, -2.220446049250313e-16, -4.440892098500627e-16, -0.0, -0.0, -4.440892098500627e-16, 1.1102230246251565e-16, -4.440892098500627e-16, -2.220446049250313e-16, 2.2204460492503128e-16, 3.330669073875469e-16, 1.1102230246251565e-16, 2.2204460492503128e-16, 1.1102230246251565e-16, -4.440892098500627e-16, 1.1102230246251565e-16, -4.440892098500627e-16, 1.1102230246251565e-16, -4.440892098500627e-16, -4.440892098500627e-16, 4.4408920985006257e-16, -4.440892098500627e-16, 3.330669073875469e-16, -2.220446049250313e-16, -4.440892098500627e-16, -0.0, -0.0, -4.440892098500627e-16, 2.2204460492503128e-16, -6.661338147750941e-16, -0.0, -2.220446049250313e-16, 2.2204460492503128e-16, -0.0, 2.2204460492503128e-16, -2.220446049250313e-16, -4.440892098500627e-16, -0.0, 1.1102230246251565e-16, -4.440892098500627e-16, -2.220446049250313e-16, 1.1102230246251565e-16, -2.220446049250313e-16, 1.1102230246251565e-16, -0.0, 1.1102230246251565e-16, 1.1102230246251565e-16, -2.220446049250313e-16, -0.0, -6.661338147750941e-16, 4.4408920985006257e-16, 5.551115123125782e-16]",-1.29E-16,2.82E-16,9.33E-17,1.990528099,0,FALSE,100
tc_635--8/8_16499.txt#0_0,2,2,-2.22E-16,"[-4.440892098500627e-16, 4.4408920985006257e-16, -4.440892098500627e-16, -2.220446049250313e-16, 1.1102230246251565e-16, 2.2204460492503128e-16, -2.220446049250313e-16, -6.661338147750941e-16, -4.440892098500627e-16, -2.220446049250313e-16, -4.440892098500627e-16, 3.330669073875469e-16, -2.220446049250313e-16, 2.2204460492503128e-16, -4.440892098500627e-16, -2.220446049250313e-16, -4.440892098500627e-16, 2.2204460492503128e-16, -4.440892098500627e-16, -2.220446049250313e-16, 4.4408920985006257e-16, -2.220446049250313e-16, -4.440892098500627e-16, -2.220446049250313e-16, -4.440892098500627e-16, -6.661338147750941e-16, -0.0, -6.661338147750941e-16, -0.0, -4.440892098500627e-16, -2.220446049250313e-16, -6.661338147750941e-16, 5.551115123125782e-16, -2.220446049250313e-16, 3.330669073875469e-16, -0.0, -0.0, 3.330669073875469e-16, -4.440892098500627e-16, -6.661338147750941e-16, -0.0, -2.220446049250313e-16, -4.440892098500627e-16, -4.440892098500627e-16, 1.1102230246251565e-16, 2.2204460492503128e-16, -0.0, -2.220446049250313e-16, -0.0, -2.220446049250313e-16, -2.220446049250313e-16, -0.0, -2.220446049250313e-16, -2.220446049250313e-16, -0.0, -2.220446049250313e-16, 2.2204460492503128e-16, -2.220446049250313e-16, 1.1102230246251565e-16, -2.220446049250313e-16, -6.661338147750941e-16, -4.440892098500627e-16, 2.2204460492503128e-16, 1.1102230246251565e-16, 1.1102230246251565e-16, -0.0, -2.220446049250313e-16, 1.1102230246251565e-16, -4.440892098500627e-16, -0.0, -2.220446049250313e-16, -2.220446049250313e-16, -2.220446049250313e-16, -0.0, -0.0, -4.440892098500627e-16, -0.0, -6.661338147750941e-16, -2.220446049250313e-16, -4.440892098500627e-16, -4.440892098500627e-16, -0.0, 1.1102230246251565e-16, -4.440892098500627e-16, -0.0, -2.220446049250313e-16, -0.0, -2.220446049250313e-16, -0.0, 2.2204460492503128e-16, -2.220446049250313e-16, 1.1102230246251565e-16, -0.0, -4.440892098500627e-16, -2.220446049250313e-16, 3.330669073875469e-16, -4.440892098500627e-16, 1.1102230246251565e-16, -2.220446049250313e-16, -4.440892098500627e-16]",-1.55E-16,2.84E-16,6.66E-17,1.954648788,0,FALSE,100
